id,psnr_before,psnr_after,gain,ssim_before,ssim_after
1,31.24896198338446,34.359925561766325,3.110963578381863,0.9412643313407898,0.9840950965881348
2,31.28225511561928,38.54478898441566,7.262533868796382,0.8758385181427002,0.9797988533973694
3,32.176108440391495,32.19292820933264,0.016819768941147117,0.9383561015129089,0.9394353032112122
5,25.226751394735597,27.42412624742116,2.197374852685563,0.6660819053649902,0.9604436755180359
6,25.211558592342087,37.27128375586552,12.059725163523431,0.4140172004699707,0.9491217136383057
11,31.75345319482306,32.81681906562208,1.063365870799018,0.8572726249694824,0.9168822169303894
13,30.604782830981176,38.729294848151014,8.124512017169838,0.7758428454399109,0.9740466475486755
16,13.326754418413167,20.114004472759753,6.787250054346586,0.33809366822242737,0.75520259141922
18,23.69540307511398,23.69694059287854,0.0015375177645609028,0.7928321361541748,0.7938830852508545
19,29.136580393258456,29.13659365507864,1.3261820186016848e-05,0.8808012008666992,0.8808009028434753
20,30.143977438335025,30.143631211465205,-0.0003462268698193327,0.9933945536613464,0.9933939576148987
22,20.575038991561783,21.90229339924928,1.327254407687498,0.7497560381889343,0.9341568946838379
23,32.34877470756968,37.920064018027695,5.571289310458013,0.9456079602241516,0.9859173893928528
24,23.548665696195215,28.489211217085064,4.940545520889849,0.664560079574585,0.877382755279541
25,24.878078505676502,35.56721498961124,10.689136483934735,0.4983159601688385,0.945610523223877
26,21.905099137159887,22.699767662228535,0.7946685250686478,0.6615691781044006,0.775973379611969
27,35.240025346450274,35.240093355432286,6.800898201220207e-05,0.9596567153930664,0.9596568942070007
28,29.33835145347706,29.338386184799766,3.473132270670476e-05,0.9356738924980164,0.9356725215911865
31,26.76300196877003,26.784593127939957,0.021591159169926044,0.848590075969696,0.8495826125144958
32,28.92475586319388,33.80938821447458,4.8846323512807,0.8648049235343933,0.9655253291130066
34,24.709143791417638,24.709568757388425,0.00042496597078667264,0.9748290181159973,0.9743404388427734
36,25.504526720412336,25.513117484621173,0.008590764208836532,0.8112242221832275,0.8126595616340637
43,35.54715665706773,35.5475057638685,0.0003491068007690501,0.9766257405281067,0.9766251444816589
44,26.049702123366,36.445029967505036,10.395327844139036,0.5594542622566223,0.9606260657310486
45,28.043997543664293,38.76020622771836,10.71620868405407,0.5962376594543457,0.9753550887107849
46,32.358493649954724,33.10311292517603,0.7446192752213037,0.8661182522773743,0.9135163426399231
48,29.151036164420425,38.85064936489445,9.699613200474026,0.69819575548172,0.9685585498809814
49,28.792458444002357,34.448822470322526,5.656364026320169,0.8697007298469543,0.9684102535247803
50,27.112855565820905,27.11311251651965,0.0002569506987448733,0.9935657382011414,0.9935665130615234
51,25.709580757412375,36.349419372949626,10.63983861553725,0.48708733916282654,0.947313129901886
52,25.163482989376003,33.91034192247564,8.746858933099634,0.6693305373191833,0.9416158199310303
53,27.72400181462892,27.72551504668533,0.0015132320564106294,0.9470736384391785,0.9471683502197266
54,21.711750705956803,22.097419141630844,0.38566843567404163,0.8558122515678406,0.9298844933509827
56,25.070842335672236,30.11916927309106,5.048326937418825,0.7175390720367432,0.9172350764274597
58,25.4403074851831,25.44012524115105,-0.00018224403205024942,0.9393908381462097,0.9393946528434753
59,26.582365072937897,37.61588833462732,11.033523261689425,0.5593761801719666,0.9606718420982361
60,27.544311722376975,27.672874988361606,0.12856326598463141,0.8426497578620911,0.8532508015632629
61,30.768797218835132,39.433351655403136,8.664554436568004,0.6787320971488953,0.969937264919281
63,25.852985074702886,31.770184977953576,5.91719990325069,0.8946115970611572,0.9776926040649414
64,23.36671793513588,28.04113013474734,4.67441219961146,0.5115290880203247,0.7986652851104736
66,20.593442790287178,20.595318825754912,0.001876035467734738,0.8064778447151184,0.8086538910865784
67,33.84807883903074,33.8481278919414,4.905291066137352e-05,0.9509217143058777,0.9509210586547852
68,29.47126617036314,31.089649489476734,1.618383319113594,0.8304879665374756,0.9201396107673645
71,23.92193470098612,23.921864850013304,-6.985097281742014e-05,0.7138456702232361,0.713834285736084
73,22.07547860326342,23.744974328090272,1.6694957248268523,0.6794437766075134,0.9331097602844238
75,30.58826575252674,30.595695347936033,0.007429595409291778,0.9150863289833069,0.9160046577453613
76,29.923367302474926,36.01453843192799,6.091171129453063,0.6792457699775696,0.8811390995979309
77,25.451019518980257,25.456550450058884,0.005530931078627788,0.8694987297058105,0.8701432347297668
79,23.194721185771247,27.228583115291173,4.033861929519926,0.7309181690216064,0.9029096961021423
80,34.00332073159732,34.00336712131308,4.638971576298445e-05,0.9633162021636963,0.9633150100708008
81,36.094025762573025,36.09319334303254,-0.0008324195404867396,0.9970362782478333,0.9970290660858154
82,23.944307298759647,23.94419496052961,-0.0001123382300356468,0.8342391848564148,0.8342302441596985
83,32.32455848309445,40.83161312976603,8.507054646671584,0.7652553915977478,0.9814589619636536
87,28.927565475867056,28.927831290788863,0.000265814921807106,0.9920098185539246,0.9920102953910828
88,25.653803190274203,37.11034621950918,11.456543029234979,0.5269632339477539,0.9514738917350769
89,28.24626080724763,37.27785621784139,9.03159541059376,0.699604332447052,0.960928738117218
90,26.895307912288928,30.844301339936248,3.94899342764732,0.6303479075431824,0.9593867659568787
91,14.417081872993798,26.361259588385554,11.944177715391756,0.17119483649730682,0.8072123527526855
92,48.57270384888235,48.56982944227627,-0.002874406606075297,0.9998523592948914,0.9998524785041809
93,25.987528707015827,25.98319855670301,-0.004330150312817693,0.8384318351745605,0.8382325768470764
95,30.54938872126954,30.54976943039694,0.00038070912739840423,0.9930684566497803,0.993068516254425
96,25.82103029913779,25.83746375427198,0.016433455134190922,0.8164365291595459,0.8171926140785217
97,31.810041529251865,32.38692269230046,0.5768811630485935,0.8886452317237854,0.9260285496711731
98,24.810139798912548,29.580738847171247,4.770599048258699,0.780082643032074,0.9402072429656982
99,27.958848314024863,27.956054558981624,-0.002793755043239088,0.8135571479797363,0.8132736682891846
100,28.20773687731205,28.2074952793538,-0.00024159795825084984,0.9927754998207092,0.9927752614021301
103,24.356046108942387,24.356223935928078,0.0001778269856913539,0.9747397303581238,0.9747406840324402
104,25.16359920020623,35.24053227131011,10.076933071103877,0.5806492567062378,0.9567291736602783
105,21.44053141023995,23.676035166580554,2.2355037563406057,0.7019991278648376,0.9316667914390564
108,29.20930777051244,36.85218265835859,7.642874887846155,0.7788851261138916,0.9632515907287598
109,19.571929909630278,19.57126732290797,-0.0006625867223064574,0.9416279792785645,0.9414574503898621
110,33.46186880587078,41.459731881957076,7.997863076086297,0.8247373700141907,0.9847757816314697
112,27.865007678568496,30.4621183547902,2.5971106762217033,0.6706880927085876,0.9322211146354675
115,23.392875981614324,23.398280632905717,0.005404651291392781,0.8160342574119568,0.8186020255088806
116,25.349028464142535,31.544079385700364,6.195050921557829,0.7167748808860779,0.9505649209022522
119,30.565641700324754,30.565695836701376,5.4136376622437865e-05,0.9238587021827698,0.9238589406013489
121,30.71268762633389,30.71271264785792,2.50215240313878e-05,0.9016897082328796,0.9016897082328796
122,30.63075253642221,30.630369338413132,-0.00038319800907871127,0.9966292977333069,0.9966290593147278
124,25.13053446711826,30.631585107509807,5.501050640391547,0.4794304370880127,0.8322092890739441
125,25.661199832597106,26.6744358712403,1.0132360386431927,0.7746341824531555,0.9760861992835999
128,32.82674764665866,39.50892130714297,6.68217366048431,0.8674604892730713,0.9791666865348816
129,29.765722739504174,37.32709003870139,7.561367299197219,0.664242148399353,0.97251296043396
130,35.11787912131947,35.11731444855728,-0.0005646727621879677,0.9986019730567932,0.9986004829406738
133,25.139932569381337,35.93200724110701,10.792074671725672,0.5557318329811096,0.9427342414855957
134,29.277320264030333,29.285071600043896,0.007751336013562593,0.9053054451942444,0.9070477485656738
136,33.0358959657033,33.36221499626791,0.326319030564612,0.8509930968284607,0.8783504366874695
137,24.674874642534736,33.706135309961965,9.03126066742723,0.6142507195472717,0.9452104568481445
138,25.372865323870425,34.637205639966,9.264340316095574,0.6522300243377686,0.9485828876495361
139,31.241859623701735,41.131796375715666,9.88993675201393,0.7181010842323303,0.9833717942237854
140,17.536749756980537,17.5527018017428,0.015952044762261863,0.6926405429840088,0.7010995745658875
141,32.65322765007051,32.94189613594056,0.2886684858700477,0.8945738673210144,0.9186139106750488
142,23.117457764172894,32.21897057205113,9.101512807878233,0.5980433821678162,0.9258666038513184
143,24.99341158597006,32.17401486880432,7.180603282834262,0.5986356139183044,0.9072544574737549
146,25.0982065542104,35.57294306211146,10.474736507901063,0.5393845438957214,0.9508941173553467
147,31.254399221398632,31.25383909703645,-0.0005601243621811136,0.9964888691902161,0.9963417053222656
153,30.76712133293576,39.867357904450095,9.100236571514337,0.7414631843566895,0.9814909100532532
154,25.28448167924191,25.284683796980545,0.0002021177386346551,0.9611007571220398,0.9611025452613831
155,24.62810519414581,24.63448274070845,0.006377546562639225,0.9313185811042786,0.9319499135017395
156,29.025996132104623,34.115829247732265,5.089833115627641,0.9385383725166321,0.9833759665489197
157,21.896651675363685,22.648728535930832,0.7520768605671471,0.6904966235160828,0.7518391609191895
159,37.36800613629674,37.3681240426161,0.00011790631936037244,0.9714641571044922,0.9714635014533997
160,26.356549693252216,31.182151933837257,4.825602240585042,0.6055166125297546,0.8724277019500732
161,20.938956617843658,20.93917302329347,0.00021640544981238463,0.7896329760551453,0.7895451188087463
165,26.028890214507115,35.9409728918875,9.912082677380383,0.5977317690849304,0.9546332359313965
167,32.500403433912965,32.50044389609826,4.046218529651924e-05,0.9591271877288818,0.9591267704963684
170,30.412571155169932,30.806891395288346,0.3943202401184145,0.9063580632209778,0.933294951915741
171,30.360948775691654,32.96103439518013,2.6000856194884747,0.8126025199890137,0.9129929542541504
172,26.732455477323775,26.737819978191858,0.005364500868083155,0.8962368965148926,0.8980621695518494
174,26.252952385494734,31.2360714337086,4.983119048213865,0.8464359641075134,0.9685493111610413
176,28.244052697450147,33.852289902509504,5.608237205059357,0.8381213545799255,0.9601724743843079
178,29.795614127317684,29.8817136748205,0.08609954750281545,0.9322920441627502,0.9503121972084045
180,29.655303982533752,36.57270281265169,6.917398830117939,0.8425974249839783,0.9744534492492676
181,30.07496771219354,30.205780718700474,0.1308130065069335,0.9211502075195312,0.9271348118782043
184,29.162460670960634,29.16274959800997,0.0002889270493362517,0.9731828570365906,0.9731881022453308
185,22.50845122413764,22.508596439269994,0.0001452151323526607,0.9347529411315918,0.9347549080848694
187,31.75842397451314,31.77920107706775,0.02077710255461085,0.8927586674690247,0.8943066596984863
188,22.358335789551038,23.47683246670072,1.1184966771496825,0.7384516596794128,0.9285133481025696
189,26.040129924478176,34.34192668487802,8.301796760399842,0.4468247592449188,0.8968544006347656
190,19.315686346114305,20.062110590307395,0.74642424419309,0.7717020511627197,0.8161686062812805
192,24.912926501201895,33.30079619387028,8.387869692668389,0.4454810619354248,0.9538500905036926
193,30.481448772923518,32.645445204351596,2.163996431428078,0.7891815304756165,0.9781195521354675
194,31.07997772499337,32.03754143169766,0.9575637067042919,0.8730135560035706,0.9207124710083008
196,23.67743755734887,23.67760734620857,0.00016978885970075908,0.942335307598114,0.9423379898071289
197,19.942012056438585,19.943663461972434,0.0016514055338490152,0.7497031092643738,0.7506930232048035
198,20.876018202434867,22.829175998810882,1.953157796376015,0.480057030916214,0.9320311546325684
201,26.008434077963575,36.081148588879664,10.07271451091609,0.566129207611084,0.9533570408821106
202,29.632872746056428,29.638526457934496,0.005653711878068179,0.8959169983863831,0.8965897560119629
203,27.976233047553126,27.988433656013108,0.012200608459981055,0.9011144638061523,0.9012391567230225
204,28.42455704717561,28.424522222778023,-3.4824397587840394e-05,0.9120765328407288,0.9120736718177795
205,44.277363754959175,44.21820164779948,-0.05916210715969328,0.9987425208091736,0.9985464215278625
210,28.341930972540826,28.342371385659085,0.00044041311825893104,0.9874348044395447,0.9874245524406433
211,27.595753118068636,27.89487290450743,0.2991197864387942,0.8871930241584778,0.9021492004394531
212,24.337785016143904,24.350282393603845,0.012497377459940395,0.820811927318573,0.8244109749794006
213,27.101553605499298,37.54847599997604,10.446922394476744,0.5675835013389587,0.9641165733337402
215,22.921877895401185,33.80956719159983,10.887689296198648,0.42730680108070374,0.9185170531272888
216,29.444053665418064,29.446071464863756,0.0020177994456922477,0.9101154208183289,0.9104857444763184
217,25.34701669320443,30.051272353708033,4.704255660503602,0.7758753895759583,0.9118256568908691
219,31.023948175975136,41.163224120513995,10.13927594453886,0.7064552903175354,0.9742884635925293
220,29.963309173184072,37.95382746062502,7.990518287440949,0.7942128777503967,0.9736061096191406
223,38.74660214445483,38.74113373302472,-0.005468411430115339,0.9966530799865723,0.9966392517089844
226,43.66301483160355,43.66467211932193,0.0016572877183804735,0.9997172355651855,0.9997188448905945
227,32.49175453311715,32.8392028934603,0.34744836034315085,0.9227003455162048,0.9459331035614014
230,28.06103384157504,28.06072877524474,-0.00030506633029858676,0.9935354590415955,0.9935370087623596
231,25.531331182916585,25.732066750272004,0.20073556735541942,0.8131144642829895,0.8791338801383972
235,27.886479849558057,27.89154248462279,0.005062635064732035,0.8661357760429382,0.8662036061286926
236,31.47933969042793,31.479371319759643,3.162933171196869e-05,0.9211397171020508,0.9211394190788269
240,29.124208609645077,29.12422307350086,1.4463855784185853e-05,0.9635834693908691,0.9635841250419617
243,23.435358738393898,24.860240450231895,1.4248817118379975,0.7313134074211121,0.9597055315971375
246,25.247156032704275,27.774070293773562,2.5269142610692867,0.9393549561500549,0.9685105681419373
247,27.898487275624685,27.983482180704016,0.08499490507933061,0.8234116435050964,0.8301207423210144
248,24.64751925309575,26.599579250981257,1.952059997885506,0.5532583594322205,0.746272087097168
252,32.318686499953586,32.31870417733162,1.7677378032487923e-05,0.9427444934844971,0.9427441954612732
253,20.402205516175993,20.819951778377508,0.4177462622015149,0.8760604858398438,0.921522855758667
254,20.998941754194508,21.114298597719056,0.11535684352454822,0.8840641975402832,0.909492015838623
257,35.245175920966936,35.245242318971435,6.639800449903532e-05,0.9675400257110596,0.9675372242927551
258,28.051111901391373,28.05048091374516,-0.0006309876462111674,0.9957674145698547,0.9957557320594788
259,23.651639018843767,24.869360377260197,1.21772135841643,0.7518996596336365,0.9019479751586914
260,40.811168811041476,40.81230779993538,0.0011389888939064008,0.9997019171714783,0.9997002482414246
261,37.431047509977326,37.43188429178967,0.0008367818123460324,0.9985694885253906,0.9985694289207458
262,24.803347022725273,27.149878276894963,2.3465312541696903,0.6353933215141296,0.8372777104377747
263,33.811633103244716,33.81169694726991,6.38440251918837e-05,0.9709089398384094,0.970909059047699
265,19.78404040693072,21.623866211996653,1.8398258050659315,0.6605958938598633,0.8050342202186584
266,35.860290114623474,35.860945532872414,0.0006554182489395544,0.9914318919181824,0.991443932056427
267,13.394225453568577,21.28066491044338,7.886439456874804,0.2882824242115021,0.7992352843284607
268,26.688246428801147,37.09988106979418,10.411634640993032,0.5395798087120056,0.9398841261863708
270,23.33111754434984,28.935623377088046,5.604505832738205,0.42063698172569275,0.8342911601066589
271,26.829105205177115,37.81869948989421,10.989594284717093,0.5660840272903442,0.9598367810249329
272,25.210885185434083,25.245206455464583,0.03432127003049956,0.8441087603569031,0.8463309407234192
273,25.211425312597417,25.21122221153235,-0.00020310106506826742,0.9776709675788879,0.9776701927185059
274,29.563619440958448,36.2764346522726,6.712815211314151,0.7596057057380676,0.9472174048423767
275,30.48155440266568,30.48190520222142,0.0003507995557399113,0.9849302768707275,0.9849357008934021
278,31.995526506025854,32.897232959121176,0.901706453095322,0.8866212964057922,0.9251582622528076
281,25.033269336624763,35.42150382283757,10.38823448621281,0.5432813167572021,0.9471408724784851
283,25.101612068081774,27.398513909298345,2.2969018412165703,0.8349425196647644,0.9512391686439514
284,25.658309170829632,33.604261706186946,7.945952535357314,0.7145378589630127,0.958827018737793
288,29.713341328842546,32.24194437703508,2.5286030481925366,0.811512291431427,0.9175434708595276
291,25.538087635214687,31.79722270779584,6.259135072581152,0.5644120573997498,0.8903352618217468
293,27.072079727658355,34.679999011002664,7.607919283344309,0.790701150894165,0.9627566933631897
295,32.94704325131613,34.01207969227626,1.065036440960128,0.9313788414001465,0.9582042694091797
296,26.349280201512535,34.47339346397449,8.124113262461954,0.7641782760620117,0.9617392420768738
297,28.3006533681977,34.172274466784586,5.8716210985868855,0.8739230036735535,0.9663073420524597
298,32.40734954178933,32.40742567064863,7.612885929830782e-05,0.9899141192436218,0.9899116158485413
300,27.472160877415867,39.49044089847629,12.01828002106042,0.5061756372451782,0.9701818823814392
301,27.427854318486943,27.428093406583947,0.00023908809700401434,0.9803001880645752,0.9803004264831543
302,25.877755658304594,25.934429513785112,0.0566738554805184,0.8415091633796692,0.8469843864440918
303,29.263637239971885,29.275562916904185,0.011925676932300178,0.9351732730865479,0.9353682398796082
306,28.514776755345235,28.514955973349338,0.0001792180041029212,0.9577252268791199,0.9577258229255676
307,32.78972887806863,38.89012445969358,6.1003955816249515,0.9098562598228455,0.9832445979118347
309,24.903981820782896,36.22082351641839,11.316841695635496,0.4679020643234253,0.9533601403236389
311,36.24433648255936,40.59402703684552,4.3496905542861555,0.8670952916145325,0.9801826477050781
312,27.089170198203668,35.25490028844687,8.165730090243201,0.7831985354423523,0.963254988193512
314,30.505879689628426,41.06392631010668,10.558046620478255,0.6713239550590515,0.97416752576828
315,30.366200926042715,32.10069229756597,1.734491371523255,0.7767968773841858,0.9722047448158264
318,32.85253100335269,32.852566106965085,3.510361239733584e-05,0.9574449062347412,0.9574444890022278
319,25.198467376436056,35.09001986231589,9.891552485879835,0.35330531001091003,0.9238556027412415
321,20.626608485416273,20.626652873982223,4.438856595001539e-05,0.9439327716827393,0.9439716935157776
323,26.614978069150155,38.686707783938516,12.071729714788361,0.4821205139160156,0.9619150161743164
324,26.279346840030957,26.29109845178455,0.011751611753592073,0.8083842396736145,0.8120573163032532
325,29.539045455547562,35.937570410434475,6.398524954886913,0.789752185344696,0.9460933804512024
327,26.89545731884482,26.962938408064055,0.06748108921923546,0.8824818134307861,0.8833298683166504
329,21.88698034814282,26.687325331986194,4.800344983843374,0.41297975182533264,0.8004873394966125
330,29.953813806183742,34.5914574082247,4.637643602040956,0.7230460047721863,0.9487183690071106
332,29.18513285291261,34.55207133616818,5.3669384832555735,0.8488755822181702,0.9634208083152771
333,25.508409801083538,37.59594495105748,12.087535149973945,0.4504070580005646,0.9523712992668152
335,28.360323737954396,32.675780294025564,4.315456556071169,0.6730033755302429,0.9200727939605713
338,35.56930380346171,36.99889890148778,1.4295950980260699,0.9107138514518738,0.964608371257782
341,31.382510603473545,39.76722668895463,8.384716085481084,0.7968661189079285,0.9781129956245422
342,22.59439719917311,22.59840808060328,0.004010881430172475,0.7827690243721008,0.7845582962036133
344,32.895372835833186,38.7468393988521,5.851466563018917,0.8713805675506592,0.9754438996315002
347,24.81418809514372,31.511394319231073,6.697206224087353,0.6142265200614929,0.8867703080177307
350,22.623383133456585,22.706351484901784,0.08296835144519932,0.824877917766571,0.8627503514289856
351,28.52563763855344,28.532476336688305,0.006838698134863819,0.7592241168022156,0.7595329284667969
354,27.114795815530016,35.47313687213265,8.358341056602633,0.7361182570457458,0.9620644450187683
356,26.229076163989102,26.229095260126684,1.9096137581442463e-05,0.9786909222602844,0.9786913990974426
358,25.495699504425595,31.26786290871518,5.772163404289586,0.449386328458786,0.9300212860107422
359,27.283985097667724,33.83150099140107,6.5475158937333475,0.8092229962348938,0.9592640995979309
361,32.49258512533888,32.552506083506984,0.05992095816810661,0.9068236947059631,0.9124314785003662
362,21.81869990817151,23.133618802278097,1.3149188941065866,0.5211488604545593,0.9182116389274597
363,22.986272066709468,23.19778988736722,0.21151782065775393,0.8297472596168518,0.8871237635612488
364,31.068036465372735,41.759023643989735,10.690987178617,0.6785654425621033,0.9810810089111328
365,24.58568074604779,31.442955450669807,6.857274704622018,0.7582178115844727,0.9488145709037781
366,26.347676343549548,29.983501565023847,3.635825221474299,0.8311371207237244,0.9638185501098633
367,30.64883014795968,30.648851575454806,2.1427495127568363e-05,0.9551553130149841,0.9551553726196289
368,25.784831291472653,27.879836889534495,2.0950055980618423,0.6988421082496643,0.9613540172576904
372,33.29716919838973,40.704765513422565,7.4075963150328334,0.8426424860954285,0.9825380444526672
373,28.386183701322896,28.386197996758582,1.4295435686761948e-05,0.9114478230476379,0.9114478230476379
374,28.703797187508812,29.13050286912616,0.42670568161734934,0.9096062779426575,0.9335899949073792
375,27.02769904621087,27.03119057364946,0.0034915274385909356,0.9037163257598877,0.9043986201286316
376,25.86123365581914,25.861459021054127,0.00022536523498573047,0.9789999127388,0.9790003895759583
377,26.066951006631825,26.066871289773207,-7.9716858618184e-05,0.9691707491874695,0.969163179397583
378,26.76857396658139,37.96814192712257,11.199567960541184,0.5852242112159729,0.9577863812446594
380,30.705203430555926,35.681174482394454,4.975971051838528,0.8538618087768555,0.947986364364624
382,26.18088752325996,32.52528225778881,6.344394734528851,0.6932329535484314,0.9076183438301086
385,22.82520640331648,24.31374201183251,1.488535608516031,0.7744247317314148,0.9284548163414001
387,30.17175777544871,30.180992244695574,0.009234469246862886,0.9116241335868835,0.9129109382629395
389,23.148579426042634,25.440207338486882,2.2916279124442482,0.8897132277488708,0.9575139880180359
390,38.36509945903835,38.365224373622574,0.00012491458422658752,0.9864673614501953,0.9864665865898132
392,25.080516566143878,39.53205543088182,14.451538864737941,0.2717626690864563,0.9196885228157043
395,32.47014818201644,39.414098591891644,6.943950409875207,0.79756098985672,0.9604310393333435
397,33.389812223746056,35.279414739960636,1.8896025162145804,0.9125940203666687,0.9455552101135254
398,27.812495921336566,36.71363690430788,8.901140982971317,0.6741585731506348,0.9596623778343201
399,31.534356920067097,31.533927922374723,-0.0004289976923743666,0.997602641582489,0.9976043105125427
402,29.65071011466428,30.578224944362994,0.9275148296987119,0.9765239357948303,0.9858682751655579
403,29.93477007716184,30.864606602369392,0.929836525207552,0.8315718770027161,0.8943271636962891
404,33.89396974726171,40.30503384022384,6.411064092962135,0.9258430004119873,0.9847254157066345
405,29.368874296352082,41.26326445139207,11.894390155039986,0.5884008407592773,0.9739699959754944
407,24.352720569630357,26.253886099108797,1.9011655294784404,0.728661835193634,0.9514746069908142
408,21.298169367856026,21.298040386756703,-0.00012898109932280022,0.9023007750511169,0.9022992253303528
409,27.449555531164652,27.44932059788674,-0.00023493327791257457,0.9887814521789551,0.9887805581092834
412,28.8493394939978,38.34522488453987,9.495885390542067,0.687359631061554,0.9715623259544373
413,23.933593089124873,24.31141566310729,0.37782257398241725,0.8801034092903137,0.9512750506401062
414,30.036814368473422,39.27398759067111,9.23717322219769,0.7509855628013611,0.9712886214256287
416,27.851477584193987,28.62852345488851,0.777045870694522,0.8688411116600037,0.9128791689872742
417,27.73612125940771,33.608862188217316,5.8727409288096055,0.8465836644172668,0.95871901512146
418,24.839398920822294,26.798546161366392,1.9591472405440982,0.6547985672950745,0.9566311240196228
419,30.339896298617823,30.34026728031627,0.00037098169844540507,0.9908439517021179,0.9908469319343567
420,25.05656078443911,35.65753425637138,10.600973471932267,0.5005965828895569,0.9323136210441589
421,28.260921770833733,37.4394530829288,9.178531312095068,0.6819689869880676,0.9588934779167175
422,26.24979725343817,35.97143382956874,9.721636576130567,0.5949897766113281,0.9464523196220398
426,24.871996425827895,36.772701570940654,11.90070514511276,0.4746589660644531,0.9656351208686829
427,28.731808513989336,28.731824748700753,1.6234711416984737e-05,0.932880699634552,0.9328805804252625
428,26.268261493063726,26.32210308162136,0.05384158855763488,0.8224298357963562,0.8294572830200195
431,25.52505791713269,35.89906907098088,10.37401115384819,0.5084085464477539,0.9419395923614502
432,28.77338761006133,36.435282044558505,7.6618944344971744,0.8015125393867493,0.9662046432495117
434,27.021839714161352,27.021777065701258,-6.264846009429448e-05,0.9911296367645264,0.99098140001297
435,23.36089942819854,23.3610568434139,0.00015741521535872494,0.9730876088142395,0.9730885624885559
439,26.897232285929977,26.91069952392498,0.013467237995001824,0.84585040807724,0.8461770415306091
441,24.918642213909493,30.868949684892012,5.950307470982519,0.815096378326416,0.9417642951011658
442,33.65962208305697,33.65962589933683,3.8162798574603585e-06,0.9935531616210938,0.9935533404350281
443,24.270579645816102,24.27109410026278,0.0005144544466766376,0.9532995223999023,0.9533364772796631
444,24.82448690534492,24.824434699461207,-5.220588371201984e-05,0.9484661221504211,0.9484654068946838
445,25.271383223282914,28.60218551521619,3.3308022919332743,0.7558853030204773,0.9310439229011536
446,25.084626790834392,35.61462033989183,10.529993549057437,0.5247809290885925,0.9505469799041748
447,29.673222186616982,29.673276114976552,5.392835956996578e-05,0.8752994537353516,0.8752999305725098
450,25.865096114497458,36.9091446050557,11.044048490558243,0.506481409072876,0.9452695846557617
452,29.254992092927385,29.37509006749613,0.12009797456874693,0.8934430480003357,0.9007757306098938
453,25.70791349161859,33.90097582285483,8.193062331236241,0.6709811091423035,0.9383090138435364
455,26.0095147517176,36.12906200546071,10.11954725374311,0.5749074220657349,0.939967155456543
457,48.130804127401774,48.12792383677792,-0.0028802906238567516,0.9999642372131348,0.9999614357948303
458,29.102313172415396,38.816251264720385,9.71393809230499,0.6815598607063293,0.9726667404174805
459,24.802855944729206,29.137825523201037,4.334969578471831,0.7606567740440369,0.9146165251731873
460,33.198404394817715,36.42475377923683,3.226349384419116,0.8507416844367981,0.9700425267219543
461,29.255208022646322,37.282841709414,8.027633686767679,0.76433926820755,0.9673429131507874
464,29.31791515958668,29.37998336111349,0.062068201526809474,0.8853466510772705,0.8904383182525635
465,29.470040279501294,30.972100028569265,1.5020597490679712,0.8699876666069031,0.8724713325500488
467,29.470111433475886,39.27937018802964,9.809258754553753,0.46782955527305603,0.9119128584861755
468,25.308465401649748,25.32356686219108,0.01510146054133088,0.7754054069519043,0.7760974764823914
469,40.68380598001219,40.68496680313093,0.0011608231187452134,0.9984638690948486,0.9984644055366516
470,29.804329637928962,34.334091301741964,4.529761663813002,0.8821206092834473,0.9596006870269775
471,24.25679185322688,24.25697212958123,0.00018027635434947342,0.9848864078521729,0.9848837852478027
473,26.291816090361756,38.29344011298191,12.001624022620156,0.44651472568511963,0.9533998370170593
476,35.60904860694002,35.60916679629338,0.00011818935335838887,0.9932811856269836,0.9932796359062195
477,34.7770184435304,34.77705717272054,3.8729190137587466e-05,0.9664648175239563,0.9664640426635742
478,32.892787125617915,39.127955945042956,6.235168819425041,0.8345581889152527,0.9649367332458496
482,28.32508491654987,34.287184627565345,5.962099711015476,0.8668296933174133,0.9697830080986023
484,35.443309507708534,35.44338298906688,7.348135834917002e-05,0.9696021676063538,0.969601571559906
486,22.061694073868114,23.96312427883522,1.901430204967106,0.5885860323905945,0.8554549813270569
487,31.571646479960712,40.84302815600794,9.271381676047227,0.7525802254676819,0.9748044610023499
488,21.055113451909477,22.8351812961488,1.7800678442393227,0.431794673204422,0.8039056658744812
490,25.649746379240543,35.05902343596133,9.409277056720786,0.6479841470718384,0.9472330212593079
492,32.50439032047152,32.504864636517794,0.00047431604627234947,0.9919874668121338,0.9919663071632385
493,30.05042217504829,36.12297670793432,6.072554532886031,0.8701536059379578,0.9707207083702087
497,27.12276515363964,32.58750732331412,5.46474216967448,0.6242027282714844,0.9093682169914246
499,33.024988558682374,38.91534106956709,5.890352510884718,0.9217929244041443,0.9830583930015564
500,28.628189077140952,35.374541490890856,6.746352413749904,0.6717489361763,0.9291471838951111
501,33.657489013919204,33.73872685988202,0.0812378459628178,0.9388696551322937,0.943489134311676
502,25.80655343277021,25.806715527910228,0.0001620951400163051,0.9259860515594482,0.926011860370636
504,25.954755143535344,25.989762269230525,0.03500712569518072,0.8031210899353027,0.8053712844848633
505,27.592023650622004,27.592032072234186,8.421612182729632e-06,0.898941695690155,0.898941695690155
507,25.544719766616232,25.584287668347592,0.03956790173135971,0.7875797748565674,0.7911675572395325
511,35.86083588352483,35.86090800811742,7.212459259164916e-05,0.9782050251960754,0.9782049655914307
513,27.261730595420616,33.10767814176788,5.845947546347261,0.608924925327301,0.9057848453521729
514,37.31520646231753,37.31531000129561,0.00010353897807391377,0.9767146706581116,0.9767146706581116
515,25.040238726586264,34.248999228741724,9.20876050215546,0.26943138241767883,0.8039803504943848
516,30.16355679766847,38.1167504451446,7.953193647476134,0.8268210887908936,0.9763045907020569
518,22.48803940956,26.063900325473316,3.5758609159133172,0.5966715216636658,0.830397367477417
519,27.049889855352674,27.04994368300344,5.382765076689111e-05,0.9539085030555725,0.9539119601249695
524,30.583631050796466,36.630205888641925,6.0465748378454585,0.7646348476409912,0.9483106732368469
525,25.645529367790797,41.583414143503354,15.937884775712558,0.26959577202796936,0.9552227854728699
526,33.54007073386001,34.05235951205146,0.5122887781914471,0.950240433216095,0.9661040902137756
527,19.196482137581373,19.20724620393467,0.010764066353296187,0.6937758922576904,0.7015531659126282
531,25.763925192632694,35.91035145900838,10.146426266375688,0.5601376891136169,0.9427607655525208
532,27.77531965465359,32.390385447867615,4.6150657932140255,0.6468697190284729,0.9727739691734314
533,24.99966846327737,30.57065707407553,5.57098861079816,0.8358665108680725,0.9567608833312988
534,26.355400540639074,26.489739756782456,0.13433921614338118,0.8014054894447327,0.819881021976471
535,27.095586336688513,29.95847701722046,2.8628906805319474,0.7368869781494141,0.9600117802619934
536,27.13696709903863,33.374764672433884,6.237797573395255,0.6858680844306946,0.898568332195282
537,32.67480815052586,33.00935188137936,0.33454373085349687,0.9262327551841736,0.9380914568901062
538,18.527046655826126,18.527150095877495,0.0001034400513688638,0.9272302985191345,0.9272335171699524
539,29.212123834310198,29.21241186710808,0.00028803279788292,0.9886682629585266,0.9886703491210938
540,25.84589811558764,39.302485298234295,13.456587182646654,0.38914433121681213,0.9689529538154602
541,22.70309883674155,24.735287221442576,2.0321883847010263,0.6720381379127502,0.885068416595459
543,30.0895256164334,30.54485576986718,0.45533015343378125,0.8864778876304626,0.9222245216369629
544,30.272986080554922,30.273337929494684,0.0003518489397613678,0.9958562850952148,0.9958556294441223
545,29.41025433817917,29.410202696165552,-5.1642013616515214e-05,0.9154586791992188,0.9154549241065979
546,26.1892105161781,26.189206311378605,-4.204799495255429e-06,0.914858341217041,0.9148595929145813
551,30.40893190905753,33.030052824293016,2.621120915235487,0.8362042307853699,0.894504725933075
553,30.07798564891976,36.157011857570204,6.079026208650443,0.7161393165588379,0.9535994529724121
554,29.847978165501434,29.8479854884148,7.32291336547064e-06,0.9186424612998962,0.918642520904541
555,32.22861712022803,34.57346444138593,2.3448473211579,0.7452114224433899,0.8599176406860352
560,27.65148815613932,36.42259134180994,8.771103185670622,0.679879367351532,0.9516817927360535
562,31.615895514672832,31.61622558997026,0.00033007529742690167,0.9977025985717773,0.9977027773857117
563,25.24015604291548,27.50883481106092,2.268678768145442,0.6057801842689514,0.840264618396759
564,11.025669949285602,14.832903016445707,3.807233067160105,0.4611641466617584,0.6759327054023743
566,32.56890714207153,37.95115687509749,5.382249733025958,0.8425693511962891,0.9789536595344543
567,24.027118347512058,24.027369339768047,0.00025099225598879116,0.8192224502563477,0.8192738890647888
568,42.1137778331196,42.112352452486576,-0.00142538063302311,0.998833179473877,0.9988329410552979
570,29.927456920175043,29.927663764599664,0.0002068444246212664,0.9587762951850891,0.9587764739990234
571,30.863689900560868,38.93281032776881,8.069120427207945,0.8094043731689453,0.9694806933403015
573,35.53328042291353,35.533948413494166,0.0006679905806379338,0.9966754913330078,0.9966757893562317
574,23.65118005540478,23.798491444639232,0.14731138923445286,0.8709568381309509,0.9087285995483398
576,32.9490088912579,33.3580285882224,0.40901969696450635,0.9381867051124573,0.9611344337463379
577,31.193583933261806,37.767948550084135,6.574364616822329,0.8766272664070129,0.9769225120544434
579,32.49425037801726,41.73586223484129,9.24161185682403,0.7067640423774719,0.9877074360847473
580,33.15649050198064,40.1879560826271,7.031465580646461,0.841255247592926,0.9848156571388245
581,24.631533077549218,36.00653235800341,11.374999280454194,0.45524272322654724,0.9361679553985596
582,37.74593339753598,37.73414491086219,-0.011788486673786736,0.9993834495544434,0.9992494583129883
587,20.94014673017028,20.940288360186273,0.0001416300159924333,0.9717261791229248,0.9717252850532532
590,33.87875375744279,33.878809641921976,5.588447918825068e-05,0.9571900963783264,0.9571895599365234
591,28.284452024493074,28.284171722957538,-0.0002803015355361538,0.9963726997375488,0.9963734745979309
592,34.24047513158628,34.24051707792762,4.194634134080388e-05,0.9613963961601257,0.9613946080207825
593,21.723977120646396,32.827443192729,11.103466072082604,0.41127514839172363,0.9019086360931396
595,23.256033762266647,28.15040623094788,4.894372468681233,0.36991021037101746,0.9313990473747253
596,31.51855913801387,33.03523537846931,1.516676240455439,0.8386221528053284,0.9232462048530579
597,32.80647315533227,39.89496173314868,7.088488577816413,0.8789836764335632,0.9794033169746399
599,26.991324080740576,30.012655826697138,3.0213317459565623,0.937766969203949,0.9837687015533447
602,27.171514906764017,33.65441217329135,6.482897266527331,0.7490704655647278,0.9572033882141113
603,25.397342482597182,34.39621369862365,8.998871216026465,0.6155778765678406,0.9371151328086853
604,31.823094470086694,31.838136353475015,0.015041883388320798,0.9242520928382874,0.9262517094612122
605,19.74532771747957,21.296050527538686,1.550722810059117,0.6216590404510498,0.8919376730918884
606,39.623480454316436,39.62452077918666,0.0010403248702246515,0.9991774559020996,0.9991781115531921
607,24.77021695754982,27.18379705380819,2.413580096258368,0.7788596153259277,0.9618938565254211
612,32.33510395693547,35.697698675338366,3.362594718402896,0.8089318871498108,0.9350194931030273
613,24.83413303142184,33.72224057815601,8.888107546734172,0.6274200677871704,0.9291677474975586
615,28.669477687112025,31.869877142855955,3.2003994557439306,0.6705644726753235,0.9478304982185364
617,26.317972923264882,26.31819209432976,0.00021917106487734372,0.9930102229118347,0.9930106997489929
618,30.73983928008375,33.389315949161116,2.649476669077366,0.7447410225868225,0.9831997752189636
619,29.122680258217848,29.122374982926246,-0.00030527529160195854,0.9911761283874512,0.9911755919456482
620,24.902518312085512,24.98334947045049,0.08083115836497967,0.875976026058197,0.9090659022331238
622,31.339201672790082,37.948981705682385,6.609780032892303,0.8490797877311707,0.972343921661377
624,26.183810284579728,29.40646094686354,3.2226506622838116,0.6213120818138123,0.8456446528434753
626,27.6707518453637,36.13481350943648,8.464061664072783,0.692664623260498,0.9493282437324524
627,27.874546129534608,32.68984758091582,4.81530145138121,0.8974053859710693,0.968986451625824
628,26.583517409714474,33.81458367760399,7.231066267889517,0.7727715373039246,0.9568188190460205
632,25.96676503138645,33.423915071458325,7.457150040071873,0.6744075417518616,0.9118919372558594
634,45.60522717957278,45.605710798697004,0.0004836191242247878,0.9993881583213806,0.9993880391120911
635,25.03847726433342,30.1590017584715,5.120524494138081,0.8026610016822815,0.9461164474487305
636,28.84215789327994,30.094678473940895,1.2525205806609563,0.8190123438835144,0.9314852356910706
637,48.130804127401774,48.13345348305721,0.00264935565543567,0.9999569058418274,0.9999560713768005
640,30.632272215797197,30.692913339915155,0.06064112411795719,0.9173255562782288,0.921630859375
642,25.39796062450162,26.698433013520063,1.3004723890184415,0.7409960627555847,0.8685126304626465
644,30.466528851073804,30.466556152821134,2.7301747330454873e-05,0.9062489867210388,0.9062486290931702
647,22.591673912223765,22.977345960744884,0.38567204852111914,0.7952945828437805,0.9044284820556641
649,27.77217134791464,35.290148893211544,7.517977545296905,0.7756922245025635,0.965972900390625
652,47.04181193275957,47.04344764512282,0.0016357123632460002,0.9997522234916687,0.9997498989105225
654,29.871802811593806,37.5419588916198,7.670156080025993,0.7928879857063293,0.972660481929779
655,40.55721653401771,40.55613676437875,-0.0010797696389630573,0.9994025826454163,0.9994023442268372
657,27.389478834353675,38.6195872450013,11.230108410647624,0.5331434607505798,0.9667105078697205
660,33.5698409536677,34.24884658373354,0.6790056300658378,0.8932101726531982,0.931186854839325
661,26.42108725768809,26.42129395242925,0.00020669474115919684,0.9958450198173523,0.995842695236206
664,23.896767907040115,23.896438041925606,-0.0003298651145087206,0.8389909267425537,0.8389787673950195
665,22.65175560691461,26.4621499138822,3.8103943069675914,0.676037609577179,0.8627622127532959
666,28.95620132162839,35.75170797532,6.795506653691611,0.8592113852500916,0.9726775288581848
668,27.708093924865697,38.34636268070053,10.638268755834833,0.6118053793907166,0.9667733311653137
669,26.428390521499395,37.537465315864914,11.109074794365519,0.38041236996650696,0.9366099834442139
670,25.862502949949405,25.91027288950691,0.047769939557504415,0.7944175601005554,0.7978242039680481
671,28.148875158936338,38.37990427637723,10.231029117440894,0.6241121888160706,0.959881067276001
672,21.082452954001315,21.085486786692968,0.0030338326916528047,0.7316762804985046,0.7329585552215576
673,26.49210969759052,34.022428138783695,7.530318441193174,0.7346598505973816,0.9396402835845947
674,33.934796618577046,40.10084632299892,6.166049704421873,0.9050480723381042,0.9831500053405762
675,24.21693591367612,24.236787853215564,0.019851939539442753,0.7856479287147522,0.7868866324424744
678,29.087661876065948,31.877717837402706,2.7900559613367584,0.8178461194038391,0.9403378963470459
680,27.833555584471974,34.77177724282618,6.938221658354209,0.6860468983650208,0.9408021569252014
682,35.957175292648515,35.957684539497244,0.0005092468487291057,0.9984888434410095,0.9984898567199707
683,30.052022920475455,31.789674735871213,1.7376518153957576,0.7871344089508057,0.9369415640830994
685,27.1282309395925,33.18342313094031,6.055192191347814,0.7755247950553894,0.9312310814857483
688,27.531759665976516,36.66235830841022,9.130598642433704,0.6556915640830994,0.9503328204154968
690,31.958340062071933,32.00712603893819,0.048785976866255965,0.9353167414665222,0.935973584651947
691,26.613936983292472,35.95660084219481,9.342663858902338,0.6275205612182617,0.9518539905548096
692,28.40828861687353,39.69190405639014,11.283615439516613,0.5655665993690491,0.9768502712249756
693,35.75598431252035,35.75588203828516,-0.00010227423518927026,0.989915132522583,0.9899136424064636
697,32.228267465806304,32.22790939480238,-0.0003580710039230439,0.9952591061592102,0.995259702205658
698,33.645740709188715,39.85106018896825,6.205319479779533,0.9234919548034668,0.9852803349494934
699,28.803665812322595,35.84513930365202,7.041473491329423,0.5298667550086975,0.8009820580482483
702,25.709889887402003,25.710086823339324,0.00019693593732128534,0.976201057434082,0.9762039184570312
703,17.000067701909146,21.6335369172976,4.633469215388455,0.32869985699653625,0.7050383687019348
705,30.36151524491639,37.75823331628674,7.396718071370351,0.7912986874580383,0.9686993956565857
707,24.9234520602999,36.92341009183607,11.999958031536167,0.4448355734348297,0.9507973790168762
708,20.2484259909809,20.397630996717734,0.14920500573683526,0.7287991046905518,0.8091409206390381
709,28.831687213925,32.59172377358931,3.7600365596643073,0.9363146424293518,0.979142963886261
712,32.60967704991166,32.6101694612412,0.0004924113295388111,0.98891282081604,0.9889140129089355
715,24.895867752773245,32.20143665614938,7.3055689033761375,0.6788766384124756,0.9359248280525208
716,25.078781024467958,25.18282937306241,0.10404834859445344,0.917590320110321,0.9384660124778748
718,27.8509489199918,27.85054052086529,-0.00040839912650980636,0.9921366572380066,0.9921276569366455
720,27.21053247870957,37.511958618783844,10.301426140074273,0.5760841369628906,0.9568637013435364
722,26.059010222503474,26.06968515843483,0.010674935931355378,0.7813718914985657,0.7817937731742859
724,25.41449172279622,25.424324599360805,0.00983287656458387,0.7996067404747009,0.80010986328125
725,25.391137906004495,25.391342949552822,0.00020504354832695526,0.9836935997009277,0.9836945533752441
726,26.676621367058658,33.68697298658875,7.010351619530091,0.8363044857978821,0.9661133885383606
727,42.26703581837747,42.26845641931639,0.0014206009389141627,0.9996700286865234,0.9996702075004578
730,23.793749695929478,23.801326460810746,0.007576764881267906,0.8598102927207947,0.8624026775360107
733,24.00152087551351,25.02197382322811,1.020452947714599,0.7166617512702942,0.8240578174591064
734,28.037973696956257,36.64006681667243,8.602093119716173,0.6957159042358398,0.976468026638031
735,30.46650351970915,38.83981372251287,8.373310202803722,0.7578319907188416,0.9686171412467957
736,26.97149551536826,35.097682042065024,8.126186526696763,0.6968162655830383,0.9423208236694336
737,25.716408200336307,33.653066557474304,7.936658357137997,0.7580615878105164,0.958060085773468
739,22.773323218207203,22.778240521099132,0.004917302891929154,0.8041141629219055,0.8060805797576904
740,24.463288601916204,24.78371544704908,0.3204268451328751,0.8191444873809814,0.9011666774749756
741,28.54467280995086,34.51688232736208,5.972209517411223,0.8672507405281067,0.9683775305747986
742,30.76677839154123,30.766414366410434,-0.0003640251307963638,0.9973180294036865,0.9973182678222656
743,31.401162520558028,31.40157545974865,0.00041293919062113105,0.9964775443077087,0.9964780807495117
744,26.42998580440862,36.78259201757289,10.352606213164268,0.5542044639587402,0.9651831984519958
746,34.88841629723154,34.88848408147141,6.778423987441329e-05,0.9650330543518066,0.965033233165741
748,25.20427817930752,35.8864146910605,10.682136511752983,0.4847623407840729,0.9562015533447266
749,26.468007349739587,38.22270641471161,11.754699064972023,0.5183654427528381,0.9561863541603088
750,28.81748524810611,36.068174537371405,7.250689289265296,0.788482666015625,0.9650411009788513
751,24.807786050648165,36.23882307856857,11.431037027920407,0.4853076934814453,0.9533834457397461
752,27.077046650199538,27.090284602782596,0.013237952583057933,0.8633769154548645,0.8637561798095703
753,34.29676259238705,38.42666294717843,4.129900354791381,0.8486809134483337,0.9682273864746094
754,25.211937975215722,25.21119468451559,-0.0007432907001323485,0.9477791786193848,0.9477314949035645
755,29.309623271020865,36.8019734657861,7.492350194765233,0.8399303555488586,0.9693953990936279
757,33.551941171509824,38.55840924273728,5.006468071227452,0.9060571193695068,0.9780278205871582
758,25.252896815830958,33.5139892507719,8.261092434940942,0.7581732273101807,0.9540001749992371
759,26.24954014955724,37.29305115927127,11.043511009714031,0.554171085357666,0.9535643458366394
761,33.21415915778632,33.580413637325975,0.3662544795396556,0.9198989272117615,0.9331887364387512
762,32.78092118952762,38.46225825421756,5.6813370646899415,0.9015339016914368,0.976246178150177
765,31.240753440855144,39.52607348120592,8.285320040350776,0.7822958827018738,0.9747965931892395
766,30.917276611220363,30.919694666270846,0.0024180550504837584,0.9084980487823486,0.9088037610054016
767,23.90165681531773,23.901664264554164,7.449236434808881e-06,0.9534635543823242,0.9534657001495361
769,28.257747435127886,34.1419509252698,5.884203490141918,0.6220163702964783,0.9182389378547668
770,25.445568609721015,36.20894431804971,10.763375708328695,0.5072250366210938,0.9458134770393372
772,25.48275041129767,27.961523713907056,2.4787733026093868,0.8386494517326355,0.9383984208106995
774,31.234005371420142,40.86878417805402,9.634778806633879,0.7201788425445557,0.9800077080726624
775,26.892851851296285,26.930499193788698,0.03764734249241286,0.8362772464752197,0.836948812007904
778,31.97562198111545,39.811825563601026,7.836203582485577,0.8110678791999817,0.9719430804252625
781,25.5056387943853,29.586657851786565,4.081019057401267,0.6255270838737488,0.9591841697692871
782,30.810651831510192,30.810678337877988,2.6506367795775532e-05,0.9499014019966125,0.9499014019966125
783,17.901976471348394,17.907557527062956,0.005581055714561245,0.6881348490715027,0.6884480118751526
784,26.750317361767184,34.85381496141486,8.103497599647678,0.6715719103813171,0.9551627039909363
787,29.31165376871543,36.29655350955719,6.984899740841762,0.7905693054199219,0.9693224430084229
789,30.766542239201794,30.76690024272581,0.0003580035240169366,0.9949488639831543,0.994950532913208
791,33.09236018707842,39.94184195433164,6.8494817672532236,0.8469308018684387,0.9778521060943604
792,22.132539947808763,22.76099774213406,0.6284577943252962,0.655162513256073,0.9045575261116028
794,36.45594819419789,36.4566451906787,0.0006969964808121176,0.9969868659973145,0.9969881176948547
795,22.2550613735132,22.25520379703714,0.00014242352393978308,0.9692824482917786,0.9692842364311218
796,33.470883930810906,33.470949140796094,6.520998518766419e-05,0.9884762763977051,0.9884766936302185
798,32.7833302834677,32.7833729895398,4.2706072100884285e-05,0.9578954577445984,0.9578960537910461
799,22.08342048833798,22.685554814416236,0.6021343260782572,0.8844961524009705,0.9269168972969055
802,29.968903126725554,37.57104709772653,7.602143971000974,0.659237802028656,0.9218277931213379
803,26.730931396384754,34.34828093433072,7.617349537945962,0.8204743266105652,0.9658589363098145
805,25.49120936770911,33.25334276354329,7.7621333958341765,0.6718670725822449,0.945401132106781
807,35.17700296444043,35.17706000163794,5.703719750727032e-05,0.9711152911186218,0.971113920211792
808,28.375318843128664,28.381130947206508,0.005812104077843827,0.8460555076599121,0.8471420407295227
809,32.44109907622799,40.14878703164154,7.707687955413547,0.7101150155067444,0.9465318322181702
810,15.663934219926725,22.576482141164107,6.9125479212373815,0.35259291529655457,0.8405013084411621
811,27.654338035638606,36.73117433688015,9.076836301241546,0.6795353889465332,0.9701504111289978
812,34.15793166554801,34.158500649236935,0.0005689836889217759,0.9928603172302246,0.9928564429283142
813,25.29215269919625,25.296600773654387,0.004448074458135665,0.835237979888916,0.8365879058837891
814,28.183464332855202,37.01131072587757,8.82784639302237,0.6422325968742371,0.9485651850700378
815,24.863419695920644,33.357444472399,8.494024776478359,0.6662204265594482,0.9461753964424133
817,26.447750313653472,34.07253465699376,7.624784343340288,0.595227062702179,0.9282002449035645
818,25.517550009043916,25.665924841757388,0.14837483271347196,0.8552247881889343,0.8665441870689392
819,28.42080289666063,28.42052947011886,-0.0002734265417672077,0.9921204447746277,0.9921200275421143
821,33.70282427812506,43.33660001042073,9.633775732295675,0.7714241147041321,0.9812375903129578
822,32.65795454118414,34.22749092196429,1.56953638078015,0.852294921875,0.9424033761024475
823,34.153788367471684,34.15436338817144,0.0005750206997561236,0.9961747527122498,0.9961764216423035
824,31.002247457438155,31.00279197581404,0.0005445183758858718,0.9204506278038025,0.9204862713813782
827,24.771536736557987,35.86795274752919,11.0964160109712,0.5059172511100769,0.9460465312004089
829,25.45548851591281,31.875336540026055,6.4198480241132465,0.7112510800361633,0.949659526348114
830,26.20538619961616,36.61124424450509,10.405858044888927,0.5864062309265137,0.9530829787254333
831,32.919596999025686,32.91964651286858,4.951384289597627e-05,0.945250928401947,0.9452505707740784
832,25.945264503108167,26.099508805885062,0.15424430277689538,0.8225261569023132,0.8246035575866699
835,24.743576384254965,30.810170175006583,6.066593790751618,0.4684179723262787,0.9698970913887024
837,28.786933457601172,35.01996741556403,6.23303395796286,0.8664228320121765,0.9687355160713196
839,25.26256445337287,33.55499037141201,8.29242591803914,0.44826841354370117,0.9327736496925354
842,25.544927841050637,34.94553181742265,9.400603976372011,0.6687591671943665,0.9568745493888855
844,19.206335769062765,19.206017734653212,-0.0003180344095525811,0.5843591094017029,0.5841452479362488
845,27.72500898045244,27.756074299505663,0.03106531905322285,0.8223686814308167,0.822706937789917
846,21.542105675955007,22.145342336360475,0.603236660405468,0.8713443875312805,0.930493175983429
848,32.19562643364542,42.216542854468074,10.020916420822651,0.7297589182853699,0.9839556217193604
849,30.074288258177315,38.834426801098985,8.76013854292167,0.7442402839660645,0.9666134715080261
850,29.774313131652068,29.80631843806843,0.032005306416362345,0.9268967509269714,0.9300124049186707
851,30.422354734337965,38.09707563693913,7.674720902601166,0.7955659031867981,0.9673082828521729
852,29.396828246971324,29.533878445769894,0.13705019879856906,0.8432607650756836,0.8646054267883301
854,31.17146134408167,33.776577708402506,2.6051163643208355,0.894736111164093,0.9600830078125
855,25.855509869784438,35.75376146099528,9.89825159121084,0.5832855701446533,0.953757107257843
856,29.280496934264278,38.425117793600265,9.144620859335987,0.6718533635139465,0.9637991786003113
857,24.632301595334944,36.75150227894562,12.119200683610678,0.421576589345932,0.957379162311554
859,31.602503899262423,41.30353060074813,9.70102670148571,0.7301127314567566,0.9848182201385498
860,38.39572494319705,38.39599707457133,0.0002721313742810594,0.9883440136909485,0.9883444905281067
861,25.996148488796532,29.69937143522366,3.703222946427129,0.7175689339637756,0.9561259150505066
862,27.495651875249955,27.512379154961724,0.016727279711769683,0.8025317192077637,0.8054275512695312
863,24.935414656682102,31.471328544324052,6.53591388764195,0.8129491806030273,0.9552552103996277
864,24.83959706678247,37.59772162539935,12.758124558616881,0.39175471663475037,0.957366943359375
865,25.423464390869622,28.532619502642802,3.1091551117731804,0.7470355033874512,0.9507524371147156
870,29.022623942985682,29.022489109868864,-0.00013483311681738996,0.9894911646842957,0.9894922375679016
872,25.360924111841868,27.900397381499708,2.53947326965784,0.813558042049408,0.9040619730949402
875,31.265081718689906,31.276769345231585,0.011687626541679208,0.9148994088172913,0.9163063168525696
876,35.26630824535913,35.266381766978945,7.352161981799554e-05,0.9665489196777344,0.9665479063987732
877,26.498738241898145,34.26331856816927,7.764580326271123,0.46101894974708557,0.9669591784477234
878,32.750447770003206,32.75046205667951,1.4286676304209323e-05,0.9475130438804626,0.9475131034851074
879,25.97280625518099,33.933666130722266,7.960859875541274,0.7401887774467468,0.9525467753410339
881,29.527525244181017,29.54659549133782,0.019070247156800946,0.9057928919792175,0.9092552661895752
883,23.936483171618526,23.96274954658377,0.026266374965242534,0.7743266224861145,0.7782866954803467
885,27.256198585532513,27.256541038444478,0.0003424529119655517,0.9739797115325928,0.9739851355552673
887,25.916886376021594,28.628872237941874,2.7119858619202795,0.8088197708129883,0.9653353095054626
888,27.844351735396064,35.368401576855874,7.52404984145981,0.7125090956687927,0.9604341983795166
889,29.555384813259664,29.6744664609291,0.11908164766943585,0.8921952247619629,0.9088166356086731
891,27.480120114002894,32.83569354184886,5.355573427845968,0.8646753430366516,0.9583098888397217
892,34.689785456188986,34.68919266854214,-0.0005927876468447835,0.9977862238883972,0.9977855086326599
893,28.72844055760478,31.3390568091217,2.6106162515169196,0.8009769320487976,0.9103171229362488
895,33.33399531956592,34.76655145050649,1.4325561309405686,0.9035548567771912,0.9491591453552246
896,28.624457001497635,37.2137216762886,8.589264674790964,0.7333798408508301,0.9716863632202148
898,27.827958135103454,38.233623158239,10.405665023135544,0.6731024384498596,0.9655118584632874
899,31.2475470506857,32.246652308616945,0.9991052579312445,0.8602951169013977,0.9219524264335632
900,26.795024450937962,38.1668462296524,11.371821778714438,0.5137429237365723,0.963858425617218
901,22.130979172850797,22.156394251862068,0.025415079011271047,0.7979920506477356,0.8058533668518066
904,31.739305306261848,31.73934756486378,4.225860193329822e-05,0.9555470943450928,0.9555466175079346
906,30.463847079902095,37.678286329646056,7.214439249743961,0.8062388896942139,0.9644394516944885
909,21.17388354633816,22.347591804143804,1.173708257805643,0.6631841659545898,0.9286018013954163
910,19.775260529236448,19.778349166776707,0.0030886375402587873,0.7359230518341064,0.7381283640861511
913,28.121901501485844,38.41234089467433,10.290439393188485,0.641862154006958,0.9633235931396484
914,26.907123422375033,36.36108700905204,9.453963586677009,0.6358377933502197,0.9625194668769836
915,35.42261430916084,36.97584207346763,1.55322776430679,0.9284276366233826,0.9726877212524414
916,37.24240567504278,37.22998775268665,-0.012417922356135591,0.9991507530212402,0.9990458488464355
917,24.564490158989116,34.817468082693864,10.252977923704748,0.5162228941917419,0.9549083709716797
920,29.224290127237342,29.223944642990638,-0.00034548424670433064,0.9828370213508606,0.982835054397583
921,24.4429852966189,33.17786164079525,8.73487634417635,0.5060412883758545,0.9164498448371887
923,33.782985729830486,42.06020971456408,8.277223984733595,0.8254017233848572,0.9778205752372742
924,32.33139222552196,38.91770085962954,6.586308634107581,0.8739908337593079,0.9762327671051025
926,27.897094188765443,27.987085845338285,0.0899916565728418,0.8398793339729309,0.8437448143959045
927,27.006765480420782,35.550123145053945,8.543357664633163,0.6700965762138367,0.9457815289497375
928,30.340958205423284,30.340580055904766,-0.0003781495185180006,0.9953730702400208,0.9953729510307312
930,24.539055819084016,34.26274816568669,9.723692346602672,0.3987700641155243,0.8973920941352844
932,29.25889624335845,42.390971701459236,13.132075458100786,0.5554694533348083,0.9803147315979004
933,30.35754931521037,30.357571274105023,2.19588946528404e-05,0.8843545913696289,0.884354829788208
934,31.908373561507986,31.90876351040528,0.00038994889729337956,0.9975020289421082,0.9975021481513977
935,24.71949265663856,33.2546735332831,8.535180876644542,0.6438215374946594,0.9172470569610596
936,34.09208299135208,34.657137329963355,0.5650543386112759,0.9153070449829102,0.9364461302757263
938,29.752538666500342,29.76721327136566,0.014674604865316354,0.8313345909118652,0.8322235941886902
940,36.43286140404855,36.432938123153214,7.671910466200416e-05,0.9973874092102051,0.9973874092102051
942,27.85895420320079,27.914709039841167,0.05575483664037861,0.8673340678215027,0.8677231669425964
944,31.189389935234566,39.02506407586405,7.835674140629486,0.8267250061035156,0.9733366966247559
946,29.306780358011313,31.67560947149436,2.3688291134830486,0.8165008425712585,0.9384750723838806
948,31.939922861449478,33.08717955716127,1.1472566957117927,0.8929041028022766,0.9401476383209229
949,23.432823198828775,32.55481174491531,9.121988546086538,0.6076127886772156,0.9244466423988342
950,33.82552454881068,33.82558005751387,5.5508703191264885e-05,0.9631697535514832,0.9631693959236145
957,32.515905534215655,39.29664317576641,6.780737641550758,0.8550899624824524,0.9742404818534851
958,15.04153632185676,24.882252900464145,9.840716578607385,0.17996551096439362,0.8302462697029114
959,35.39739302746293,35.39779688191923,0.000403854456294539,0.9847041964530945,0.9847089648246765
960,19.71347167524239,19.713368685169993,-0.00010299007239567004,0.9624109268188477,0.9624108672142029
961,36.089604300842524,36.088872878351204,-0.0007314224913201883,0.9988241791725159,0.9988226294517517
962,29.333085059000915,29.3333539077946,0.0002688487936843842,0.9714460372924805,0.9714462757110596
964,25.51495172954922,35.665955873254454,10.151004143705233,0.4942523241043091,0.9423443675041199
966,31.14024695557838,31.140271936243394,2.4980665013885073e-05,0.915052592754364,0.9150517582893372
969,26.60121279407136,36.60602726422113,10.004814470149775,0.5456891059875488,0.9412615895271301
970,29.061422583027422,39.25668367002845,10.195261087001029,0.6217071413993835,0.9666862487792969
972,27.0941569754125,33.668671092580325,6.574514117167826,0.7852526307106018,0.945610523223877
973,46.550132729951656,46.55115556009918,0.0010228301475265766,0.9896333813667297,0.9896306395530701
974,24.78254676891074,34.06237320604801,9.279826437137267,0.5934687852859497,0.9318416714668274
975,30.90307097552262,30.95336589009242,0.0502949145698004,0.891510009765625,0.8973132967948914
977,20.18997130022431,20.190087503956132,0.0001162037318209741,0.9643095135688782,0.9643117785453796
979,20.909819981542284,20.91551872909507,0.005698747552784766,0.6734827160835266,0.6739123463630676
980,33.69505684162207,35.12305329833332,1.4279964567112486,0.9137366414070129,0.9607713222503662
981,22.125588507264787,22.125733016177158,0.00014450891237061114,0.9363722205162048,0.9363751411437988
983,31.0425843421336,31.04207819341304,-0.0005061487205608728,0.879301130771637,0.8792670369148254
984,29.48688299752833,29.48722174108028,0.0003387435519499604,0.9970626831054688,0.9970579147338867
987,30.62979328969559,33.833151745702686,3.203358456007095,0.8551724553108215,0.9485662579536438
988,26.856448267890567,36.26689509535072,9.410446827460152,0.6473575234413147,0.9560849070549011
989,31.12293314896972,31.123027764046718,9.461507699626281e-05,0.92291259765625,0.9229124188423157
992,28.58087321093671,38.417467864507856,9.836594653571147,0.6637794375419617,0.9696668982505798
993,27.790169259776917,28.67780740785537,0.8876381480784516,0.8839869499206543,0.8846879601478577
994,21.739979908304633,21.740140820029843,0.0001609117252101555,0.9268563389778137,0.9268634915351868
995,32.82750863310989,32.827547897811755,3.9264701861441154e-05,0.9391667246818542,0.9391656517982483
996,33.48544581793178,33.485173113696014,-0.0002727042357690834,0.9663030505180359,0.9663025736808777
997,35.54318878671881,39.28545420135512,3.7422654146363143,0.826380729675293,0.9240207672119141
998,28.63561374909715,28.635928387084878,0.00031463798772790597,0.9916971325874329,0.991697371006012
999,19.524251801821503,20.906223126630508,1.3819713248090046,0.6319792866706848,0.7787215709686279
1000,32.33994262056446,44.17487411651834,11.834931495953882,0.6493556499481201,0.9805431365966797
1002,31.521391274023713,40.23279295263088,8.711401678607167,0.7704964280128479,0.9739652276039124
1003,21.462607838400945,21.46300039120807,0.0003925528071242468,0.7282465100288391,0.7283180356025696
1004,20.32309617066524,21.114547184054203,0.7914510133889614,0.58041912317276,0.8009346127510071
1005,35.75592247199724,36.31004840093128,0.5541259289340417,0.9385026097297668,0.9646549224853516
1006,25.741845296893878,27.260105603180588,1.5182603062867095,0.7773240208625793,0.8925043940544128
1010,29.178442201562834,36.39104667079205,7.212604469229216,0.8506498336791992,0.9739249348640442
1011,23.34203911800507,23.805249732165784,0.4632106141607153,0.8889629244804382,0.9382134079933167
1014,31.384555713222255,34.15487070648637,2.7703149932641153,0.8915409445762634,0.955967128276825
1015,19.357165305934892,19.376195285806773,0.019029979871881153,0.718015193939209,0.7232396602630615
1017,29.68122544113974,37.29623787234373,7.61501243120399,0.750006914138794,0.9473485350608826
1018,42.124125728342946,42.09287123847272,-0.0312544898702285,0.9996116757392883,0.9995670318603516
1022,25.579150739161634,34.86376171807421,9.284610978912575,0.6331169605255127,0.9472376704216003
1024,24.638816247900305,24.83874445626693,0.19992820836662517,0.7527922987937927,0.7749859690666199
1027,30.990072549576368,31.005643692047315,0.015571142470946597,0.9286856651306152,0.9289124011993408
1032,31.952608937741523,31.954609530456544,0.0020005927150208436,0.9387660026550293,0.9388418793678284
1033,36.090972967051734,36.09168470007905,0.000711733027316086,0.9985273480415344,0.998527467250824
1035,34.71793815457136,35.35077206554427,0.6328339109729129,0.9204810261726379,0.9376695156097412
1037,26.521791392520747,36.572200197283394,10.050408804762647,0.5787332653999329,0.9491615295410156
1038,32.89886029684725,33.27034291356904,0.37148261672178506,0.8908329010009766,0.921445906162262
1039,24.862113519885312,24.862116307793393,2.7879080803927536e-06,0.8804410099983215,0.8804410099983215
1041,31.558104868703968,32.973712405430796,1.415607536726828,0.8806375861167908,0.9443678259849548
1042,17.977508436812336,17.988856121862025,0.01134768504968875,0.7479450702667236,0.7498364448547363
1043,26.475827926559816,26.47641817129208,0.0005902447322654325,0.8818748593330383,0.8819179534912109
1044,27.23615120593938,34.43975969823927,7.203608492299892,0.784141480922699,0.9598792195320129
1045,29.433387154833305,38.35521614592639,8.921828991093086,0.7172242999076843,0.9712305068969727
1046,29.401632895733147,29.403642095146697,0.0020091994135498226,0.8708389401435852,0.871120274066925
1047,31.195277314021492,31.959366371456092,0.7640890574345995,0.8673437237739563,0.9121351838111877
1048,26.8366667890646,33.20922344956516,6.372556660500557,0.8564141392707825,0.966339111328125
1050,25.673089400113454,34.096652467295236,8.423563067181782,0.6700119376182556,0.9379467964172363
1055,25.79063447368291,25.803659070369996,0.013024596687085221,0.8626763820648193,0.8633906245231628
1056,26.062896705127123,36.08112961963241,10.018232914505283,0.5151603817939758,0.9147286415100098
1057,20.566217826622267,20.566545923896555,0.00032809727428784186,0.9694588780403137,0.9693162441253662
1060,47.78195849950127,47.7832120287046,0.001253529203324888,0.9877594113349915,0.9877598285675049
1061,33.81647301253449,37.4360282474363,3.61955523490181,0.9415912628173828,0.9807218909263611
1062,25.89541187559435,31.58001849722202,5.6846066216276725,0.7194116711616516,0.9293294548988342
1065,33.76071803511736,33.757157080840344,-0.0035609542770131952,0.995596706867218,0.9955441951751709
1066,25.156192497676727,25.358060169197326,0.20186767152059915,0.7953866124153137,0.8203180432319641
1067,28.64678034969232,32.310090028357834,3.663309678665513,0.8290624022483826,0.9707148671150208
1068,36.80959019957301,36.809687513138584,9.731356557551862e-05,0.9722102284431458,0.972209632396698
1069,33.84404245727714,33.844190399873646,0.00014794259650585673,0.9562673568725586,0.956264078617096
1070,25.45082334485511,35.502357810264435,10.051534465409325,0.574181854724884,0.9363474249839783
1071,30.617103378025586,35.08557701087728,4.468473632851694,0.7669530510902405,0.9677993655204773
1074,19.53303647546171,19.56767286636549,0.03463639090378123,0.6842239499092102,0.6873822808265686
1076,33.72718368137555,36.244044784133955,2.516861102758405,0.8757119178771973,0.9608163833618164
1079,22.32624474743367,23.497413825735055,1.1711690783013857,0.7319607138633728,0.8939111828804016
1080,22.628955091365984,24.58079567429765,1.9518405829316663,0.586526095867157,0.8644459843635559
1081,27.149038242210164,35.70017289726339,8.551134655053229,0.7105175852775574,0.9608401656150818
1082,22.883293215548864,22.932629787629928,0.04933657208106368,0.8277856707572937,0.832939624786377
1083,30.13194416512534,30.131959800594146,1.5635468805896835e-05,0.9321457743644714,0.9321445822715759
1085,26.299482458687113,40.596480913208325,14.296998454521212,0.31586718559265137,0.9674451947212219
1086,31.82699164196215,38.1138640040937,6.28687236213155,0.6589449644088745,0.9547138214111328
1087,24.485508988386975,26.10797881287139,1.6224698244844156,0.6884949803352356,0.9071993827819824
1088,30.009887143332243,30.068769640938555,0.058882497606312256,0.9220621585845947,0.9275525212287903
1089,26.637277241595797,34.37155930144618,7.734282059850386,0.7126999497413635,0.9454419016838074
1090,30.848803032633903,30.84870959675529,-9.343587861465608e-05,0.9852959513664246,0.9852492809295654
1093,27.162265801107182,27.794909919559334,0.6326441184521521,0.8045184016227722,0.8606228828430176
1097,22.14001426156603,25.930045003735213,3.790030742169183,0.5451392531394958,0.8966903686523438
1098,31.3341875909094,39.545720405536436,8.211532814627034,0.7688726782798767,0.977780282497406
1099,26.475812205764946,35.08790411806121,8.612091912296265,0.6848810315132141,0.9597070813179016
1100,32.752245402912415,41.0863206962219,8.334075293309482,0.7775247693061829,0.9730561375617981
1102,33.698534636967466,38.81733218431741,5.118797547349942,0.915524423122406,0.9755361676216125
1106,29.08009679142094,36.88490884394839,7.804812052527449,0.7239112854003906,0.9709588885307312
1107,28.38057132434937,38.473482267448794,10.092910943099426,0.633285641670227,0.9702872633934021
1108,27.021178130923897,34.12545160989198,7.104273478968086,0.8057464957237244,0.9597564339637756
1109,30.94189884753408,30.94028540951383,-0.0016134380202501575,0.9935781955718994,0.993549644947052
1110,26.373055844327496,26.373868761127675,0.0008129168001786979,0.8564016819000244,0.8566146492958069
1112,29.98600249437893,29.985653769154933,-0.0003487252239970928,0.9892591834068298,0.9892589449882507
1113,32.101583831348066,32.10190046420078,0.00031663285271577024,0.9565526843070984,0.9565529823303223
1119,26.763670480740988,26.80691453680074,0.04324405605975201,0.8520715832710266,0.8609907031059265
1122,23.989177776100586,25.901855165936396,1.9126773898358103,0.5314583778381348,0.9340388178825378
1123,22.59930835362514,26.757318256645576,4.158009903020435,0.42707622051239014,0.780812680721283
1125,28.52286940575067,36.94481384747862,8.421944441727952,0.746680736541748,0.9672148823738098
1126,25.902902159355442,28.265040960664866,2.362138801309424,0.6538491249084473,0.9686653017997742
1127,29.051389240653744,29.05117020682644,-0.00021903382730315002,0.9927911758422852,0.9927902817726135
1128,26.364076947719063,34.409881942616856,8.045804994897793,0.7229397892951965,0.9453104138374329
1129,25.66413154202025,27.434816469044687,1.770684927024437,0.7275545597076416,0.9304275512695312
1130,24.42107098257648,32.75270803032197,8.331637047745488,0.4235658347606659,0.9101557731628418
1135,23.52688382357956,23.526705704402694,-0.00017811917686572087,0.9858391880989075,0.9858385920524597
1138,28.381229855073137,33.699047689064166,5.317817833991029,0.6603277325630188,0.9440720081329346
1146,35.64968501187386,35.65032286632323,0.0006378544493657046,0.9990074634552002,0.999007523059845
1147,34.054758044399904,34.05267347664616,-0.0020845677537408847,0.9728661179542542,0.9725057482719421
1148,21.62430800836049,22.39197434068483,0.7676663323243389,0.6136071085929871,0.9522178769111633
1149,27.13090896157319,36.45554022089567,9.32463125932248,0.5068851709365845,0.9158918261528015
1153,30.183530713245588,30.183554710420786,2.3997175198076093e-05,0.9105076789855957,0.9105071425437927
1154,25.606171941204824,25.606385186913364,0.00021324570854019953,0.9901571869850159,0.9901558756828308
1156,26.646784627544633,26.653428620266297,0.006643992721663494,0.9057121276855469,0.9058212637901306
1157,26.476326529863115,35.73615018133093,9.259823651467812,0.5376832485198975,0.9119887948036194
1158,28.82966097736933,28.838219240339352,0.008558262970023378,0.9440620541572571,0.9442947506904602
1161,35.45519422142466,35.45527855717301,8.433574834754154e-05,0.9681673645973206,0.9681665897369385
1162,25.850468747304642,32.894658449010834,7.044189701706191,0.6350710988044739,0.9419724345207214
1163,30.602928262440795,36.13521891258557,5.532290650144777,0.9192264676094055,0.9783802032470703
1165,21.78905282442741,22.03287376059436,0.2438209361669479,0.6943399310112,0.8391227722167969
1168,24.847757557954537,35.4938423806426,10.64608482268806,0.49283909797668457,0.9431609511375427
1171,22.696177918090342,22.91263572602986,0.2164578079395163,0.6188791394233704,0.6587720513343811
1172,30.85486344458821,36.39397990115862,5.539116456570412,0.8973419666290283,0.9827235341072083
1175,20.82645049379268,20.836481388806277,0.010030895013596108,0.8445382118225098,0.8492329716682434
1176,20.915538205190558,20.915665051641582,0.00012684645102467584,0.9667603373527527,0.9667605757713318
1178,24.596062322536124,34.08114591779658,9.485083595260459,0.5861421227455139,0.9412664771080017
1179,25.999271065403576,32.025436910302744,6.026165844899168,0.9040314555168152,0.9763290882110596
1180,28.92360743034351,36.62597640836657,7.70236897802306,0.8280466198921204,0.9735185503959656
1183,33.8818782167519,33.881868947534336,-9.26921756416732e-06,0.9668622016906738,0.96686190366745
1184,30.271230223231484,31.114413805652596,0.843183582421112,0.9020090103149414,0.9371265769004822
1186,22.734713461815822,22.735041068661236,0.00032760684541344176,0.9572135806083679,0.9572973847389221
1187,31.71664760675177,42.18523998063847,10.4685923738867,0.7117705345153809,0.9743934273719788
1189,31.605248283308633,32.76282716117748,1.1575788778688505,0.8355517387390137,0.9066448211669922
1190,28.597947407633733,28.597988410032773,4.100239904047953e-05,0.9817425608634949,0.9817426204681396
1192,28.00352508971394,37.29103173426397,9.287506644550028,0.44331368803977966,0.9372214674949646
1195,28.236643385972975,28.562155041425168,0.3255116554521926,0.8658075332641602,0.8863751292228699
1197,22.94579555155343,22.945781603893565,-1.3947659866175854e-05,0.8233142495155334,0.8233139514923096
1200,29.847207375875414,31.784572381944358,1.9373650060689442,0.89910888671875,0.9545137882232666
1201,38.70840840094297,38.70403530362396,-0.00437309731901081,0.9730321764945984,0.9730138778686523
1202,29.04595364055251,29.045637883086997,-0.000315757465514821,0.9829670786857605,0.9829663634300232
1204,28.505077698056006,36.62867172809542,8.123594030039413,0.7391555905342102,0.9614231586456299
1206,29.010540720804215,29.02613592244292,0.015595201638703315,0.9147843718528748,0.9175241589546204
1208,29.49502554508473,29.5286908142307,0.033665269145970456,0.9162931442260742,0.9247653484344482
1209,27.025649725680907,40.80632097539447,13.780671249713563,0.42208901047706604,0.9677717089653015
1211,28.63559306946438,28.635695730038876,0.00010266057449470622,0.8814342021942139,0.8814504742622375
1214,27.867799154419952,35.914496363763995,8.046697209344043,0.7791892886161804,0.96575528383255
1215,33.59193399836136,33.59181405672696,-0.00011994163440220973,0.9706969261169434,0.9706902503967285
1216,30.577477611882387,30.577372510519318,-0.00010510136306862705,0.9610918164253235,0.961078941822052
1217,35.299518927943126,38.37993996341757,3.080421035474444,0.8775002956390381,0.9649459719657898
1219,26.453325594668442,37.494484681098406,11.041159086429964,0.5481081604957581,0.9640045166015625
1220,30.9510073739709,40.591347513659585,9.640340139688686,0.6966883540153503,0.9756050705909729
1223,30.304663347662327,34.98141869168043,4.676755344018105,0.7074779868125916,0.9475811123847961
1224,22.465619634121623,22.4657673489642,0.00014771484257636303,0.9751365780830383,0.975136935710907
1226,25.5245412064696,36.333448167188315,10.808906960718716,0.5088028907775879,0.9523695111274719
1227,27.7595782575079,29.82552908692383,2.065950829415929,0.7863271832466125,0.9278513789176941
1228,25.878926828906135,25.87890216530722,-2.4663598914287377e-05,0.9870263934135437,0.9870297312736511
1229,27.78049629108585,27.850219992979245,0.06972370189339472,0.9013538956642151,0.9106264114379883
1231,30.018270589457718,33.79459631672158,3.7763257272638633,0.8686895370483398,0.957080066204071
1232,32.42545115750003,32.425488276025575,3.711852554744155e-05,0.9405104517936707,0.9405107498168945
1234,27.143865500933412,33.89809685997387,6.754231359040457,0.8023569583892822,0.9610733985900879
1237,31.84921918393031,38.00888017553362,6.15966099160331,0.7566287517547607,0.9597141146659851
1239,37.40359433132531,37.40370973184225,0.00011540051693970099,0.9771334528923035,0.9771327376365662
1241,25.220111479346073,25.220332152992306,0.00022067364623268304,0.9757142066955566,0.975714921951294
1242,34.398771631958695,34.39881061103989,3.897908119654403e-05,0.9932075142860413,0.9932066798210144
1243,20.14089915646808,20.142018602191914,0.001119445723833934,0.7128562927246094,0.7133219838142395
1244,29.993830980505336,30.78402745833997,0.790196477834634,0.9307861328125,0.9493438601493835
1245,32.77272914651556,36.783347682009904,4.010618535494345,0.8563050627708435,0.9642284512519836
1247,23.86215791277939,23.894279408086234,0.03212149530684272,0.8745142817497253,0.8780820965766907
1248,26.01539398513973,35.97283425817811,9.95744027303838,0.555760383605957,0.9485344886779785
1249,26.1364163964938,26.142135228051217,0.005718831557416593,0.8649749755859375,0.8651366829872131
1252,28.529958901767394,33.88078242334673,5.350823521579336,0.9073350429534912,0.9721285700798035
1254,29.97779573112057,32.70919634405834,2.7314006129377724,0.8214399218559265,0.9361453056335449
1256,27.649208009312698,28.53374948925381,0.8845414799411131,0.8646600246429443,0.9206094741821289
1258,31.539741348213575,31.694809178847873,0.15506783063429808,0.8865842819213867,0.9003931879997253
1259,31.234428246282604,31.23451423699526,8.59907126553594e-05,0.9878387451171875,0.9878398776054382
1260,25.76071734380101,30.63920727355174,4.878489929750732,0.7070138454437256,0.9445160031318665
1264,26.89185122914862,26.891524989157656,-0.0003262399909651492,0.9896175861358643,0.9896154403686523
1265,32.93835108381217,39.46628336128907,6.5279322774769,0.8763527870178223,0.9713537096977234
1266,21.633528668972758,21.633533382299323,4.713326564598219e-06,0.6913104057312012,0.6913146376609802
1268,35.6120765561795,35.612154329870805,7.777369130224088e-05,0.9718276858329773,0.9718264937400818
1269,33.83665510918023,38.73833664493415,4.901681535753923,0.8591729998588562,0.9629176259040833
1270,28.217228720120637,28.2172397871693,1.1067048664159529e-05,0.9007513523101807,0.9007521271705627
1271,34.41612542077888,35.163163840628584,0.7470384198497015,0.9200022220611572,0.9633552432060242
1273,27.491830553363783,27.52892410319845,0.037093549834665396,0.8104116916656494,0.8130336403846741
1274,28.16012296709344,28.160008448205005,-0.00011451888843438951,0.9175961017608643,0.9175850749015808
1276,26.765521063050905,36.661849605076576,9.896328542025671,0.6116334795951843,0.9598309993743896
1278,27.71866510058867,30.65487895176268,2.93621385117401,0.7540608048439026,0.9074276089668274
1279,33.38215042982688,33.38261118315878,0.00046075333190032097,0.9930813312530518,0.9930869936943054
1281,30.56594176256734,30.56595241774982,1.0655182478558345e-05,0.9722175598144531,0.9722177982330322
1282,26.50259838437023,28.241171894542425,1.7385735101721949,0.8127398490905762,0.8804046511650085
1285,25.217976300973604,31.505970167169487,6.287993866195883,0.7773658633232117,0.9447087645530701
1286,26.127470017205333,36.39343419400441,10.26596417679908,0.5814999938011169,0.9592070579528809
1288,33.58419400808346,36.783248847608206,3.1990548395247487,0.9756844639778137,0.990191638469696
1289,25.924000429387796,33.1314459105014,7.207445481113602,0.7713325619697571,0.9490874409675598
1293,26.22132540166803,27.280022223689627,1.0586968220215986,0.8877394795417786,0.9610750675201416
1296,25.08175456887266,34.427779504535934,9.346024935663273,0.573258638381958,0.9234440922737122
1297,32.36879830711403,32.36882840215125,3.0095037224953103e-05,0.942864716053009,0.9428616166114807
1298,34.8831728487933,34.88307324251051,-9.960628278804506e-05,0.9862856864929199,0.9862868785858154
1301,25.686778343671968,25.68657534583,-0.0002029978419670897,0.9920557141304016,0.9920554161071777
1303,26.448909436286353,36.238658805247724,9.78974936896137,0.5829589366912842,0.9575083255767822
1306,32.349761213228646,32.73942675513529,0.3896655419066448,0.9108926653862,0.9447171092033386
1309,31.497367327122735,35.887996864187585,4.39062953706485,0.9154955744743347,0.9776973724365234
1310,27.06286365557172,27.131002453272103,0.06813879770038156,0.916412889957428,0.9196203351020813
1311,27.76676366120939,37.93812963934443,10.171365978135043,0.5756022930145264,0.9678769707679749
1312,34.349325797908236,34.34938704565379,6.124774555615886e-05,0.9720140099525452,0.9720128178596497
1313,26.634992635949285,33.3835926157468,6.748599979797515,0.7939562797546387,0.9567368030548096
1314,29.9940920049297,38.26637619749248,8.272284192562775,0.7553014159202576,0.9749655723571777
1315,27.440620722659787,27.44049339990887,-0.00012732275091664746,0.8283524513244629,0.828311026096344
1316,29.053572461589518,37.261691773108694,8.208119311519177,0.757978618144989,0.9664850234985352
1317,26.4161091532564,33.844626905848344,7.428517752591944,0.7543859481811523,0.9590238928794861
1319,28.39072574065735,33.270146187056675,4.879420446399326,0.6446135640144348,0.9762201309204102
1322,25.90639369884439,34.24473256959726,8.338338870752871,0.7607432007789612,0.9583198428153992
1323,26.224147925011426,35.57259281668179,9.348444891670365,0.6427763104438782,0.9528231024742126
1324,24.41357093805025,24.413428740466678,-0.00014219758357114642,0.8156772255897522,0.8156821131706238
1326,20.17292855703227,20.17305398657316,0.00012542954088701208,0.9792864322662354,0.9792867302894592
1327,21.290757400505434,21.290600600949215,-0.00015679955621905606,0.9754523634910583,0.9754558205604553
1328,22.121562996892955,22.12170440526027,0.0001414083673161315,0.9734815955162048,0.9734833240509033
1332,26.529024222294574,26.5291674557891,0.00014323349452638467,0.9282779693603516,0.9282781481742859
1334,30.232037154507157,30.23203502117709,-2.13333006726657e-06,0.9255576133728027,0.9255569577217102
1335,26.772501322455046,26.77222912917206,-0.00027219328298500045,0.9771992564201355,0.9771986603736877
1337,26.196998480102586,26.196496818367137,-0.000501661735448522,0.8401555418968201,0.840008556842804
1338,31.065183880368764,31.06459401333352,-0.0005898670352451063,0.9955613613128662,0.9955461621284485
1339,25.712375022487496,25.796629034785525,0.08425401229802887,0.8524084091186523,0.875766932964325
1340,29.19196772599495,29.192367766649777,0.0004000406548279045,0.9965313076972961,0.9965440630912781
1341,27.972220271389965,27.973077439541964,0.0008571681519988772,0.9231603145599365,0.9233641028404236
1343,28.27885453058105,37.94926191737225,9.670407386791197,0.6463785171508789,0.9623778462409973
1344,25.36232950642728,32.324040860042906,6.961711353615627,0.7678284645080566,0.9521658420562744
1346,33.70958160549543,40.80582488667015,7.096243281174722,0.8687599301338196,0.9811772704124451
1347,31.69987925743222,34.07816573774471,2.378286480312493,0.8185980319976807,0.927100658416748
1348,20.51492686632273,20.525234394887466,0.01030752856473427,0.7475178837776184,0.7500417828559875
1349,27.467852426250143,36.06431192997644,8.596459503726297,0.6841588616371155,0.9505624771118164
1351,34.65715653665217,34.657232994890116,7.645823794888429e-05,0.9757335782051086,0.9757325649261475
1352,23.435665636425263,23.43582489293308,0.0001592565078176733,0.9854063987731934,0.9854063987731934
1353,27.674298885983948,27.682443479934136,0.008144593950188295,0.890306293964386,0.8906116485595703
1354,25.22684808579548,33.89679512823161,8.669947042436128,0.6341941952705383,0.9438167214393616
1355,27.965676312231565,33.079365986557576,5.113689674326011,0.8419720530509949,0.9634146094322205
1357,26.3215325731182,37.50378443262867,11.182251859510469,0.5201335549354553,0.9589497447013855
1358,30.930982558955854,32.85777287093629,1.926790311980433,0.8946609497070312,0.9623400568962097
1359,26.887582389358805,43.75836769094591,16.870785301587105,0.31903114914894104,0.9787085652351379
1362,22.711652623057105,24.64284247453537,1.9311898514782655,0.7062044739723206,0.9467608332633972
1363,30.522607831417137,35.70059511119074,5.1779872797736,0.8594241142272949,0.9742744565010071
1365,24.847256493410953,24.847429065491827,0.0001725720808742892,0.9098617434501648,0.9098610877990723
1366,24.986442606868863,30.619966063497547,5.633523456628684,0.798844575881958,0.9500107765197754
1372,31.578904567972977,40.1446710203127,8.565766452339723,0.77001953125,0.9780400395393372
1373,25.443748555169524,32.260084879580575,6.816336324411051,0.7990357279777527,0.9569224715232849
1374,26.16728660861647,32.8606601847092,6.693373576092725,0.7957212924957275,0.9536641240119934
1375,28.565585746972566,28.577385231471702,0.011799484499135815,0.9207431674003601,0.9212186336517334
1379,34.907434590362286,34.90750110698177,6.651661948353649e-05,0.9593396186828613,0.9593382477760315
1380,25.895831200852612,36.87173580615727,10.975904605304656,0.5536339282989502,0.9553009867668152
1381,30.70716943528335,30.707396133293674,0.00022669801032293435,0.9845711588859558,0.9845384955406189
1383,29.220141904256728,33.89041955225892,4.670277648002191,0.7101957201957703,0.9745772480964661
1384,26.930915163030285,26.941886883280937,0.010971720250651629,0.8865053057670593,0.8866744637489319
1385,30.857379103697333,31.819835722931387,0.9624566192340538,0.851263701915741,0.9310814738273621
1386,34.79285555816786,34.79292720243595,7.164426808969893e-05,0.9770988821983337,0.9770978093147278
1388,25.66838754955651,27.202810789210872,1.5344232396543624,0.7182740569114685,0.8034526705741882
1390,34.453212764752294,36.5115820842192,2.0583693194669053,0.8887951970100403,0.9582571983337402
1391,23.423927973088713,23.430666970171423,0.006738997082710085,0.7829356789588928,0.7853706479072571
1394,33.575967573230876,39.43205473847273,5.856087165241853,0.9379262328147888,0.9856061339378357
1395,25.71484499364576,25.715050825166934,0.00020583152117481518,0.9898514747619629,0.9898516535758972
1397,25.789427042887855,37.282669304280105,11.49324226139225,0.5167738795280457,0.9587774276733398
1401,24.478482196975957,30.014562793913168,5.536080596937211,0.7454397082328796,0.9423148036003113
1402,23.239379189145456,27.052578464778335,3.813199275632879,0.5944085717201233,0.831230640411377
1404,45.23821985457877,45.2389474829306,0.0007276283518251603,0.9988579154014587,0.9988565444946289
1407,23.89695095578483,26.60999471299099,2.713043757206158,0.5609607100486755,0.8948426842689514
1409,25.908028590573657,28.487051668551263,2.579023077977606,0.6505967974662781,0.8772665858268738
1410,25.11513480234679,38.06158547402174,12.946450671674949,0.361798495054245,0.9455127120018005
1411,32.370867935856495,32.371286867756844,0.00041893190034869576,0.995810329914093,0.9957994818687439
1412,28.504712200799872,28.52150447545549,0.016792274655617945,0.8643102645874023,0.864508330821991
1413,27.838425315073202,27.837238173987732,-0.0011871410854702447,0.9950631260871887,0.9948843121528625
1414,28.97499135476105,38.6360040033085,9.661012648547452,0.6536263823509216,0.9720413088798523
1415,30.202793206435153,31.43532592921222,1.2325327227770657,0.8722640872001648,0.9207919239997864
1416,25.869208480382895,25.886689507536524,0.01748102715362876,0.8421692252159119,0.8428427577018738
1419,24.628012149887255,36.10711916470986,11.479107014822603,0.4274451434612274,0.9374435544013977
1425,33.54804512800756,34.19382641852796,0.6457812905204037,0.9037863612174988,0.9464343190193176
1426,32.39845956923256,32.482673709654634,0.08421414042207687,0.9380225539207458,0.9423313140869141
1428,29.4993683601253,39.64974756796111,10.150379207835808,0.6194634437561035,0.9621514678001404
1429,25.71959102306422,37.48891678439972,11.769325761335502,0.46877649426460266,0.9489434361457825
1430,42.110237089935865,42.111662290204464,0.0014252002685992693,0.9997116923332214,0.9997101426124573
1431,27.503218125257455,32.5481011509182,5.044883025660745,0.9149727821350098,0.976538896560669
1432,26.18520308740372,37.87854880332154,11.693345715917822,0.4120076596736908,0.9602363705635071
1433,22.128195025365752,24.375239342901146,2.2470443175353942,0.5863136649131775,0.9243367314338684
1434,26.112804996266505,38.682792760756456,12.569987764489952,0.4277012348175049,0.9608699679374695
1439,26.59997440667819,31.39310881162769,4.793134404949502,0.818593442440033,0.935937225818634
1440,31.07280572893647,36.839152316128875,5.766346587192405,0.8328380584716797,0.9674877524375916
1441,24.763381518503103,35.6994281349417,10.936046616438595,0.48884400725364685,0.9302854537963867
1443,29.59589400175854,29.595563257920695,-0.00033074383784637007,0.9941664338111877,0.9941645264625549
1445,26.776446673826065,37.875629201198464,11.099182527372399,0.559498131275177,0.9661543369293213
1446,25.465581694499633,25.465790639107478,0.00020894460784504076,0.9681796431541443,0.9681826233863831
1448,33.30891596683222,33.3089552309664,3.9264134180427845e-05,0.9513141512870789,0.9513120651245117
1449,22.793267541722606,22.79342452348918,0.00015698176657252816,0.947171151638031,0.9471738338470459
1451,23.752566690572266,26.02333467214791,2.270767981575645,0.6493272185325623,0.9206603169441223
1452,19.802574120937795,19.80689030207904,0.004316181141245323,0.9446602463722229,0.9448010325431824
1453,22.1701794817958,35.326014231189674,13.155834749393875,0.298942893743515,0.9400002956390381
1454,26.196216317417477,33.64951835952973,7.453302042112252,0.668282687664032,0.9402793049812317
1455,32.72967378542104,40.33295730680553,7.6032835213844905,0.8398388028144836,0.9787314534187317
1456,30.62186788762611,39.554695667044555,8.932827779418446,0.7530279159545898,0.9700608253479004
1457,25.25248028688445,34.53167472395082,9.279194437066373,0.6343438029289246,0.9482970237731934
1459,25.940377054231078,29.895906464132548,3.9555294099014695,0.5722634196281433,0.9607219099998474
1460,28.76468782894228,31.858989753834305,3.094301924892026,0.6883217692375183,0.9088022112846375
1461,24.33613754974052,25.015933469169326,0.6797959194288055,0.7786518931388855,0.9753220677375793
1462,28.70519699853746,36.864869935275095,8.159672936737635,0.7272030711174011,0.9591371417045593
1463,31.45002051043229,40.87648375565976,9.426463245227474,0.7343606352806091,0.9802693724632263
1464,31.045763018780363,34.11673224303789,3.0709692242575244,0.8569259643554688,0.9815521240234375
1465,29.46495958883073,29.842858078963616,0.37789849013288546,0.8274145126342773,0.8530942797660828
1467,30.02982329758567,30.128447664351796,0.09862436676612774,0.8827769756317139,0.8877827525138855
1468,23.56810539793029,27.283458975908687,3.715353577978398,0.6255680918693542,0.855540931224823
1469,27.94936178903104,37.46062844876527,9.511266659734229,0.6531522274017334,0.9579901099205017
1470,38.17328991464817,38.17248367166733,-0.000806242980843308,0.998497724533081,0.9984993934631348
1471,25.1850457714541,32.41770122153546,7.23265545008136,0.5788097381591797,0.8838799595832825
1472,25.48354095182709,25.483353667916973,-0.00018728391011890722,0.9624965190887451,0.9624960422515869
1474,27.778599687514994,30.131825597985532,2.353225910470538,0.7561165690422058,0.9749825596809387
1476,23.39368086073189,26.92966188972362,3.5359810289917277,0.648067057132721,0.9257479310035706
1478,35.55318745307212,35.552698979518304,-0.0004884735538155383,0.981469452381134,0.9814550280570984
1480,25.908873269605404,28.482499789145187,2.5736265195397827,0.5925112366676331,0.9671719074249268
1482,30.465703968901575,30.46563755736358,-6.641153799691324e-05,0.9278399348258972,0.9278267025947571
1483,22.736546175924634,23.319146221146237,0.5826000452216036,0.6476731896400452,0.9316449761390686
1485,27.494058775953725,38.25394562149326,10.759886845539533,0.5371378064155579,0.9567297101020813
1488,32.923178801218185,32.92359061791737,0.00041181669918444186,0.9923326373100281,0.9923340678215027
1490,31.516357840849423,31.523266629691374,0.006908788841951008,0.8865921497344971,0.88724285364151
1492,21.508129570555976,23.700086005200465,2.1919564346444886,0.8502801060676575,0.9546098709106445
1495,28.672721994413607,31.15911470262667,2.4863927082130637,0.7291171550750732,0.9045162200927734
1497,21.958742460744787,21.958885968146703,0.00014350740191559908,0.9643900990486145,0.9643912315368652
1498,23.77819450008157,26.139622387574597,2.3614278874930257,0.5131455063819885,0.9657375812530518
1502,28.61919450835647,28.618278935260733,-0.0009155730957353114,0.9188931584358215,0.918778657913208
1503,21.758901732599668,21.768879420133413,0.009977687533744728,0.7736515998840332,0.7755681872367859
1504,26.658846715241683,36.51550919225876,9.856662477017078,0.6010130643844604,0.9572262167930603
1505,35.100352685305175,35.10041445134643,6.176604125585072e-05,0.964515745639801,0.9645139575004578
1507,30.66990504332825,37.062596807031746,6.392691763703496,0.8609320521354675,0.9722259640693665
1509,32.92880240661731,40.288101472586575,7.359299065969267,0.8638577461242676,0.9805671572685242
1510,26.434574953477124,36.58846463964234,10.153889686165215,0.5849458575248718,0.9612877368927002
1512,31.51385996743395,31.51392659696109,6.662952714009407e-05,0.9900946617126465,0.9900957942008972
1513,26.07909198472211,37.83183890354316,11.75274691882105,0.4617098271846771,0.9449631571769714
1514,28.414138725166687,38.95861087200747,10.544472146840782,0.6081058382987976,0.9675026535987854
1515,28.73301420079223,31.94906546976742,3.216051268975189,0.7988912463188171,0.9544510841369629
1516,31.252573347115018,37.52407781535653,6.27150446824151,0.7459952235221863,0.9564624428749084
1517,32.927765005142426,42.298478425850696,9.37071342070827,0.7623137831687927,0.9830519556999207
1523,33.24239924484492,39.2428170615387,6.000417816693783,0.918179452419281,0.9841433167457581
1524,25.06034781302105,33.067948325095074,8.007600512074024,0.6556587219238281,0.934306800365448
1525,23.474973873055053,24.440038027705903,0.9650641546508503,0.7437922358512878,0.9404318928718567
1527,26.259408842489577,26.635845377529087,0.3764365350395096,0.8874699473381042,0.8918044567108154
1529,27.757558927765267,30.06083271153492,2.3032737837696544,0.7869295477867126,0.9611775875091553
1533,25.173565046752277,32.547066735203344,7.373501688451068,0.690384566783905,0.925555408000946
1536,27.00767921316629,33.90898335013141,6.901304136965116,0.7289640307426453,0.9287657737731934
1538,24.83078446554535,31.497513643306043,6.666729177760693,0.7188158631324768,0.9077312350273132
1539,32.31146549164669,34.01583817319803,1.7043726815513338,0.8608627915382385,0.9382638931274414
1541,26.662845793536487,32.943482048129404,6.280636254592917,0.814564049243927,0.9530977606773376
1543,32.34917588266023,32.34920844719953,3.2564539303336915e-05,0.9192938208580017,0.9192933440208435
1545,24.01147048773229,24.01067752923283,-0.0007929584994599281,0.9409146308898926,0.9409309029579163
1546,25.64975194969497,31.993494978587496,6.343743028892526,0.6790285706520081,0.895468533039093
1547,26.4012354765786,26.40558350992682,0.004348033348222202,0.8088698387145996,0.8099396824836731
1550,23.50485710084999,25.883445762430043,2.3785886615800536,0.5471541285514832,0.771364688873291
1553,36.97981899351988,36.980597786914004,0.0007787933941258984,0.9982467293739319,0.9982471466064453
1554,28.40577593239695,28.631262856190332,0.2254869237933832,0.8497753739356995,0.8813285827636719
1555,34.118491160715905,34.119594109701744,0.0011029489858387365,0.9893155694007874,0.9892918467521667
1556,28.45033637871407,28.46745358726356,0.017117208549489504,0.8436828255653381,0.8439462780952454
1557,28.23931994716482,34.76778115173586,6.528461204571041,0.7436633110046387,0.9754974842071533
1558,25.882048883667267,32.25639886001945,6.374349976352185,0.8247219920158386,0.9633648991584778
1559,29.912036996694344,31.263907041113,1.351870044418657,0.9024075865745544,0.9766054749488831
1560,38.087079325758786,38.05609290079235,-0.030986424966435777,0.986909806728363,0.9866897463798523
1561,25.766227065262257,36.868843282748315,11.102616217486059,0.514913022518158,0.9581260085105896
1562,30.51123709691391,30.65458267467154,0.14334557775763201,0.9138376116752625,0.933056652545929
1563,27.891387542215753,27.891405587432562,1.8045216808815212e-05,0.8710629940032959,0.8710628151893616
1564,31.7423017809013,35.58958990719857,3.847288126297272,0.9424009323120117,0.9895756840705872
1565,28.681497182759706,39.091193749305326,10.40969656654562,0.5940929055213928,0.968226969242096
1566,29.023908700777568,31.54907898082572,2.525170280048151,0.810774028301239,0.9125869870185852
1567,25.56490657279069,25.570485738058757,0.005579165268066788,0.8456403613090515,0.8459098935127258
1569,25.559700475523442,25.55984961266371,0.00014913714026931757,0.9530034065246582,0.9530056118965149
1570,34.74221407274482,35.51269547676147,0.7704814040166497,0.9499399662017822,0.9686447978019714
1571,30.01166615678757,39.79658718218856,9.78492102540099,0.6720731258392334,0.9789631366729736
1572,26.095085773086055,27.249131379134937,1.1540456060488822,0.7916123270988464,0.9695838093757629
1573,48.13456128594311,48.13735749568849,0.0027962097453837487,0.9994776844978333,0.9994792342185974
1574,27.120854169414528,34.39030997301341,7.2694558035988805,0.8049154281616211,0.963455855846405
1577,28.91003475025066,28.909742095059485,-0.0002926551911741626,0.9928749203681946,0.9928755164146423
1578,36.748636397647545,36.7486896073426,5.320969505362427e-05,0.9722612500190735,0.9722604155540466
1580,27.104192901651246,27.103827217234855,-0.00036568441639062144,0.989546537399292,0.9895356297492981
1581,26.44410491057097,35.34148116734433,8.897376256773356,0.48983168601989746,0.9455775618553162
1582,27.988247221585265,27.98852019484942,0.0002729732641562066,0.9881337285041809,0.9881356358528137
1583,16.247256728848946,16.2521495011164,0.004892772267453438,0.6685047149658203,0.6687340140342712
1584,26.167094584314448,29.67904609603531,3.511951511720863,0.6864047646522522,0.9392244815826416
1585,28.93288921783704,28.934915146938103,0.0020259291010624736,0.8703340888023376,0.8707197308540344
1586,30.154578536796382,30.474996957580714,0.3204184207843319,0.8583539128303528,0.8911945223808289
1587,23.219037619547542,31.56116643977631,8.34212882022877,0.3665870428085327,0.9103937149047852
1588,23.275787801946603,34.805613897718246,11.529826095771643,0.38446328043937683,0.9235650897026062
1589,37.08985819543602,37.08991543105911,5.723562308901364e-05,0.9886462092399597,0.9886454939842224
1592,27.805725920607642,32.81577616154771,5.010050240940068,0.8738312721252441,0.9593527913093567
1593,26.19549114217365,36.557138995881516,10.361647853707865,0.5229803919792175,0.9353561401367188
1595,26.691271433901886,33.4216442587257,6.730372824823814,0.5111656188964844,0.9470440745353699
1597,25.75689251823906,25.92646316169546,0.1695706434563995,0.9063765406608582,0.9146497249603271
1598,31.016091119211026,40.78782261778805,9.771731498577026,0.7244375348091125,0.972553551197052
1600,32.68074456603821,42.38399155327497,9.70324698723676,0.7425620555877686,0.9803142547607422
1602,27.10712753734601,27.10715558731375,2.8049967738752457e-05,0.8207144141197205,0.8207164406776428
1603,25.981212056399507,25.987974685265193,0.006762628865686793,0.8915625214576721,0.8925573229789734
1604,30.881337354347814,30.880987751746197,-0.0003496026016165388,0.9972124099731445,0.9972131848335266
1605,31.101971315177437,31.09436547792542,-0.007605837252015135,0.9558728337287903,0.955193042755127
1606,34.421180616772254,34.421757868619316,0.0005772518470621435,0.9988243579864502,0.9988250136375427
1607,31.362647125063155,31.81582591833965,0.45317879327649635,0.8520070910453796,0.8814142346382141
1608,23.469166393775403,23.479215403399884,0.010049009624481187,0.7968547940254211,0.8008322715759277
1610,26.971957725853382,35.24043595103349,8.268478225180107,0.7435291409492493,0.9619841575622559
1612,28.653672848644685,31.768517100721525,3.114844252076839,0.8301973342895508,0.9602052569389343
1613,32.004262852738,33.875430695871394,1.8711678431333922,0.8283805847167969,0.9281766414642334
1615,28.603158178576834,36.845652665628414,8.24249448705158,0.6006677746772766,0.9232403635978699
1617,33.49299611528495,41.53239051888911,8.039394403604156,0.8559749126434326,0.9812286496162415
1619,23.36343367339594,23.706454890023668,0.34302121662772933,0.6887988448143005,0.6907793879508972
1620,35.37033291572962,36.08407340741469,0.7137404916850727,0.9368981719017029,0.9597378373146057
1622,29.008898116379225,32.30467074394059,3.295772627561366,0.8530084490776062,0.9734396934509277
1623,22.761799050669094,31.05409094235621,8.292291891687118,0.687341034412384,0.9387858510017395
1624,27.41659434703404,33.64022183506142,6.223627488027379,0.7508408427238464,0.9455588459968567
1627,29.434399898290565,31.542489975576807,2.108090077286242,0.8361241221427917,0.9308920502662659
1628,35.53954947408371,35.539638179454805,8.870537109828547e-05,0.9806095957756042,0.9806095957756042
1629,31.59778683736605,37.069870309121185,5.472083471755134,0.7324535250663757,0.9514546394348145
1632,27.070403887121376,37.16753629889713,10.097132411775757,0.6472495198249817,0.9625699520111084
1635,28.32772780574626,28.32801506106131,0.0002872553150510271,0.993770182132721,0.9937712550163269
1637,29.524039018745093,42.709619438350174,13.185580419605081,0.5161914825439453,0.9819379448890686
1639,15.883251935799121,15.896442773060226,0.013190837261104704,0.7194231152534485,0.7199065089225769
1642,30.954591136786625,31.23211788340221,0.2775267466155853,0.9198614954948425,0.9324283003807068
1643,22.180847751666445,22.19411429978655,0.01326654812010375,0.7693175673484802,0.7697484493255615
1644,29.43167951728267,29.431639596144063,-3.992113860817881e-05,0.9718015789985657,0.9718014597892761
1645,30.813615453200818,39.72918593823981,8.915570485038991,0.7342786192893982,0.9769957065582275
1647,33.879229879189715,34.40740428904125,0.5281744098515375,0.9524809718132019,0.9676971435546875
1648,32.57653475659652,32.60066997099895,0.024135214402427607,0.9624438881874084,0.9626229405403137
1650,32.42673723418691,32.42721507998142,0.0004778457945135983,0.9977018237113953,0.9977031350135803
1651,25.515050014536158,32.43401803633315,6.918968021796992,0.5082352757453918,0.9559571743011475
1653,38.79810595330805,38.798312013367735,0.000206060059682045,0.9978345036506653,0.9978356957435608
1654,28.831354979205766,28.831278877853595,-7.610135217106517e-05,0.9732019305229187,0.9731743931770325
1655,27.433786191168096,27.434035967001442,0.0002497758333461775,0.9949826598167419,0.9949855804443359
1656,27.690620606584872,34.21831674497271,6.527696138387839,0.8452169299125671,0.963657557964325
1657,27.76561619567522,28.322761809450796,0.5571456137755746,0.8420255780220032,0.8769986629486084
1658,30.55820551668173,40.44125722135473,9.883051704673,0.7157142758369446,0.9771007895469666
1661,31.090745464221257,35.040942753023515,3.950197288802258,0.7504332661628723,0.9275223612785339
1662,28.492663727369795,34.49711412434498,6.004450396975187,0.8363968729972839,0.958247184753418
1664,26.193237218370538,35.154619462151146,8.961382243780609,0.6553133130073547,0.944974422454834
1666,25.799315374704456,25.79987929054844,0.0005639158439834091,0.8270621299743652,0.8271617889404297
1667,26.792703192936838,38.383119462687844,11.590416269751007,0.4788232743740082,0.9458523392677307
1668,22.83686492144726,29.310786150781894,6.4739212293346355,0.3188343346118927,0.7881011366844177
1670,33.812777573764954,33.81280159749908,2.4023734127354146e-05,0.9734763503074646,0.9734761714935303
1671,31.688544035065732,31.731203406418665,0.04265937135293285,0.9168913960456848,0.9208618998527527
1672,29.924556169619922,36.960523409770246,7.035967240150324,0.8380628228187561,0.9753862023353577
1673,26.604063952567962,34.34286454197809,7.7388005894101255,0.7860451340675354,0.9625800251960754
1674,24.56702125598879,29.78166741321038,5.214646157221587,0.7313156723976135,0.9639903903007507
1675,29.570301384425214,29.654987362263398,0.0846859778381841,0.9410894513130188,0.9429702758789062
1677,32.81458899656549,35.94660770712566,3.1320187105601676,0.8404833674430847,0.9521759152412415
1678,27.302581985069164,37.65710643527825,10.354524450209087,0.6105111241340637,0.9597088694572449
1680,24.611079336257895,29.420606164483797,4.809526828225902,0.6683435440063477,0.926707923412323
1681,21.306663551674024,21.805011734927415,0.49834818325339114,0.7418461441993713,0.9394927620887756
1682,40.42474839295948,40.42491844335075,0.0001700503912687168,0.9981982111930847,0.9981984496116638
1685,35.07242440977835,35.07248496703607,6.055725771858533e-05,0.9663906097412109,0.9663894176483154
1686,24.15872569495533,26.470795239378578,2.312069544423249,0.6391539573669434,0.9477348923683167
1687,30.243483945178212,37.26316753420715,7.019683589028936,0.8508632779121399,0.9737891554832458
1688,24.70955290639803,24.70975059930375,0.00019769290571858278,0.9851193428039551,0.9851204752922058
1690,27.578402325993878,27.61117209861927,0.032769772625393045,0.9080610275268555,0.9509344100952148
1691,30.81320785052066,30.830375489349116,0.0171676388284574,0.9354219436645508,0.9369706511497498
1692,32.917771322699664,38.92331691707037,6.005545594370709,0.8810238242149353,0.9841766357421875
1693,28.295906718175164,32.42932158763146,4.133414869456299,0.7613785862922668,0.9381693005561829
1694,25.292243675000886,25.292849772985146,0.0006060979842601455,0.8112000823020935,0.8114342093467712
1695,25.249397384903244,32.001503351894165,6.752105966990921,0.6615976691246033,0.8766357898712158
1697,28.424742782012334,34.68161784446268,6.256875062450344,0.724602997303009,0.9598660469055176
1700,21.96229471015284,21.962906419667547,0.0006117095147075702,0.8309605121612549,0.8310521245002747
1701,32.16735752343742,38.21498931302286,6.047631789585445,0.8764716982841492,0.9755255579948425
1702,30.858602515815846,30.881865062945234,0.02326254712938791,0.9595329761505127,0.9593956470489502
1705,31.85877333910674,36.277758083139034,4.418984744032294,0.9637252688407898,0.9889586567878723
1706,28.402133160471458,35.02607153100473,6.623938370533274,0.8305594325065613,0.967246949672699
1708,25.943664014810317,30.533557339015537,4.589893324205221,0.8434997200965881,0.9660704135894775
1709,32.297900341393685,32.297502158535394,-0.000398182858290852,0.9939315915107727,0.993931770324707
1711,28.100653716034266,38.124198776629036,10.02354506059477,0.6470689177513123,0.9708352088928223
1712,23.397313949348465,23.403437849341472,0.006123899993006887,0.803303062915802,0.8043534755706787
1715,23.611627083034755,23.612156683655073,0.0005296006203181491,0.843433678150177,0.8434755802154541
1718,27.84696427736531,34.19638809817135,6.349423820806038,0.7149848937988281,0.9346168041229248
1719,26.85034527742969,27.55882022504636,0.7084749476166721,0.8928885459899902,0.947476863861084
1720,28.139892107220064,28.15517559226215,0.015283485042086653,0.8945355415344238,0.8948116302490234
1721,24.150695286328464,27.099301145889548,2.9486058595610842,0.7252996563911438,0.9000054001808167
1722,30.048731008787538,30.05450066035081,0.00576965156327347,0.9539270401000977,0.9539991021156311
1723,30.69166931502555,31.00522626628195,0.3135569512564018,0.9024516940116882,0.9387931227684021
1724,33.29366773365051,33.4846751271908,0.19100739354028917,0.9384279847145081,0.9507596492767334
1725,24.092513938418627,24.10760378096471,0.015089842546082366,0.8683726191520691,0.8735144734382629
1726,16.597931261716475,31.45511401308714,14.857182751370665,0.1949361115694046,0.9342327117919922
1728,30.0125113167735,40.04854432792829,10.036033011154789,0.6730056405067444,0.9790218472480774
1729,28.306660741730852,28.306376264620138,-0.00028447711071422077,0.9902064204216003,0.990207850933075
1730,24.889709912155308,29.470852578141105,4.581142665985798,0.8205819129943848,0.9593783020973206
1733,24.553252593593022,27.66013131731983,3.1068787237268083,0.5647538304328918,0.8357691168785095
1736,26.657976798820933,26.65862839996712,0.0006516011461883409,0.9184896349906921,0.9203652739524841
1739,28.553476513639175,28.552957642900196,-0.0005188707389791603,0.9940258860588074,0.9940163493156433
1740,27.193404256356303,37.49091156717274,10.297507310816435,0.5876803994178772,0.9646000862121582
1741,23.82388370265042,25.041094708603254,1.2172110059528336,0.7619150280952454,0.9452047348022461
1742,26.843351796152994,33.07601031957216,6.232658523419168,0.5329342484474182,0.9650025367736816
1744,25.14671453027613,36.866558355768134,11.719843825492003,0.48927411437034607,0.9660146832466125
1748,31.031777155806864,38.69502432127162,7.663247165464753,0.7058696150779724,0.9773980975151062
1750,29.51109139431042,34.797688478214766,5.286597083904347,0.811175525188446,0.9552266001701355
1754,36.59909864221969,36.59929128369589,0.00019264147620390304,0.9800143241882324,0.9800143241882324
1755,33.02465679833676,33.024695350225365,3.8551888607685214e-05,0.9515288472175598,0.9515300393104553
1758,24.96234507367972,24.99570075603867,0.03335568235894826,0.874452531337738,0.8774102330207825
1759,26.045083000150026,26.057709925626973,0.012626925476947548,0.8110404014587402,0.8113141059875488
1761,23.53527189184273,23.535376417364347,0.00010452552161765993,0.9131080508232117,0.9131227135658264
1762,28.842169511298856,28.84083402995921,-0.001335481339644673,0.9962695240974426,0.9962137341499329
1765,24.151355635608148,24.156822954218434,0.005467318610286043,0.8244126439094543,0.8248130679130554
1766,26.77967586767248,35.86413485960222,9.084458991929736,0.5649436116218567,0.9349715113639832
1767,30.297624505386686,30.333508466992352,0.035883961605666315,0.9180431365966797,0.923008918762207
1772,43.55308537316769,43.551484434262086,-0.0016009389056037548,0.9948863387107849,0.9948880672454834
1773,28.44706726076366,28.44708423316397,1.697240031006686e-05,0.9439542293548584,0.9439542293548584
1774,33.475531468932196,38.92059522401554,5.445063755083346,0.9130809903144836,0.9834277033805847
1776,20.040895705883223,20.061638367223935,0.020742661340712232,0.7010497450828552,0.7078283429145813
1778,24.84904768698059,34.29652939526944,9.447481708288848,0.5942699909210205,0.9461960196495056
1780,27.88185522248363,28.145818262113693,0.2639630396300632,0.7998933792114258,0.8237998485565186
1781,26.871778798129547,42.61914031894234,15.747361520812795,0.3219625651836395,0.9636983871459961
1785,32.16823036442235,39.86069083015332,7.692460465730967,0.8277485370635986,0.979544460773468
1788,25.42281194470096,25.423014964446402,0.00020301974544167933,0.995512068271637,0.9955089688301086
1789,31.72991297662753,39.758379784080354,8.028466807452823,0.7685699462890625,0.9805150032043457
1790,30.274399571539405,35.742287230473096,5.467887658933691,0.9415605664253235,0.9845823645591736
1791,27.515218768452208,35.6860989748716,8.17088020641939,0.4256470203399658,0.9203777313232422
1792,29.933740733320306,29.932797257949705,-0.0009434753706010213,0.9911990761756897,0.9911875128746033
1794,31.030660704400805,38.6504469037841,7.619786199383295,0.8215353488922119,0.9796395897865295
1797,29.302317971493117,33.500412685982546,4.198094714489429,0.9284346699714661,0.9793014526367188
1798,25.906676578951718,26.0301535347009,0.12347695574918305,0.9119371771812439,0.9317436218261719
1799,30.57909112152162,36.27093286151222,5.6918417399906005,0.9071722030639648,0.9762630462646484
1804,26.452982877992,32.21211358937652,5.759130711384522,0.8302583694458008,0.950648307800293
1805,30.206878466682298,38.426671745527685,8.219793278845387,0.6809394359588623,0.9520542621612549
1807,25.5012815669393,25.501283002470615,1.4355313133762593e-06,0.8879690170288086,0.8879694938659668
1808,28.149138938981654,28.27314500181084,0.12400606282918503,0.8470839858055115,0.8509125113487244
1809,42.591637228214445,42.59306188812235,0.001424659907904413,0.9997382760047913,0.9997370839118958
1812,24.416773712021367,24.818285553545927,0.40151184152455954,0.6871488690376282,0.7336923480033875
1813,22.998175261873122,24.895754431307225,1.8975791694341027,0.5887317061424255,0.9484179019927979
1814,23.98113134960083,31.054904018945425,7.073772669344596,0.4613684117794037,0.9327234625816345
1817,31.40205721358146,39.8231791078009,8.421121894219436,0.8023486733436584,0.9821884632110596
1820,32.748641360378,37.728590966656526,4.979949606278524,0.8489988446235657,0.9829662442207336
1824,27.56474682662715,27.693866995268685,0.12912016864153486,0.8333602547645569,0.860937774181366
1826,24.705695359599783,24.727245371354446,0.021550011754662535,0.786446750164032,0.787614107131958
1828,29.45058253365763,29.534203616600017,0.08362108294238624,0.8924689292907715,0.9035654664039612
1829,25.350247689794475,35.00618829188164,9.655940602087167,0.5870189666748047,0.9273656010627747
1831,24.57405490269621,25.86400006290605,1.2899451602098395,0.6769621968269348,0.8106692433357239
1833,30.92072795045855,30.920761387104243,3.343664569399607e-05,0.9252360463142395,0.9252355098724365
1835,30.795463204150195,36.76423079271278,5.968767588562585,0.8707222938537598,0.9750489592552185
1836,26.011347146488,32.54640376612135,6.535056619633352,0.6643543243408203,0.8908358216285706
1838,23.42911709016747,23.429281897344005,0.00016480717653521992,0.9539458155632019,0.9539442658424377
1839,22.57483720099431,22.574987214210847,0.0001500132165368484,0.9299630522727966,0.9299662709236145
1840,28.62209110911191,29.78945656435365,1.1673654552417396,0.8820975422859192,0.9776408076286316
1841,28.585119136805023,28.585405315131453,0.00028617832643007546,0.9965546131134033,0.996556282043457
1842,33.67835455502597,37.98814295223593,4.309788397209964,0.9431464076042175,0.9845146536827087
1844,28.156539560204482,28.276662429385357,0.12012286918087511,0.9192063808441162,0.931372344493866
1846,29.98547941704296,38.13052274116476,8.1450433241218,0.8046373724937439,0.974022626876831
1847,33.38831584818368,44.060205142585794,10.671889294402114,0.7552345395088196,0.9841788411140442
1848,27.335448804892117,44.92007380939931,17.584625004507195,0.341016560792923,0.9822916388511658
1849,25.544392450182187,33.14208360087429,7.5976911506921,0.7627132534980774,0.9530196189880371
1850,27.718806526562037,27.77156387266587,0.05275734610383154,0.8613128662109375,0.8721426129341125
1853,26.72730700460187,26.72732604237266,1.9037770790930608e-05,0.9117963314056396,0.9117963910102844
1855,31.253122850475414,31.25353679486768,0.0004139443922674957,0.9974411129951477,0.9974438548088074
1856,27.250688109583745,34.587226122673265,7.33653801308952,0.8441483378410339,0.9690272808074951
1857,26.259037934221965,26.268760807491518,0.009722873269552679,0.8713530898094177,0.871666431427002
1858,28.934020330758685,38.70884731436704,9.774826983608357,0.6740684509277344,0.959439754486084
1859,29.0014146453346,37.852737466970936,8.851322821636337,0.6634889841079712,0.9652588367462158
1860,34.53970798457627,34.5397658653105,5.7880734232185205e-05,0.9636969566345215,0.9636960029602051
1861,37.18102573267001,37.180943507974,-8.222469600838167e-05,0.9843174815177917,0.9843198657035828
1863,24.15092722553159,24.151081069590987,0.00015384405939755652,0.9217054843902588,0.9217054843902588
1866,29.782265084243285,29.782268931145456,3.846902171034117e-06,0.9462441802024841,0.9462435841560364
1867,28.07586232015829,28.69537895434187,0.6195166341835794,0.8524218201637268,0.974188506603241
1869,31.562360229933667,31.562396092178354,3.586224468676846e-05,0.905701220035553,0.90570068359375
1870,27.694773231513206,33.25456362304651,5.559790391533301,0.5696589350700378,0.9637296199798584
1871,23.886453754052436,27.921137435426466,4.03468368137403,0.6153853535652161,0.9403245449066162
1872,30.377813472212118,30.5075926818331,0.1297792096209811,0.8954482078552246,0.9078618884086609
1874,25.51974580350858,32.761014641419436,7.241268837910855,0.7027400135993958,0.9422171711921692
1875,22.194235298047232,25.286739308640183,3.0925040105929504,0.8082817196846008,0.9257820248603821
1878,25.264606461488555,33.553859133162604,8.289252671674049,0.7689168453216553,0.9579635262489319
1880,29.828308047159528,36.385104218153,6.556796170993476,0.818631649017334,0.9676013588905334
1891,37.658122087693904,37.65824813950351,0.00012605180960889584,0.9844539761543274,0.9844533801078796
1892,25.105909088582415,35.17514737436586,10.069238285783442,0.5956410765647888,0.9466855525970459
1893,25.563964179340985,33.284307473909465,7.72034329456848,0.69764643907547,0.9352807402610779
1894,26.2990537743204,26.298810124501586,-0.00024364981881319636,0.9938831329345703,0.9938819408416748
1897,31.769463798898542,31.769513190904046,4.939200550424516e-05,0.9889824986457825,0.988983154296875
1898,38.66303535407418,38.663179358850485,0.00014400477630260866,0.9805541038513184,0.9805536866188049
1899,24.83064299903034,33.022396024289066,8.191753025258727,0.7014902234077454,0.9407077431678772
1900,33.04601361363118,33.59722252537801,0.5512089117468264,0.8247573971748352,0.860826313495636
1902,29.524403330026885,29.65284074398911,0.1284374139622244,0.8429878354072571,0.859489381313324
1904,37.55817818877902,37.55828948651515,0.0001112977361330536,0.9667186141014099,0.966718852519989
1906,29.452802607551455,36.206212281195526,6.753409673644072,0.8036506772041321,0.9657506942749023
1907,30.19754943062029,36.9169263262158,6.719376895595513,0.8278038501739502,0.9649235606193542
1908,20.461005439094116,21.927712037545064,1.4667065984509478,0.5836765170097351,0.923198401927948
1909,26.36956856575455,27.025959687713332,0.6563911219587801,0.7379760146141052,0.8023003935813904
1910,26.952003661100115,34.444484793377256,7.492481132277142,0.6900941729545593,0.9467294812202454
1911,30.58403212439849,30.598295302944273,0.014263178545782296,0.8986546397209167,0.9005987644195557
1914,23.548959644351637,23.55414776002892,0.005188115677281502,0.7489371299743652,0.7500330805778503
1917,32.564079954582404,32.599735653113584,0.03565569853117978,0.9414272308349609,0.9433601498603821
1921,30.609666480383364,30.610034764701428,0.0003682843180641271,0.9957333207130432,0.9957337975502014
1923,30.481880063468545,38.043325057996284,7.56144499452774,0.7967715263366699,0.9759215712547302
1924,30.50077540149975,30.500800933555553,2.5532055801136266e-05,0.910785436630249,0.9107913374900818
1925,25.959388010452944,25.958597247296034,-0.0007907631569104012,0.9735245704650879,0.9734048247337341
1926,26.38923704829963,26.397721535604795,0.008484487305164379,0.916391909122467,0.9166280627250671
1928,26.39378199519292,34.511915313421,8.118133318228079,0.6035516858100891,0.8958278298377991
1929,21.329643741540693,23.06155501865448,1.7319112771137881,0.7479367256164551,0.9109899997711182
1930,22.329658143497817,23.29531809944352,0.9656599559457035,0.5397661328315735,0.8923344612121582
1931,31.032705667027937,31.03273452587508,2.8858847144874744e-05,0.9482162594795227,0.9482144713401794
1932,30.011547533215875,33.45255606667697,3.441008533461094,0.8628942370414734,0.9520285725593567
1933,27.47370583404994,28.138706265098953,0.6650004310490125,0.8174039721488953,0.859997570514679
1934,24.796685076276354,36.98573122638673,12.189046150110379,0.4601755440235138,0.9521153569221497
1935,29.688509755026338,29.690010264583577,0.001500509557239127,0.9183873534202576,0.9184554219245911
1938,34.21902124954751,34.21907133716238,5.0087614873461916e-05,0.9692230820655823,0.9692218899726868
1939,26.18864963187408,26.554206188062167,0.36555655618808913,0.7480151057243347,0.7847810387611389
1940,26.109089912342025,35.12668683617517,9.017596923833143,0.6433289051055908,0.9549714922904968
1941,32.58749126934465,32.5874490706222,-4.2198722454145354e-05,0.9052502512931824,0.9052503705024719
1943,27.028389679567333,27.028272355965367,-0.00011732360196603508,0.9652239680290222,0.9652244448661804
1944,22.51862658308302,34.05273100179062,11.5341044187076,0.5139074325561523,0.9292306900024414
1945,25.226856508463605,31.895152123665824,6.668295615202219,0.6570062637329102,0.9249861836433411
1946,25.243674074754626,36.204600837090894,10.960926762336268,0.5237269997596741,0.9319195747375488
1947,30.765713244085507,32.29326428869975,1.5275510446142455,0.9248365759849548,0.9615920186042786
1948,30.179804321963463,40.03217150471457,9.852367182751106,0.6874211430549622,0.968341052532196
1949,24.144574676523227,24.144746940460898,0.0001722639376708912,0.9727490544319153,0.9727497696876526
1950,30.514928687856433,36.76086424908858,6.2459355612321446,0.8990683555603027,0.9795480370521545
1951,29.902744412202182,29.90274342342407,-9.887781118322891e-07,0.8919450640678406,0.8919413685798645
1953,28.09582576642274,28.09667897935725,0.0008532129345084627,0.9111800193786621,0.9113900661468506
1954,34.21846932228715,35.517780111825786,1.2993107895386373,0.8846607804298401,0.9491727948188782
1956,42.47938038675093,42.47378162620612,-0.005598760544813786,0.9991059303283691,0.9990692734718323
1957,32.92323182476412,37.445737684321664,4.5225058595575405,0.9424538612365723,0.9850277900695801
1959,24.838502600493207,29.68522578746034,4.846723186967132,0.540371835231781,0.8877711296081543
1960,25.611890549248393,31.342252846426007,5.730362297177614,0.540998637676239,0.9548528790473938
1963,29.818977394425254,29.818785360580094,-0.00019203384515975586,0.8711743354797363,0.8711752891540527
1964,28.439701139202253,28.439434285629893,-0.00026685357235933793,0.961260974407196,0.9612653255462646
1966,34.00749715574577,36.720432451111314,2.712935295365547,0.8579028248786926,0.9608373641967773
1967,28.030651745415994,38.03237477540162,10.001723029985627,0.6363908052444458,0.9611667990684509
1969,26.32838492900143,36.289200370069864,9.960815441068434,0.6037046313285828,0.9524978995323181
1970,24.54438471738406,25.2779097867319,0.7335250693478415,0.8036704063415527,0.9705278873443604
1971,28.57022013841831,28.57054462560108,0.0003244871827696727,0.991704523563385,0.9917060732841492
1973,24.636546168403576,28.106022772353604,3.469476603950028,0.555136501789093,0.9442752003669739
1974,25.377002068822655,31.047727264290632,5.670725195467977,0.5621436238288879,0.952619731426239
1980,24.81997065445471,24.828413357431312,0.008442702976601879,0.8504626750946045,0.854142963886261
1983,25.456137010714546,33.634289385440304,8.178152374725759,0.4873843193054199,0.9046802520751953
1985,30.101272797921474,31.077452264213786,0.9761794662923116,0.8552263379096985,0.9399153590202332
1988,32.26195906504511,32.26165692825775,-0.0003021367873614622,0.9975228309631348,0.9975225329399109
1989,33.892360449073706,39.61711671735128,5.724756268277574,0.9322722554206848,0.9866558909416199
1991,24.15767360596825,24.17469713335698,0.01702352738873003,0.7992870211601257,0.8021514415740967
1993,24.300405423932936,34.839195853705164,10.538790429772227,0.47865331172943115,0.9232676029205322
1994,29.307051893511268,36.02017908040567,6.7131271868944005,0.8714368939399719,0.974714994430542
1995,25.350540243964783,25.453579818330855,0.10303957436607192,0.9454810619354248,0.9497801661491394
1996,24.219743034500155,24.219729942856397,-1.309164375840055e-05,0.796464741230011,0.7964629530906677
1997,26.341089163004337,26.39186202623305,0.050772863228711884,0.8464958667755127,0.871350109577179
1998,20.5878315817542,22.183176721193636,1.5953451394394342,0.7175962924957275,0.9199150204658508
2000,25.400927458086397,30.067098016054615,4.6661705579682184,0.5308257341384888,0.9693990349769592
2001,32.18823210335777,33.84986870920308,1.6616366058453096,0.8496350646018982,0.9329951405525208
2003,29.86406951575265,30.003776134885992,0.13970661913334226,0.8991463780403137,0.9086306095123291
2006,27.28096935049858,31.64424488064835,4.363275530149771,0.6901669502258301,0.9171599745750427
2008,37.5089971304447,37.50908010869069,8.29782459916828e-05,0.995981752872467,0.9959807395935059
2011,25.350319786622656,28.009663082940538,2.659343296317882,0.5829346776008606,0.9658482670783997
2013,25.736251613104486,33.299281538027834,7.563029924923349,0.7906873822212219,0.9556387066841125
2014,26.638440978859023,26.949753784709035,0.31131280585001164,0.8393909335136414,0.8797710537910461
2015,14.590890083584016,14.62079540927136,0.029905325687343165,0.6846416592597961,0.6866593360900879
2016,15.983293514526494,23.834715653484455,7.851422138957961,0.3052966296672821,0.8382151126861572
2017,25.261093851009605,25.26129827908868,0.0002044280790762798,0.9813232421875,0.9813234806060791
2018,36.04390641773487,36.043357482114196,-0.0005489356206709317,0.997633695602417,0.9976339340209961
2019,35.00818930341021,35.008252976174006,6.367276379393161e-05,0.9687307476997375,0.9687297940254211
2020,28.926560818726944,35.58300231775747,6.6564414990305245,0.7612967491149902,0.9513373374938965
2021,25.56644440950795,33.98778077031451,8.421336360806556,0.7141342759132385,0.9448814392089844
2022,25.835752488010122,35.54861719849049,9.712864710480368,0.6074557900428772,0.9596318602561951
2026,28.873994937988115,28.881255213375006,0.007260275386890669,0.9081974029541016,0.9110548496246338
2027,29.089293553851626,33.91167260964138,4.822379055789753,0.8958001136779785,0.96727055311203
2029,21.58718298068419,21.594694752329442,0.007511771645251741,0.8521531224250793,0.855503499507904
2030,28.94118482019335,28.941493073643365,0.00030825345001517235,0.9933958053588867,0.9933972358703613
2032,27.65811287352383,28.004692148402683,0.3465792748788523,0.8163685202598572,0.8980771899223328
2035,27.77167646256007,38.03093358182557,10.259257119265502,0.6067368388175964,0.9668846130371094
2037,28.319755198571638,28.363332562799197,0.0435773642275592,0.960084855556488,0.9603268504142761
2038,26.71000101582536,37.527965901731804,10.817964885906445,0.5782985091209412,0.9632763266563416
2040,30.322951082817774,40.803804215064574,10.4808531322468,0.682222843170166,0.9727625250816345
2041,31.567293888396087,31.928839362606386,0.36154547421029903,0.9046835899353027,0.9344509243965149
2042,33.38929912261223,33.38940587575713,0.00010675314489816401,0.9918258190155029,0.9918270111083984
2043,24.216137377626403,28.997917775360136,4.781780397733733,0.7886978983879089,0.9331441521644592
2044,25.051180038546082,35.96004968239707,10.908869643850988,0.5324903130531311,0.9548677802085876
2045,24.638116888707092,24.638320771027455,0.00020388232036339105,0.9795651435852051,0.9795680642127991
2050,21.610320520505066,21.614768679933363,0.00444815942829635,0.8132753372192383,0.8169354796409607
2052,39.94155636639326,39.94177304984593,0.00021668345267045197,0.9696831703186035,0.9696834087371826
2053,28.60854952385639,36.630126186198815,8.021576662342426,0.8441283702850342,0.9816207885742188
2056,28.217698591459754,35.9788195400641,7.761120948604347,0.6940677165985107,0.9557633399963379
2058,22.96007472689487,26.885301466417047,3.925226739522177,0.5419334173202515,0.9317137598991394
2059,31.418665672709814,39.475486703928006,8.056821031218192,0.7832385897636414,0.968120813369751
2060,29.86005919870277,40.21744511496686,10.357385916264086,0.6849051117897034,0.9776945114135742
2061,26.831800916654057,32.14321707978873,5.31141616313467,0.9015986323356628,0.9712858200073242
2065,30.22828624625198,40.07348646173458,9.845200215482603,0.6779444813728333,0.9744346737861633
2067,33.74317790297437,33.74325660971667,7.87067423004828e-05,0.9931046366691589,0.9931052327156067
2068,32.31127868539899,34.74888466610652,2.4376059807075308,0.8647006154060364,0.9537288546562195
2069,30.813630392245663,30.858931220251655,0.04530082800599189,0.8777174949645996,0.8797101974487305
2070,28.650225231820457,28.65050054028019,0.00027530845973444684,0.9110804200172424,0.9110812544822693
2071,26.83449196055703,33.619556881031784,6.785064920474753,0.8508128523826599,0.9721312522888184
2074,28.210519233890338,28.210805872358545,0.00028663846820720096,0.9944062829017639,0.994406521320343
2075,35.00243817857211,35.00303330737306,0.000595128800945588,0.9990243911743164,0.9990248084068298
2078,27.891062741133904,37.47639464271085,9.585331901576946,0.6316311359405518,0.9687924385070801
2081,32.4267385602357,32.42629745034034,-0.000441109895355396,0.9976900219917297,0.9976902008056641
2082,28.21454998259299,30.128966895025243,1.9144169124322516,0.8974114060401917,0.942825973033905
2084,25.857635245212283,26.914130504577706,1.0564952593654233,0.8306964039802551,0.8879029154777527
2085,28.74480852285373,36.75729213795069,8.012483615096961,0.7170018553733826,0.9716745018959045
2086,34.080952156876016,34.08439391292084,0.0034417560448218865,0.9936137199401855,0.9935213923454285
2089,29.24968708757096,31.472456375853373,2.2227692882824144,0.7829055786132812,0.9662777781486511
2090,31.520990824521537,38.59918396489461,7.07819314037307,0.7823808789253235,0.9779581427574158
2094,29.328852451154926,29.32887107841964,1.862726471202336e-05,0.90093994140625,0.9009401202201843
2095,15.953537858035983,16.1237687979199,0.17023093988391835,0.6242329478263855,0.6537416577339172
2096,28.716575039349102,38.77495445839327,10.058379419044165,0.6288080215454102,0.9527464509010315
2097,35.306132547509876,35.30619945514218,6.69076323021045e-05,0.9631567001342773,0.9631558060646057
2098,25.607572200921453,37.9057995815382,12.298227380616744,0.42399248480796814,0.9525585770606995
2099,25.229664862735618,33.61958625840724,8.389921395671621,0.6766431927680969,0.9439705014228821
2100,25.96051000069936,36.973411706102084,11.012901705402722,0.5147489905357361,0.9647889733314514
2104,28.344424590065472,28.49946318458233,0.15503859451685642,0.8891699910163879,0.9032142758369446
2105,26.231249418979935,30.50788733914061,4.276637920160674,0.9045360684394836,0.963240385055542
2106,20.915299004838097,20.915463796988636,0.00016479215053877283,0.9631869792938232,0.963160514831543
2107,24.808297267387065,33.36747598762754,8.559178720240478,0.4273192584514618,0.9336776733398438
2109,41.403562951529196,41.40383798469504,0.00027503316584187587,0.9977981448173523,0.9977982044219971
2111,27.65588759744929,38.620142379501445,10.964254782052155,0.40068724751472473,0.8449624180793762
2112,36.73057921634143,36.72987851360759,-0.0007007027338445937,0.9986981749534607,0.9986979365348816
2114,25.77790125417176,25.7890312872926,0.011130033120842597,0.8489635586738586,0.8516343235969543
2115,19.814351837579384,19.814049177232206,-0.0003026603471774081,0.7759971618652344,0.7793145179748535
2116,27.9241028491991,27.924368371758543,0.0002655225594416777,0.9954380393028259,0.995438277721405
2120,31.674693047382142,36.21558892163835,4.540895874256208,0.7994422912597656,0.9778186678886414
2121,29.45070014860413,29.450718414847486,1.8266243355213874e-05,0.9316818118095398,0.9316820502281189
2122,28.955305686754226,38.05267370763296,9.097368020878736,0.7233803868293762,0.9702698588371277
2124,35.61255472535277,35.61262882557605,7.410022328002697e-05,0.9958106875419617,0.9958110451698303
2126,28.131259993305555,28.131549010565653,0.00028901726009777917,0.9932740330696106,0.9932761192321777
2130,35.307939844555506,35.30800206019372,6.221563821640075e-05,0.9641203284263611,0.9641197323799133
2131,22.513648479448527,34.69519386661565,12.18154538716712,0.39667174220085144,0.9438346028327942
2133,30.30428942966963,33.6729221952108,3.3686327655411716,0.7949793338775635,0.9593479037284851
2134,46.95329578420031,46.56066887967633,-0.3926269045239792,0.9908722043037415,0.9889231324195862
2135,30.211077971123572,40.16036892279212,9.949290951668544,0.6826371550559998,0.9740424156188965
2136,32.21822018053503,35.282387224713084,3.064167044178056,0.8038305640220642,0.933012068271637
2137,21.49265066522765,21.499112236744477,0.006461571516826581,0.7293413281440735,0.732680082321167
2138,30.656324180163633,35.404337805674295,4.748013625510662,0.962163507938385,0.987814724445343
2139,24.899091003995167,28.32754307793513,3.4284520739399618,0.6040970683097839,0.938631534576416
2140,30.392049926843306,36.44639073619644,6.0543408093531355,0.9315072894096375,0.9840096831321716
2141,31.697950749260894,31.697414851564957,-0.000535897695936427,0.967125654220581,0.9671244621276855
2143,26.608001303554893,35.943780941369376,9.335779637814483,0.5231617093086243,0.9755549430847168
2144,25.97496221397504,34.688256578637976,8.713294364662936,0.6740656495094299,0.9416844248771667
2145,29.973277055792607,34.52901294035183,4.555735884559226,0.8043100237846375,0.9002569317817688
2146,28.81752414064526,39.53779193298317,10.720267792337907,0.6050266623497009,0.973179280757904
2148,29.315775055171528,38.1460932386477,8.830318183476173,0.7565839886665344,0.9678297638893127
2149,26.9049755049773,36.945399652269884,10.040424147292583,0.5782284140586853,0.9591330885887146
2150,28.079422957424885,28.07931347077263,-0.00010948665225640752,0.9934690594673157,0.9934701919555664
2152,26.854913873887604,27.124900727861974,0.2699868539743697,0.8197858333587646,0.8237541317939758
2153,22.46877625892519,22.468919796399977,0.00014353747478779155,0.9730817675590515,0.9730806350708008
2154,23.632380856097495,23.632557294514662,0.00017643841716719066,0.9322673678398132,0.9322717189788818
2155,20.810534596090243,22.99832087028134,2.1877862741910974,0.6356485486030579,0.927814781665802
2156,29.64569983735228,29.74119658030075,0.09549674294846966,0.9509372711181641,0.9544169306755066
2158,29.008885238818678,29.00921765307883,0.00033241426015351294,0.9955976605415344,0.9955986142158508
2159,31.58899526677788,37.83736177456656,6.248366507788681,0.8998200297355652,0.981780469417572
2160,29.893859446923994,39.17677642887198,9.282916981947988,0.7089220881462097,0.9703232645988464
2161,32.761408976747525,35.25072513591621,2.4893161591686876,0.8544673919677734,0.9280398488044739
2162,26.601486498056822,32.238771903325315,5.637285405268493,0.8952316641807556,0.9779108166694641
2167,31.081677639507145,31.081719797282265,4.215777511973329e-05,0.9044134020805359,0.904413640499115
2170,27.349101157935962,34.36298890258563,7.013887744649665,0.7580709457397461,0.9573297500610352
2171,27.563796918797596,27.580515833145455,0.01671891434785877,0.9625310897827148,0.9626403450965881
2172,24.45923761851669,31.896498082074153,7.437260463557465,0.6428460478782654,0.940251350402832
2173,25.056190199279573,34.83049776999418,9.774307570714608,0.553912341594696,0.936069667339325
2174,15.479640038051398,22.16701268299381,6.687372644942412,0.3826867640018463,0.8035416603088379
2175,36.16354554633685,36.16425072175523,0.000705175418381998,0.9984808564186096,0.9984845519065857
2176,29.26210126592275,33.9327866489691,4.670685383046347,0.8637180328369141,0.9495061039924622
2177,33.67524463517986,39.07656677451853,5.401322139338674,0.9492618441581726,0.9879061579704285
2178,25.96334678160921,37.47273572186388,11.509388940254667,0.4603959619998932,0.9550046920776367
2181,31.386456028819957,36.75648678878087,5.370030759960912,0.8601757884025574,0.9623954892158508
2183,24.491794166588434,24.491809811291994,1.5644703559303252e-05,0.9634588360786438,0.963458240032196
2184,30.988198948033315,40.890367092951976,9.902168144918662,0.7169215083122253,0.9705386161804199
2187,20.38729123995653,20.387484041139675,0.0001928011831466847,0.8944697380065918,0.8944816589355469
2188,32.86581602595043,33.121853157907125,0.2560371319566954,0.9257654547691345,0.941387414932251
2190,11.78765546308808,22.57982847020838,10.792173007120299,0.1939697265625,0.6917130947113037
2191,23.77001375127127,23.7698754803667,-0.00013827090457141367,0.9083909392356873,0.9083865284919739
2193,28.36704810190764,35.79951996351953,7.432471861611891,0.8036773800849915,0.9687607288360596
2194,27.683002140006835,36.30082549797177,8.617823357964937,0.707892894744873,0.9622257351875305
2196,21.879756003020482,21.879776579686588,2.0576666106109087e-05,0.877960741519928,0.8779618144035339
2197,31.976252306288725,32.65050753612346,0.6742552298347384,0.8709732890129089,0.9224081039428711
2198,27.984525934354796,28.00976411353231,0.025238179177513587,0.8524252772331238,0.8563769459724426
2201,24.72751564581567,34.56605246262822,9.83853681681255,0.42727673053741455,0.8782110214233398
2203,26.98901330651715,37.259844918351554,10.270831611834403,0.5816597938537598,0.9665054678916931
2204,32.3393664095564,36.60107716210739,4.261710752550989,0.9670456051826477,0.9892993569374084
2205,31.59472416743739,37.665789152015485,6.0710649845780935,0.8842682838439941,0.9752770066261292
2206,31.35284979825967,31.35322813534122,0.0003783370815497733,0.9961099624633789,0.9961093068122864
2207,25.800549011700138,30.39592510105534,4.595376089355202,0.8516753315925598,0.9456768035888672
2208,27.43576771176044,34.209217211596005,6.773449499835564,0.5151938199996948,0.8953704237937927
2209,23.84721290111912,23.847372783766204,0.00015988264708255429,0.9430750012397766,0.943080723285675
2210,45.384657224646155,45.38532518020669,0.0006679555605373366,0.9992579817771912,0.9992582201957703
2211,24.612439653189917,24.715745175307198,0.10330552211728161,0.8318312764167786,0.8507551550865173
2212,35.75213570477298,35.752249297784665,0.00011359301168312186,0.96978759765625,0.9697868824005127
2214,20.41449829765874,21.12557954717643,0.7110812495176901,0.5782609581947327,0.8680033683776855
2215,26.577102648541068,37.07823721730019,10.501134568759124,0.47669169306755066,0.9215086102485657
2219,42.86789623583466,42.86919545843679,0.0012992226021353304,0.9993714690208435,0.9993698000907898
2220,25.402908227943183,36.82671940286141,11.423811174918225,0.49643266201019287,0.9486839771270752
2222,29.69129844289023,29.73876413337534,0.04746569048511162,0.9059680104255676,0.9124038815498352
2225,20.30315615861129,20.303310562336954,0.0001544037256628883,0.9405660629272461,0.9405720233917236
2226,33.66571125860236,39.98075158852369,6.315040329921331,0.7736814022064209,0.9711553454399109
2229,29.903103353528515,34.09121915039772,4.188115796869205,0.6492695212364197,0.9265127182006836
2231,25.008022557274945,25.084783624772292,0.07676106749734757,0.8742072582244873,0.8949101567268372
2233,26.856818956811953,32.3895562032283,5.53273724641635,0.9126734733581543,0.9745989441871643
2234,30.592650704313314,33.72993271380471,3.1372820094913934,0.9350284934043884,0.9791064262390137
2237,28.804355260836665,28.80435065391321,-4.606923454275602e-06,0.8716071248054504,0.871605634689331
2238,28.73893988063148,32.548582992783,3.809643112151516,0.9420439600944519,0.976750373840332
2239,21.71464215764211,21.714776320682844,0.0001341630407338812,0.9438028931617737,0.9438062310218811
2241,22.99350869879083,23.000872027751083,0.007363328960252602,0.9262583255767822,0.9267683029174805
2243,33.173238623851205,35.13379238822846,1.9605537643772522,0.8384352326393127,0.9370538592338562
2247,30.242289232504188,30.266693688638362,0.024404456134174524,0.9048674702644348,0.9064777493476868
2248,27.585336240417135,27.58575611311317,0.0004198726960353838,0.9937548637390137,0.9937329888343811
2249,25.522844648440763,30.405102560451063,4.882257912010299,0.5357984304428101,0.9592349529266357
2250,21.204555958730495,21.35590360136463,0.15134764263413558,0.7151646614074707,0.73049396276474
2252,24.984534269819115,31.857382026694708,6.8728477568755935,0.5343918204307556,0.9289155006408691
2255,26.00621629188339,26.0062356422093,1.9350325910494348e-05,0.7996623516082764,0.7996641993522644
2256,23.67599084822881,25.34406014273465,1.668069294505841,0.8690351843833923,0.9168784618377686
2259,38.58839872422122,38.58741484357127,-0.0009838806499544717,0.999610960483551,0.9996114373207092
2261,31.20530734728883,31.653278220362235,0.44797087307340533,0.8338144421577454,0.8634621500968933
2262,20.593013433592375,20.592893814773525,-0.00011961881885014236,0.865824282169342,0.8658294677734375
2264,25.628273841905628,30.841967237077426,5.2136933951717985,0.8771938681602478,0.9676178097724915
2265,29.498907934841213,29.498906132881203,-1.8019600105390055e-06,0.8834893703460693,0.8834888339042664
2267,26.386126566153997,26.398882825245007,0.012756259091009525,0.8671159148216248,0.8704250454902649
2270,24.058823659364407,32.581554911979055,8.522731252614648,0.4780785143375397,0.8557295799255371
2272,21.44607640118923,23.400020409329652,1.9539440081404216,0.6282190680503845,0.9022615551948547
2273,25.09952551405948,37.15400790261264,12.054482388553161,0.464810848236084,0.9595887660980225
2274,24.89755231438523,38.97169702538763,14.074144711002397,0.25048935413360596,0.9170711636543274
2276,22.133694039671315,22.133873857082232,0.00017981741091688264,0.9745698571205139,0.9745714068412781
2277,25.70719317784967,25.707424613604925,0.00023143575525352844,0.9763970971107483,0.9763980507850647
2278,28.23772284278696,39.49357807969092,11.255855236903958,0.5848112106323242,0.9706394076347351
2281,32.78034477857493,39.3255463486475,6.545201570072571,0.8912128806114197,0.9775552153587341
2283,25.674294415534682,34.335317617807156,8.661023202272474,0.6891596913337708,0.9396359920501709
2288,29.58686885228203,29.646106654286392,0.05923780200436113,0.9201062321662903,0.9204974174499512
2289,26.290757539672637,26.28998542103409,-0.0007721186385474255,0.9896995425224304,0.9894484877586365
2291,29.198935294058437,29.199544111360435,0.0006088173019982435,0.938189685344696,0.9400404095649719
2292,22.465977155492247,23.126081961822802,0.6601048063305548,0.7320544719696045,0.8796691298484802
2294,25.020020901315718,25.042029961749655,0.022009060433937577,0.8066181540489197,0.8076121807098389
2297,23.9372772175915,30.63931271053189,6.702035492940389,0.5678055882453918,0.8974551558494568
2299,29.054916027312963,37.85793270614312,8.803016678830154,0.7175160050392151,0.9694397449493408
2300,32.4892834399269,42.3589292861055,9.8696458461786,0.733874499797821,0.9829612374305725
2301,23.711522411305282,27.374851864226958,3.663329452921676,0.6728387475013733,0.8656702637672424
2302,25.561141863968622,25.586274094279272,0.025132230310649817,0.8461129069328308,0.8535144925117493
2304,26.55293906662893,35.51176902052853,8.958829953899603,0.6227794885635376,0.9514987468719482
2305,26.02086899007705,29.3128512884892,3.2919822984121474,0.698661744594574,0.888009786605835
2307,32.32798394797191,42.05821552146596,9.730231573494052,0.738859236240387,0.9813445210456848
2308,33.2001763418502,35.71384782903718,2.5136714871869756,0.8545568585395813,0.9477799534797668
2309,23.56848529332379,23.57479429728137,0.006309003957582604,0.708881676197052,0.7093308568000793
2311,34.00036488573185,36.06386509067219,2.0635002049403397,0.8725738525390625,0.9638476371765137
2313,22.65360989671676,22.658594849247507,0.0049849525307479325,0.7730419039726257,0.7749485969543457
2314,30.61242908324263,40.001641044078454,9.389211960835823,0.7313075065612793,0.9769050478935242
2316,39.85224811523939,39.85329889152673,0.0010507762873359638,0.9994621276855469,0.9994609355926514
2318,27.58238204122467,27.582126483821924,-0.00025555740274540995,0.9914124608039856,0.9914126396179199
2320,26.902009545050444,37.02780946876197,10.12579992371153,0.5616949200630188,0.9487239718437195
2321,14.60570534028001,27.221845199071446,12.616139858791435,0.1970919370651245,0.7513388991355896
2323,36.52725959816133,36.52736754735962,0.00010794919828782668,0.9771819114685059,0.9771819114685059
2325,36.130520687095625,36.13123192993224,0.0007112428366156109,0.9951887130737305,0.9951894283294678
2326,28.167921323307876,39.276118858901704,11.108197535593828,0.5710242390632629,0.974644660949707
2327,24.730017083251905,35.51978220525536,10.789765122003455,0.48963579535484314,0.949354887008667
2328,25.650673772637028,25.65069420203357,2.0429396542454015e-05,0.9346610903739929,0.9346577525138855
2329,24.798998925957516,25.125885493549678,0.3268865675921617,0.670752227306366,0.7087605595588684
2330,27.519675592749486,28.781903953231694,1.262228360482208,0.8712536692619324,0.9378570914268494
2331,27.25381802087885,35.96255130639444,8.708733285515589,0.6351712346076965,0.952045738697052
2332,32.125164658687034,32.176350857661426,0.05118619897439203,0.939690113067627,0.9454739689826965
2334,32.94559600465521,33.22632216294731,0.28072615829210434,0.886290967464447,0.9034540057182312
2335,31.800624096317915,31.800662363702557,3.826738464240975e-05,0.9304995536804199,0.9304990768432617
2336,27.79867499049452,32.71509920971265,4.916424219218129,0.8962903022766113,0.9693655371665955
2343,31.608987297457737,37.0697586188389,5.460771321381159,0.9103481769561768,0.9755002856254578
2344,23.993820843577176,23.993832003463446,1.1159886270206698e-05,0.9472023844718933,0.9472023844718933
2346,24.098352930755063,24.098358127004595,5.1962495319912705e-06,0.865574300289154,0.8655743598937988
2348,29.594037924312296,30.141346283805255,0.5473083594929591,0.9007242321968079,0.9235086441040039
2349,27.175591025666776,28.9329983613468,1.7574073356800248,0.8143536448478699,0.8991835117340088
2351,25.6740430785567,34.505476342487206,8.831433263930506,0.6587120890617371,0.9527766704559326
2352,26.042733406268518,26.15015334802689,0.10741994175837277,0.8778448700904846,0.8996155858039856
2353,23.57557003471471,23.574992824963434,-0.0005772097512739549,0.9783547520637512,0.9782662391662598
2354,31.331900850135412,40.473369008826374,9.141468158690962,0.7326114773750305,0.9805019497871399
2355,23.740726557968262,35.99476042563812,12.254033867669857,0.40058907866477966,0.9467339515686035
2356,34.692308220197454,34.89130078957277,0.19899256937531362,0.9354557991027832,0.9478325843811035
2358,33.81949570984018,38.044162055891036,4.224666346050853,0.9098799228668213,0.966034471988678
2359,38.0247436579338,38.024878406715715,0.00013474878191743755,0.973707914352417,0.9737072587013245
2360,30.077499755834467,30.077856964314794,0.0003572084803273867,0.9900908470153809,0.9900916218757629
2361,25.177746005477175,25.206663833461526,0.028917827984351163,0.810290515422821,0.8107542991638184
2362,36.29571394394561,36.295763499936285,4.955599067812955e-05,0.9956594109535217,0.995659351348877
2364,33.88953268892362,38.52104111188714,4.63150842296352,0.9552823901176453,0.9869809150695801
2365,26.294667151916045,35.141145759466454,8.84647860755041,0.4986434876918793,0.9515800476074219
2366,27.229431199348184,35.198231661958545,7.968800462610361,0.7600850462913513,0.962558925151825
2369,24.60149522234534,33.35350860020195,8.75201337785661,0.4435616731643677,0.9398334622383118
2371,31.462993310215488,39.66715184932603,8.204158539110544,0.7869899272918701,0.9728050231933594
2372,32.38050704839071,36.58131802602189,4.200810977631178,0.9676675200462341,0.9896909594535828
2373,25.474026859240595,25.473876360778505,-0.00015049846209080897,0.9884464144706726,0.9884483218193054
2374,25.248499350849016,25.48160309693651,0.23310374608749385,0.838570773601532,0.8704264163970947
2376,30.818941887051842,30.824596393239794,0.005654506187951824,0.9509291052818298,0.9509673714637756
2377,30.03951456162141,30.039551806849044,3.72452276344859e-05,0.9497222900390625,0.9497230052947998
2378,27.863923928704637,37.96900256653635,10.105078637831717,0.6706722378730774,0.9603791236877441
2379,29.212682205164697,33.129262933366846,3.916580728202149,0.9397985339164734,0.9789736866950989
2381,24.038676980842737,31.915961488282456,7.877284507439718,0.644379198551178,0.9232167601585388
2383,24.75595371604568,33.908626752556,9.152673036510322,0.6798014640808105,0.9457057118415833
2384,27.006144759449093,27.0284003918802,0.02225563243110784,0.8821413516998291,0.8892022967338562
2385,25.36789821209192,31.990724318202403,6.622826106110484,0.6452907919883728,0.893276035785675
2386,31.269146328421588,39.88521517978315,8.616068851361565,0.7571823000907898,0.9713813662528992
2387,31.617082435820485,31.665963816897687,0.048881381077201524,0.938612163066864,0.9399053454399109
2391,33.477831203970716,38.9617431179172,5.483911913946486,0.8825672268867493,0.9772043228149414
2393,27.90254008101639,27.90255380568368,1.3724667290659909e-05,0.8943913578987122,0.8943960070610046
2394,32.99879372792838,32.99883860619579,4.4878267409842465e-05,0.9521560072898865,0.9521556496620178
2395,37.73678061747218,37.72128424631755,-0.015496371154625876,0.9959847331047058,0.9956782460212708
2397,27.405431092906948,34.341006201605694,6.935575108698746,0.7416207194328308,0.9496749043464661
2398,24.11495128195537,26.46525261366174,2.350301331706369,0.7326664328575134,0.9500715136528015
2399,26.39277277096065,35.75260482984301,9.359832058882358,0.5535807609558105,0.9051082730293274
2400,30.807014072749137,37.68978065253631,6.8827665797871695,0.8131212592124939,0.9736168384552002
2403,30.864481361841214,38.56142675121486,7.696945389373646,0.8004195094108582,0.9710721969604492
2407,30.786043415559785,34.985816361257335,4.19977294569755,0.7319912910461426,0.9362165927886963
2408,31.59890562092928,35.86943543173684,4.27052981080756,0.9464885592460632,0.9825496673583984
2409,38.69630671557601,38.576933810519336,-0.11937290505667164,0.9756993651390076,0.9755995273590088
2410,30.48033896864443,39.86529298807342,9.384954019428992,0.6361876130104065,0.9756527543067932
2412,25.315641100523393,32.886512611768865,7.570871511245471,0.8181626796722412,0.9623448848724365
2413,23.043598226567703,26.0896878264438,3.0460895998760975,0.429581880569458,0.9506587386131287
2415,46.39095644154706,46.38883580267289,-0.002120638874174574,0.9997308850288391,0.9997304081916809
2418,24.59726405951291,36.84975563160562,12.252491572092708,0.4482366144657135,0.9599075317382812
2419,25.134891219563773,25.266666770640086,0.13177555107631278,0.7244855761528015,0.7390651702880859
2420,25.708177711882673,25.730737011311188,0.02255929942851509,0.7091452479362488,0.7097976207733154
2421,31.845839471754942,39.978790541388605,8.132951069633663,0.7355301380157471,0.9562811851501465
2423,30.121838758692355,33.10319040183496,2.9813516431426024,0.82780522108078,0.9420660138130188
2424,26.3499704309228,33.28367099962931,6.933700568706509,0.6936718821525574,0.9246307015419006
2425,32.84806979169883,38.140990370503914,5.292920578805081,0.7275524735450745,0.9961948394775391
2427,29.38246277691491,29.38210053169194,-0.0003622452229699036,0.9174945950508118,0.9175284504890442
2428,27.15089870615661,32.71907453246813,5.568175826311517,0.8692326545715332,0.9671494364738464
2430,29.543267780591155,29.543551781691114,0.0002840010999598519,0.9929795861244202,0.9929807186126709
2431,31.023221501214408,42.23846116406626,11.21523966285185,0.5692781805992126,0.9493257403373718
2432,27.541177194034525,27.54118465656117,7.462526646406786e-06,0.9743940830230713,0.9743940234184265
2435,29.59831500275081,34.19926240474242,4.600947401991611,0.6625670790672302,0.9287426471710205
2437,31.308679807078647,41.611757216428565,10.303077409349918,0.7076997756958008,0.9793635010719299
2439,26.04574850208735,35.52982550584309,9.484077003755743,0.6044309139251709,0.9346857070922852
2441,24.681162029262982,24.681172131558654,1.0102295671998718e-05,0.887178897857666,0.8871793746948242
2444,25.15733787615701,25.267895058845916,0.11055718268890757,0.9208476543426514,0.9501802325248718
2446,21.225098700545946,21.22496168231217,-0.0001370182337758763,0.9600880146026611,0.9600885510444641
2447,31.968962541855248,39.38817059129414,7.419208049438893,0.8179483413696289,0.985053300857544
2453,25.6765294521457,34.897699334704384,9.221169882558684,0.6340105533599854,0.9486567378044128
2455,26.9095051775197,26.909263469064047,-0.00024170845565407717,0.9831190705299377,0.9831188321113586
2456,25.45415667064537,34.78492407601558,9.330767405370207,0.5332971215248108,0.9096679091453552
2457,29.427835908169342,36.67788774826764,7.250051840098301,0.7880733609199524,0.9639665484428406
2458,27.47229958460457,27.47256090855315,0.0002613239485782515,0.9924442768096924,0.9924481511116028
2460,26.144304101124177,26.16706906538404,0.022764964259863518,0.850865364074707,0.8522264361381531
2462,29.282884606083766,38.275526770533816,8.99264216445005,0.6240447163581848,0.9551820755004883
2463,22.873092900372292,22.8741734744116,0.0010805740393067254,0.9203617572784424,0.9204092025756836
2465,14.014848880452288,14.06387710535073,0.04902822489844283,0.583561897277832,0.59024578332901
2466,24.51892525134539,24.535546117440965,0.016620866095575337,0.795426070690155,0.7962841987609863
2467,25.13418903039936,31.515292369251384,6.381103338852025,0.758982241153717,0.9408181309700012
2468,27.46065345376828,27.476283868826417,0.015630415058137004,0.8994196057319641,0.8999006152153015
2470,24.756537471945563,28.267088112877662,3.510550640932099,0.6065985560417175,0.9508731961250305
2473,33.669138557303256,33.66884406925631,-0.0002944880469470945,0.9958307147026062,0.9958321452140808
2477,30.16735149993665,30.676081355074984,0.5087298551383341,0.900395929813385,0.9314758777618408
2478,21.17858609812408,21.18261791682203,0.004031818697949774,0.7525427937507629,0.7543433308601379
2480,24.680107360043028,28.314444359688224,3.634336999645196,0.7128006815910339,0.944802463054657
2481,26.732910089541157,33.66165634211916,6.9287462525780015,0.804814338684082,0.9577412605285645
2483,33.36402462872362,40.86010430024699,7.496079671523368,0.7979133725166321,0.9691111445426941
2484,27.14296351649008,32.6578622371913,5.514898720701222,0.8462998867034912,0.9602654576301575
2486,24.110711323212573,28.810287656580037,4.699576333367464,0.49941587448120117,0.9185149669647217
2487,26.13553666921606,42.716035767119166,16.580499097903107,0.3103979825973511,0.9760856628417969
2488,30.682248419495096,32.46712895264545,1.784880533150357,0.8095805048942566,0.9113596081733704
2489,32.53813447724625,36.48319010490512,3.945055627658867,0.8909479975700378,0.9562472701072693
2490,32.347599182726164,40.73204308429817,8.384443901572006,0.8010544776916504,0.9779009819030762
2491,33.33217392465818,34.575766810103715,1.243592885445537,0.8916192054748535,0.9651010036468506
2492,32.31074241533298,32.564633838601445,0.25389142326846326,0.9026474356651306,0.9195766448974609
2493,29.205920374961597,38.98858373285452,9.782663357892925,0.6638097167015076,0.9675025343894958
2494,32.08942407396657,32.517106755788085,0.4276826818215156,0.8877133727073669,0.9220020174980164
2496,28.514962079103,28.514978600597118,1.6521494117682778e-05,0.9392579197883606,0.9392582774162292
2499,30.692190777789893,30.692559900991412,0.00036912320151927247,0.9933961033821106,0.9933964610099792
2500,24.759041166002994,33.49597592446506,8.736934758462063,0.6440148949623108,0.9489274621009827
2501,33.17887066666699,33.690596574657114,0.511725907990126,0.926256000995636,0.9504709839820862
2503,31.725991324606223,32.86033195088063,1.1343406262744047,0.8672979474067688,0.9057539105415344
2505,23.75015272515892,23.750375740029064,0.00022301487014431132,0.894972026348114,0.8949788212776184
2507,31.573141285545823,42.18835181860327,10.61521053305745,0.6994986534118652,0.9777414202690125
2508,28.555082797031645,30.086977784926738,1.5318949878950932,0.796029269695282,0.8926959037780762
2510,21.700367146095346,21.721171127663034,0.020803981567688368,0.6979405283927917,0.7014064192771912
2511,29.916193813032464,34.19711829084319,4.2809244778107285,0.9250349998474121,0.9732429385185242
2514,35.434772006646725,35.43485020342131,7.819677458797969e-05,0.9706609845161438,0.9706602096557617
2518,26.190705159806807,37.53276618619495,11.34206102638814,0.5319333076477051,0.9530312418937683
2519,27.75549440075471,31.686023808757607,3.930529408002897,0.8639796376228333,0.9643556475639343
2520,32.35736290784773,32.357413369476205,5.046162847577307e-05,0.8793866038322449,0.8793852925300598
2521,21.054071350474377,22.927697738881832,1.8736263884074553,0.49699077010154724,0.9110010266304016
2522,31.4407343658224,32.39101800675538,0.9502836409329802,0.8457052111625671,0.9218857288360596
2523,33.18332105969858,36.34684525950844,3.1635241998098635,0.9546072483062744,0.9790965914726257
2524,21.68844021461688,21.688246900394287,-0.00019331422259227793,0.9865570068359375,0.9865472912788391
2525,27.454283875565547,37.45526837621854,10.000984500652994,0.5707316398620605,0.9390180110931396
2526,24.079936007848953,28.074373200360764,3.9944371925118105,0.7271339297294617,0.9393701553344727
2530,25.094441937173457,25.11704852338353,0.022606586210073942,0.7681798338890076,0.7698408961296082
2531,26.554372665267355,26.554136671997107,-0.0002359932702482581,0.9913560748100281,0.9913568496704102
2532,32.333133489084396,34.95301146280993,2.6198779737255364,0.9040999412536621,0.9650443196296692
2533,25.00048834331162,35.432031591106835,10.431543247795215,0.5395925641059875,0.9567029476165771
2534,29.265666411735666,36.773215009123255,7.50754859738759,0.766643762588501,0.960226833820343
2536,28.333402121850014,37.10170684164049,8.768304719790478,0.6900699734687805,0.9662176966667175
2537,25.541228213697412,35.69743021079476,10.156201997097345,0.5326521992683411,0.9667399525642395
2538,28.092727104396687,28.222799345018615,0.1300722406219279,0.8803017139434814,0.9053362011909485
2540,36.18741233719904,36.187494297660166,8.196046112374233e-05,0.9771878123283386,0.9771865010261536
2542,27.45576873101363,27.474516110550773,0.01874737953714245,0.8988244533538818,0.9017665386199951
2543,26.65644116820241,35.85586655798673,9.19942538978432,0.6026761531829834,0.9251057505607605
2544,23.943875514568372,27.553112371903445,3.6092368573350733,0.6233853101730347,0.8824944496154785
2545,31.933046458856587,38.050075984164735,6.117029525308148,0.9164168834686279,0.981113851070404
2546,32.2377078737004,36.30158595407146,4.063878080371062,0.6640872359275818,0.8435209393501282
2550,25.339812522362752,34.98044292045148,9.640630398088728,0.5651634335517883,0.9231584072113037
2551,27.129328003153965,33.32481797286958,6.1954899697156165,0.752114474773407,0.9054688811302185
2553,25.333445763635428,35.852605956693,10.51916019305757,0.5021273493766785,0.9364821314811707
2554,37.95817111198495,37.957757243680646,-0.00041386830430667487,0.9885322451591492,0.9885263442993164
2555,23.792771745513363,23.792711206044515,-6.053946884776451e-05,0.941868007183075,0.9418330192565918
2559,28.610766684693026,29.370566596768523,0.759799912075497,0.8837024569511414,0.978173553943634
2560,29.128333586538066,29.128344341322222,1.0754784156574715e-05,0.9213027358055115,0.9213027358055115
2561,28.403290604067124,36.33203758928643,7.9287469852193055,0.6626283526420593,0.9156191945075989
2562,25.626814805884113,37.404967170534505,11.778152364650392,0.4742881953716278,0.9464540481567383
2563,24.302817384962733,24.30619867182851,0.0033812868657783213,0.9400442242622375,0.9413554668426514
2564,28.577729202742013,38.411081795219346,9.833352592477333,0.62823086977005,0.9682626724243164
2565,17.198463169336,40.4228013027972,23.224338133461195,0.07076957821846008,0.9495203495025635
2569,23.682056292701148,23.682241843104542,0.0001855504033940747,0.9243291020393372,0.9243327975273132
2570,33.61095872864815,34.521447967022674,0.9104892383745238,0.8859637379646301,0.9280012249946594
2571,19.124827209792954,19.128739887693843,0.0039126779008888946,0.7186508774757385,0.7204670906066895
2572,26.486565035704523,26.488269222860925,0.0017041871564025257,0.8748477101325989,0.8749885559082031
2574,26.96778601921734,38.40622768448811,11.43844166527077,0.5401694178581238,0.9631524085998535
2575,27.388329849813807,32.43689337187295,5.0485635220591405,0.8834900856018066,0.9608975052833557
2578,26.406183290834903,27.229795592464477,0.8236123016295736,0.8334667086601257,0.8253922462463379
2579,32.97217756178284,36.32702428076385,3.3548467189810083,0.9584344029426575,0.9828091263771057
2581,32.72666667087668,34.18952404625727,1.4628573753805867,0.8622142672538757,0.9294880032539368
2582,29.676663688879962,29.676689501067003,2.5812187040230583e-05,0.9239699244499207,0.9239699244499207
2586,30.92488888332532,30.92491484500203,2.5961676708874393e-05,0.9270616173744202,0.9270601272583008
2587,16.29522871294309,25.967305169286206,9.672076456343117,0.31984207034111023,0.8730524182319641
2588,26.09109063904922,33.157761581399534,7.066670942350314,0.7647503018379211,0.9426074624061584
2590,28.59166104972833,28.591680424535898,1.9374807568084407e-05,0.9176511764526367,0.9176523089408875
2592,34.65556599349014,34.787257242181425,0.13169124869128268,0.944166898727417,0.9521455764770508
2593,28.05628946103973,28.161139868402802,0.10485040736307383,0.8780896663665771,0.8999555706977844
2594,22.46986433416708,24.19007416448394,1.7202098303168576,0.6398424506187439,0.828737735748291
2595,33.90218723288648,33.90225086996436,6.363707787926387e-05,0.9658622741699219,0.9658622145652771
2596,29.16333293067309,30.549612495010443,1.3862795643373538,0.8218328356742859,0.9620146751403809
2597,27.509129967626752,37.847788681028746,10.338658713401994,0.5701726675033569,0.9685611724853516
2598,23.844028245251614,23.84754199113786,0.00351374588624509,0.7718376517295837,0.7733256220817566
2600,24.71346237611469,36.901460093405596,12.187997717290905,0.4330931603908539,0.9642656445503235
2601,32.820668906485395,32.87812993607139,0.05746102958599408,0.9391460418701172,0.9431097507476807
2604,26.866572177851495,33.116122787640144,6.249550609788649,0.8325047492980957,0.9596354365348816
2606,23.06633177959387,23.07072333420531,0.004391554611441251,0.775120735168457,0.7775300145149231
2608,27.890505906913035,27.890730809570677,0.00022490265764218975,0.9927012324333191,0.9926977753639221
2611,33.955966454124514,34.64661155655855,0.6906451024340328,0.9116573929786682,0.9558143615722656
2614,32.80032395292634,32.799658263571445,-0.0006656893548964149,0.9923887848854065,0.9923866391181946
2616,24.815413433220375,30.970748444700824,6.1553350114804495,0.5228803157806396,0.9503106474876404
2618,36.34568968092177,36.34582045486269,0.00013077394091709493,0.9972540736198425,0.9972553849220276
2619,23.026737161685414,26.179542672811973,3.1528055111265587,0.5409500598907471,0.8058422207832336
2621,30.64687247326642,30.646896825063493,2.435179707305224e-05,0.9522246718406677,0.9522243142127991
2623,34.46694166595084,35.09121077873064,0.6242691127797997,0.929057776927948,0.9580888748168945
2624,24.8833288772892,24.886735352812707,0.0034064755235085897,0.822675883769989,0.8235227465629578
2625,24.694561668939716,33.81901665106089,9.124454982121176,0.474249929189682,0.933234691619873
2630,25.919418969522496,31.865967341895008,5.946548372372511,0.808997631072998,0.9503132700920105
2631,25.557942498308716,25.558151934463197,0.0002094361544813239,0.9893544316291809,0.9893549084663391
2632,24.90123595841854,35.827211382352544,10.925975423934005,0.5029210448265076,0.9558506608009338
2635,25.291820277498115,29.146362862447678,3.854542584949563,0.6421666145324707,0.853867769241333
2636,28.558258694405335,37.153659066787455,8.59540037238212,0.7474876046180725,0.9628127217292786
2638,27.664749483500106,29.289439021280423,1.6246895377803163,0.8052828907966614,0.9743971824645996
2642,22.642404968137892,22.642827144956218,0.0004221768183256813,0.97628253698349,0.976275622844696
2644,24.76905827291473,24.829990467498646,0.0609321945839163,0.8781657218933105,0.8841354250907898
2645,21.183195752056122,21.893735660611803,0.7105399085556812,0.7145559787750244,0.9401848912239075
2646,33.157233859160115,33.15776864253817,0.0005347833780575684,0.9929720759391785,0.9929731488227844
2648,29.13781391581422,34.804087640966024,5.666273725151804,0.8972150683403015,0.9724296927452087
2650,24.818003438189436,26.880072702933035,2.0620692647435988,0.7877833247184753,0.9272675514221191
2653,24.130044833417212,37.65540659660227,13.525361763185057,0.33196529746055603,0.9399372935295105
2655,23.89750858270737,23.90137524354994,0.003866660842568592,0.8527433276176453,0.8531570434570312
2658,26.66171628542851,37.69115677394673,11.029440488518219,0.5542131066322327,0.9656092524528503
2660,28.469789304286937,28.469800678567374,1.1374280436626805e-05,0.9161489009857178,0.9161482453346252
2662,32.43633560638641,32.4363692740745,3.366768809343057e-05,0.9421538710594177,0.942152738571167
2665,31.146019005768647,35.168951171590415,4.022932165821768,0.823699414730072,0.9748781323432922
2666,35.40866291449676,35.409272041246005,0.0006091267492465136,0.9989802837371826,0.9989802837371826
2667,28.662214525127382,30.940237068995422,2.2780225438680404,0.8023788332939148,0.9794390797615051
2668,25.23434465521442,26.28601208538456,1.0516674301701379,0.7866768836975098,0.8607519268989563
2669,25.604976120922917,37.97991587640726,12.374939755484345,0.44983482360839844,0.9661264419555664
2671,31.525073838810744,31.524678436328575,-0.0003954024821695157,0.9976146221160889,0.9976145625114441
2672,27.31865775180031,36.98383805736432,9.665180305564014,0.6079705357551575,0.952659547328949
2673,24.788257478239046,31.847530739802142,7.059273261563096,0.5569973587989807,0.8444239497184753
2676,22.09284068364306,22.488035464524874,0.3951947808818126,0.82806795835495,0.8989555239677429
2679,26.772879824508188,36.602702192605506,9.829822368097318,0.6731357574462891,0.9597685933113098
2680,36.877623947023864,36.87772741627669,0.00010346925282789243,0.9658562541007996,0.9658554196357727
2681,26.15659805073134,26.276918549440463,0.12032049870912331,0.8329100608825684,0.8562720417976379
2682,31.183316321123677,31.183357817309393,4.149618571602787e-05,0.9413554072380066,0.9413554072380066
2685,27.30115971793164,38.01185239222258,10.71069267429094,0.5557117462158203,0.9582708477973938
2686,29.229399905274743,30.50364841573704,1.2742485104622965,0.8864479064941406,0.974309504032135
2689,26.069416819687365,27.581719998891757,1.512303179204391,0.7918336987495422,0.9526908993721008
2691,21.529497258061213,22.839834323835966,1.3103370657747533,0.6873464584350586,0.9568459987640381
2692,30.977988671673128,36.86650736801885,5.888518696345724,0.89935302734375,0.9788393974304199
2693,26.90920440887873,26.91091748042256,0.0017130715438327115,0.9418392777442932,0.9418641924858093
2695,26.558543995594267,26.558784348939287,0.00024035334502059413,0.9446811079978943,0.9446846842765808
2698,29.31438891329741,38.10292654681439,8.788537633516977,0.7216235995292664,0.9580345153808594
2699,23.031205887860455,23.031364394539466,0.0001585066790106282,0.9860995411872864,0.9861001372337341
2700,29.569852609865407,33.97518155649645,4.405328946631045,0.7985827326774597,0.9270169138908386
2701,25.444408759279128,35.0021730365573,9.557764277278174,0.6199870109558105,0.9471202492713928
2702,25.35131956024081,35.87876054806742,10.527440987826608,0.5428328514099121,0.9407634735107422
2705,26.80956400713527,32.88215774706536,6.072593739930088,0.8297701478004456,0.9667237401008606
2706,29.275550079673106,31.291647195471853,2.016097115798747,0.8491185307502747,0.9659622311592102
2708,22.162260821300322,22.16225017423365,-1.0647066670088634e-05,0.762199878692627,0.7621939182281494
2710,26.645980650620636,30.285936033744957,3.6399553831243203,0.5841576457023621,0.9613814353942871
2711,23.370198459840484,24.472669051919738,1.1024705920792535,0.6740040183067322,0.8162710070610046
2712,21.915729405754693,21.915867726391212,0.0001383206365197509,0.9382219314575195,0.938224732875824
2714,28.511885149014773,38.794541703436835,10.282656554422061,0.6062185764312744,0.956030547618866
2717,25.328669741911114,37.35385273286205,12.025182990950938,0.44343259930610657,0.9589042663574219
2718,28.353390370989715,35.46981362541484,7.116423254425122,0.7345642447471619,0.9549959301948547
2719,19.628813737109297,19.629428339921333,0.000614602812035514,0.735101044178009,0.7352271676063538
2721,25.108910780211122,34.08498183408491,8.976071053873785,0.6219602227210999,0.9415716528892517
2722,19.340276595482788,19.340313774485626,3.717900283817244e-05,0.6944658160209656,0.6944704055786133
2723,25.36135082551935,25.361508595100993,0.0001577695816443736,0.9597501158714294,0.9597513675689697
2726,27.448888140309485,27.448886735384285,-1.4049252001768764e-06,0.9670658111572266,0.9670653939247131
2727,24.570461780749028,28.56020062418378,3.9897388434347505,0.5640802979469299,0.9659927487373352
2728,24.13897640565764,24.137609490787646,-0.0013669148699939626,0.8635463714599609,0.8783628940582275
2729,31.64267300570622,31.642704371208982,3.136550276039429e-05,0.9339919686317444,0.9339919686317444
2730,25.265713148532328,36.08797315111891,10.822260002586582,0.5008718967437744,0.9508597254753113
2731,26.765850458156436,36.24148900257163,9.475638544415197,0.6586037874221802,0.9533588290214539
2733,29.246363270808775,35.38048241506121,6.134119144252434,0.8371545672416687,0.9711509346961975
2735,46.35755381215861,46.354965113633625,-0.002588698524988331,0.9998073577880859,0.9998075366020203
2737,28.788382130054664,38.94950453546122,10.161122405406559,0.6662468314170837,0.9685027003288269
2739,23.52032056303599,24.132278623526993,0.611958060491002,0.8511082530021667,0.9361624717712402
2740,31.22934337878377,31.22544924289552,-0.0038941358882489396,0.9982406497001648,0.9980501532554626
2741,31.624822244791236,31.999992242975974,0.37516999818473806,0.9009275436401367,0.9223602414131165
2743,31.21084284231687,37.22008824640086,6.009245404083995,0.9283478856086731,0.9829148650169373
2745,32.26308268766119,32.263115038678144,3.235101695509002e-05,0.9394690990447998,0.9394682049751282
2746,28.636107135249883,28.636398170730047,0.0002910354801635151,0.9951944351196289,0.9951967597007751
2748,32.1573440724375,41.433379938355834,9.276035865918331,0.7514426112174988,0.9765432476997375
2749,27.622975924994428,38.210947942887074,10.587972017892646,0.5870435833930969,0.962100088596344
2750,27.53154344065014,33.42278855100918,5.891245110359037,0.760475218296051,0.95747309923172
2751,31.750981286538796,31.851067010382344,0.10008572384354864,0.9186115264892578,0.928013265132904
2752,25.853675491094013,25.853536931989098,-0.00013855910491500367,0.8587839007377625,0.8587551116943359
2753,31.444578998592316,31.59217498948535,0.1475959908930342,0.9073827862739563,0.9155862927436829
2754,26.427220427460508,27.87199221320421,1.4447717857437006,0.8462514281272888,0.9460546970367432
2755,28.428827086170998,28.428839762114574,1.267594357656776e-05,0.9287235140800476,0.9287236332893372
2756,29.0465393543233,29.04622152478259,-0.0003178295407089138,0.994701087474823,0.9947001338005066
2757,34.73799972431976,34.738056922325015,5.7198005258385365e-05,0.9597218632698059,0.9597213864326477
2758,35.774428243749675,36.555455437341294,0.7810271935916191,0.9146166443824768,0.9405713677406311
2759,21.835050364820358,23.93887275765441,2.1038223928340507,0.7817885875701904,0.9389285445213318
2761,25.953957655524885,35.03166119682332,9.077703541298437,0.6029695272445679,0.9381573796272278
2763,29.686870048125627,34.761249464174405,5.074379416048778,0.8946030139923096,0.9757485389709473
2766,32.00852281294158,33.26991216657677,1.2613893536351952,0.8575037121772766,0.9294767379760742
2769,31.204122373073044,31.26091580492413,0.056793431851087206,0.9328015446662903,0.9376106262207031
2771,27.26892510305334,27.26885716953483,-6.793351851186458e-05,0.873198926448822,0.8731964230537415
2772,26.979264968615727,32.58337973812332,5.604114769507593,0.8376648426055908,0.9459875226020813
2774,30.161022890535477,39.86369755587005,9.70267466533457,0.6897203326225281,0.9689216613769531
2776,30.668715065137807,30.668642821694494,-7.224344331291377e-05,0.9871249794960022,0.9871233105659485
2777,22.87201416229401,25.84010369855344,2.968089536259427,0.6010109782218933,0.9446584582328796
2778,24.509612407041153,32.053262534036065,7.543650126994912,0.5232247710227966,0.9356720447540283
2780,25.286203053805924,33.415956734916634,8.12975368111071,0.5468761324882507,0.9275144934654236
2784,27.463456617111536,34.04062735191607,6.577170734804536,0.6034607887268066,0.9613386988639832
2785,26.493684363356298,30.38838359831314,3.8946992349568426,0.5987284779548645,0.8665384650230408
2788,27.53374314060754,36.30674978948161,8.773006648874066,0.6405395865440369,0.9589865803718567
2790,30.317809694467815,37.76272688393358,7.444917189465766,0.7001373171806335,0.976824939250946
2791,26.801093709028358,27.172360618952247,0.37126690992388944,0.8441029191017151,0.8735249638557434
2793,26.270098447947863,36.97383545822342,10.703737010275557,0.5416715741157532,0.958981454372406
2794,26.78515837672386,34.335535757274044,7.550377380550184,0.7693841457366943,0.9611186385154724
2800,34.61655038693685,36.032560615253566,1.4160102283167149,0.9170401692390442,0.9620976448059082
2801,25.60182915477189,37.687495383066135,12.085666228294244,0.44753560423851013,0.955557644367218
2802,14.504376129865735,22.63851848462959,8.134142354763854,0.37223291397094727,0.8399028182029724
2803,28.14387858039646,34.29943675571254,6.155558175316081,0.8188418745994568,0.9561880230903625
2805,25.52370601162357,34.46767707460207,8.943971062978502,0.6351069808006287,0.9362373352050781
2806,22.480276422310208,25.364052117312532,2.883775695002324,0.61655193567276,0.896980345249176
2807,18.37484280412992,25.54781073389033,7.172967929760411,0.31388920545578003,0.878580629825592
2813,11.977174036658758,22.88477554482766,10.907601508168904,0.16045741736888885,0.7026207447052002
2815,33.73828741692191,36.221634694371026,2.48334727744912,0.9487629532814026,0.9733481407165527
2818,22.519752871267436,22.519878594420092,0.00012572315265657608,0.7891694903373718,0.7891764640808105
2819,18.206535779601705,18.23006241775724,0.02352663815553413,0.7644731998443604,0.7671809196472168
2821,29.330499323398946,39.84802314058931,10.517523817190366,0.5628345012664795,0.9450931549072266
2822,29.82234324452873,29.82237721710775,3.397257901838202e-05,0.9567994475364685,0.9567997455596924
2825,40.868762949788184,40.86905861097735,0.00029566118916335427,0.9883684515953064,0.9883677959442139
2826,22.60334403121744,34.7838363024166,12.180492271199164,0.4221913814544678,0.9515306353569031
2827,24.593078650664904,24.894896655620716,0.30181800495581257,0.8585752844810486,0.8948349952697754
2831,28.88497106082368,28.88528786610982,0.0003168052861397541,0.9943137764930725,0.9943155646324158
2832,29.514249862797296,32.346846197931605,2.8325963351343084,0.81703782081604,0.9715635180473328
2835,27.792505489488107,36.487465685554476,8.694960196066368,0.5749000310897827,0.9254449009895325
2836,23.29992030437404,26.42121366853948,3.121293364165439,0.5513076782226562,0.8641223311424255
2837,24.65644446853218,24.672364428586533,0.015919960054354476,0.7988433837890625,0.8010449409484863
2841,24.94139634613206,24.950990732189076,0.009594386057017346,0.932505190372467,0.9344615936279297
2845,26.783975875423028,27.000294650064355,0.21631877464132643,0.8341739773750305,0.851324737071991
2847,27.957968043047025,36.53804105246904,8.580073009422016,0.7566594481468201,0.9641656875610352
2849,27.91525678543342,37.976759178771104,10.061502393337683,0.6050859689712524,0.9669196009635925
2851,25.136082463275876,32.09603829785939,6.959955834583511,0.7507080435752869,0.937263011932373
2852,24.826725592637587,25.65718037732246,0.8304547846848749,0.761664092540741,0.9769132733345032
2853,27.840630208012705,38.90496573381633,11.064335525803628,0.5594010949134827,0.966086208820343
2854,25.454646256501015,30.29054110396002,4.835894847459006,0.49900022149086,0.9643526673316956
2855,24.10310515889387,32.33416274580514,8.231057586911266,0.7180774807929993,0.9453094005584717
2856,28.061608446745968,39.280421483892965,11.218813037146997,0.5590739846229553,0.9691700339317322
2857,24.57521083918088,28.293092681737395,3.7178818425565154,0.5494220852851868,0.9384800791740417
2861,33.01544206809369,33.015478513515774,3.644542208292023e-05,0.9480562210083008,0.9480553269386292
2862,38.7956694355164,38.79540890578958,-0.00026052972682322206,0.9836812019348145,0.9836762547492981
2863,26.588595844682313,34.66471097926001,8.076115134577694,0.6900131106376648,0.9644282460212708
2865,33.04646885323923,33.04652034470947,5.149147023786327e-05,0.9567508697509766,0.9567514061927795
2866,29.847047279672797,30.907486048573713,1.0604387689009158,0.9133439064025879,0.9417293667793274
2867,24.333752548390937,25.204851340841245,0.871098792450308,0.8634544014930725,0.9616324305534363
2868,24.822519177541743,36.66372530423463,11.841206126692889,0.4662210941314697,0.9508202075958252
2870,26.802262480288846,34.05838117553625,7.256118695247402,0.7969391942024231,0.9593839049339294
2871,25.858577722657973,25.858806067526054,0.00022834486808065435,0.9892697334289551,0.9892709851264954
2872,30.27338288852863,37.365887815565074,7.092504927036444,0.8576573729515076,0.9771597981452942
2873,27.19473229998558,39.844223564730214,12.649491264744633,0.49836716055870056,0.961118221282959
2874,31.256153620406323,31.383645150221405,0.1274915298150816,0.9167928695678711,0.9322314858436584
2876,15.821173001613015,23.071096983217473,7.249923981604457,0.26884210109710693,0.725498378276825
2878,32.85395097582889,32.85399048032716,3.950449827527791e-05,0.9336523413658142,0.933651864528656
2880,25.84736425197208,25.98791045515165,0.1405462031795679,0.8626790046691895,0.8782959580421448
2881,24.86785637705068,27.163839325612376,2.295982948561697,0.711836040019989,0.956916868686676
2882,26.68848274779814,36.703945867034804,10.015463119236664,0.5907752513885498,0.9526519775390625
2884,31.698493441091916,35.937797589516855,4.239304148424939,0.9053115844726562,0.9732895493507385
2885,30.996151921568284,41.31994754894574,10.323795627377457,0.6758095622062683,0.975907027721405
2886,20.87706991673891,23.490994765986603,2.6139248492476916,0.4609302282333374,0.9057218432426453
2887,27.912033243265203,37.91907250943422,10.00703926616902,0.6157572269439697,0.9614543914794922
2889,27.1441015039725,32.031226276693694,4.887124772721194,0.9352653622627258,0.9798758625984192
2891,29.190835386763947,37.67041090226894,8.479575515504994,0.7631568908691406,0.9686359763145447
2895,27.264634168986667,30.40833755982646,3.143703390839793,0.724355161190033,0.8845179677009583
2896,33.80452007091463,36.17766351709247,2.373143446177842,0.8522796034812927,0.9217727184295654
2898,32.79826796667828,34.204396027992885,1.4061280613146039,0.859535276889801,0.9430170655250549
2899,25.78964871245651,26.27504439818246,0.4853956857259476,0.6743189692497253,0.6804938912391663
2902,28.490141403113846,28.491545807969064,0.0014044048552186439,0.9503605365753174,0.950383186340332
2904,32.42855783843376,32.42903234659862,0.00047450816485650193,0.9982467293739319,0.9982500076293945
2906,31.741596919528774,33.0249637011421,1.2833667816133243,0.8406109809875488,0.9221636652946472
2908,27.31811132671943,33.77748764899699,6.45937632227756,0.8241828083992004,0.9554696083068848
2909,20.89624978513903,20.89612847609487,-0.00012130904416096655,0.9789097905158997,0.9789113998413086
2910,30.347741777146368,31.610849953535293,1.2631081763889256,0.8623102307319641,0.9345519542694092
2911,27.259547934270877,27.282332829738294,0.022784895467417243,0.8378028273582458,0.8381306529045105
2912,27.629769632241654,27.630612488317098,0.0008428560754438763,0.9582046866416931,0.9582684636116028
2915,31.723009085776333,33.17126329609731,1.4482542103209752,0.9070064425468445,0.9471793174743652
2916,29.51628290967011,32.28183897664674,2.765556066976629,0.8104307055473328,0.9620806574821472
2917,23.397113210394608,24.9813896382285,1.5842764278338919,0.7116327285766602,0.9098477363586426
2918,15.177642073677388,15.509159653137385,0.33151757945999627,0.6235470771789551,0.6567913889884949
2920,31.973443242946992,31.973477488875567,3.424592857470543e-05,0.9390270113945007,0.9390268921852112
2921,28.923472085239492,28.923490236233032,1.815099354018912e-05,0.9298012256622314,0.9298012256622314
2925,29.361727122916037,40.823262665971285,11.461535543055248,0.5991441607475281,0.9706262946128845
2926,30.28213479770895,32.049249826470444,1.767115028761495,0.8873626589775085,0.9335806965827942
2927,33.231561171652125,40.998121208773355,7.766560037121231,0.8478038907051086,0.9762162566184998
2929,28.757295337395334,28.7573105283385,1.5190943166487614e-05,0.8506510257720947,0.8506506085395813
2930,25.233764213869016,35.62063910063632,10.386874886767302,0.5350401401519775,0.9515488743782043
2934,23.518926158039058,26.23215809401887,2.713231935979813,0.4827503263950348,0.9532708525657654
2936,33.915757422554506,33.91588758718663,0.00013016463212522922,0.9459652304649353,0.9459630846977234
2937,32.292243392472365,41.776344479759445,9.48410108728708,0.757897675037384,0.9838158488273621
2938,36.089604300842524,36.08888725906693,-0.0007170417755943959,0.9987857937812805,0.9987854361534119
2939,30.31028304358219,30.566893920722052,0.2566108771398632,0.90313321352005,0.9205743670463562
2940,20.294367237847265,27.462663340692227,7.1682961028449625,0.3307408094406128,0.8944581151008606
2941,28.11913499712645,28.279077679560114,0.1599426824336625,0.8861784934997559,0.9077053070068359
2942,32.21246110412491,32.73069905865414,0.5182379545292264,0.8848896026611328,0.9209410548210144
2943,30.37608308929547,35.40635849202803,5.030275402732563,0.8071861863136292,0.938581645488739
2946,34.24621682159467,34.24630183372845,8.501213378053762e-05,0.9460970759391785,0.9460970759391785
2947,29.65696685135893,35.389044024423704,5.7320771730647735,0.8883816599845886,0.9733870625495911
2948,25.58904797532766,36.532144996937376,10.943097021609717,0.5826165080070496,0.9665487408638
2949,31.39933949513739,32.91401446861449,1.5146749734770992,0.8499481678009033,0.9374341368675232
2951,29.74870346334352,39.238342561361044,9.489639098017523,0.6948744654655457,0.9671821594238281
2952,29.202170403706052,29.246166056282252,0.04399565257619997,0.8992965817451477,0.9015741348266602
2953,24.848319819347772,31.738064897639894,6.889745078292123,0.7507918477058411,0.9352511763572693
2955,26.589580614026143,26.58930627615751,-0.0002743378686318465,0.9861233234405518,0.9861224293708801
2956,27.304240345543814,32.865563687666075,5.561323342122261,0.8336415886878967,0.9537010192871094
2957,31.386782337942442,37.40277931558528,6.0159969776428355,0.8347285389900208,0.9632554054260254
2958,25.98179368017203,26.05265401567816,0.0708603355061328,0.8720719814300537,0.8775930404663086
2959,33.73780168987905,38.64850893080319,4.91070724092414,0.9207308888435364,0.982728898525238
2960,21.918957196776198,23.953513356238894,2.0345561594626957,0.458350270986557,0.9497313499450684
2961,32.25510063299205,32.360967603752925,0.10586697076087859,0.907878577709198,0.9158222675323486
2963,32.21040460855845,35.94672799354969,3.7363233849912447,0.9659458994865417,0.9883427619934082
2964,28.037344936898624,28.37157224701505,0.33422731011642526,0.9126856923103333,0.9138266444206238
2965,28.53246046971938,39.19447267977936,10.66201221005998,0.6254962086677551,0.9657867550849915
2967,32.75539376719709,38.36993297637129,5.614539209174197,0.9172472953796387,0.9841837882995605
2968,25.23765228881309,25.23745775171399,-0.00019453709910166594,0.9756395816802979,0.9756378531455994
2969,28.038715841046912,38.2233578921788,10.184642051131885,0.6227152347564697,0.9621368050575256
2970,29.803537078863897,29.803557374303722,2.0295439824735695e-05,0.9425678253173828,0.9425676465034485
2974,25.125186404407653,35.473098541614945,10.347912137207292,0.5584779381752014,0.9499533772468567
2976,25.93435932993989,25.934569488343353,0.00021015840346194636,0.9856233596801758,0.9856229424476624
2978,23.343626356296895,23.37030523885399,0.026678882557096273,0.7739145159721375,0.778428852558136
2979,34.24374043954807,34.532796605490894,0.28905616594282435,0.9663586020469666,0.9713384509086609
2981,39.77494507511805,39.77513259977203,0.00018752465398108598,0.9861394762992859,0.9861380457878113
2982,28.008482542029434,28.725486500234304,0.7170039582048702,0.8429007530212402,0.9149964451789856
2984,24.44245597926511,24.442701223493295,0.0002452442281857259,0.9861370921134949,0.9861414432525635
2985,34.82995964226786,34.82999039062748,3.0748359620247356e-05,0.9751005172729492,0.9750984311103821
2986,32.05993520482374,32.05984746286137,-8.774196236771559e-05,0.9971979260444641,0.9971988797187805
2987,28.083147797202027,37.790717631853155,9.707569834651128,0.6355791091918945,0.9485381245613098
2989,25.32622647786983,25.326028277238983,-0.0001982006308480777,0.9663532376289368,0.9663547873497009
2990,22.468890517226434,27.89788275004071,5.428992232814277,0.48509177565574646,0.8695030808448792
2991,25.97336874999231,35.706771450827965,9.733402700835654,0.5895479321479797,0.9536981582641602
2992,25.227488592087536,31.57268520093112,6.345196608843583,0.7562976479530334,0.9368104338645935
2993,31.98768814041108,31.986775743614707,-0.0009123967963731161,0.9564617276191711,0.95643550157547
2994,34.77968244992196,34.77907840445469,-0.000604045467269998,0.9979044795036316,0.9979019165039062
2995,26.686168224548986,27.66953279395763,0.9833645694086428,0.890411376953125,0.9683387875556946
2996,33.580844310635555,33.58113692764476,0.0002926170092081293,0.983595609664917,0.9835894703865051
2999,26.331264016796013,27.347360252123977,1.0160962353279643,0.7552518844604492,0.865591287612915
3001,28.29854318139427,28.298619040119426,7.585872515747383e-05,0.8712477087974548,0.8712635636329651
3003,25.4917869430361,34.7146877643326,9.222900821296502,0.38138672709465027,0.9644483923912048
3005,33.75074415930169,38.724287235487836,4.9735430761861465,0.9133529663085938,0.978489100933075
3006,27.970683244850093,33.705684911140466,5.735001666290373,0.731190025806427,0.9603139758110046
3007,30.946499446902966,37.67050700234039,6.724007555437428,0.7436593174934387,0.952258288860321
3008,25.017554175021985,25.044548753719628,0.02699457869764288,0.9197354912757874,0.926311194896698
3011,25.491291004197585,25.558249020273376,0.066958016075791,0.8485691547393799,0.8723456859588623
3012,30.080098165653595,38.02042589024883,7.940327724595235,0.8091080188751221,0.9758443832397461
3014,26.484173366119798,34.61767940559683,8.133506039477034,0.7117642760276794,0.9531511664390564
3018,27.210590196583073,27.536217164534243,0.32562696795116963,0.8514596819877625,0.8948877453804016
3019,26.973955161520013,28.083917215383863,1.1099620538638497,0.8499290347099304,0.9612990021705627
3020,22.08349302425331,22.382780653208897,0.2992876289555859,0.7609653472900391,0.8677595257759094
3023,30.682420574991536,36.94919506653506,6.266774491543526,0.8815718293190002,0.9757665991783142
3025,29.301856443592655,32.99792852525203,3.6960720816593735,0.6966881155967712,0.9437026381492615
3032,26.80597810489287,27.52356123895886,0.7175831340659897,0.767815887928009,0.8404788374900818
3033,33.13253781068339,45.29605949155034,12.16352168086695,0.6828823089599609,0.9789517521858215
3034,32.47862483846191,41.58575850537133,9.10713366690942,0.769740879535675,0.9852335453033447
3036,21.924357409533187,23.394161562214933,1.4698041526817462,0.5456874966621399,0.9415610432624817
3037,22.6168177741136,22.984918751217435,0.36810097710383616,0.9169561266899109,0.9363642334938049
3040,26.678916686544845,26.72836467923318,0.04944799268833577,0.7811161875724792,0.7816877961158752
3041,28.622225847512446,37.72685168943854,9.104625841926094,0.7301020622253418,0.9672560095787048
3043,27.125481015817684,27.125568391731694,8.737591400986844e-05,0.9495608806610107,0.9495694041252136
3046,27.75999932095422,27.760271902070528,0.00027258111630956705,0.9888010621070862,0.9888019561767578
3047,25.78156164921777,28.897249492065523,3.115687842847752,0.6495479941368103,0.9004647135734558
3049,34.93298409329662,34.93307697913805,9.288584143263279e-05,0.9869936108589172,0.986994206905365
3051,48.11666749820021,48.118179224496004,0.0015117262957957678,0.9994215965270996,0.9994212985038757
3054,26.995746294070848,38.02403148381736,11.028285189746512,0.5241847634315491,0.9691449999809265
3055,26.669152804857198,26.866031613596416,0.1968788087392177,0.81410813331604,0.8156300187110901
3056,26.708780507466322,26.79780792287158,0.08902741540525838,0.8722655773162842,0.8748733401298523
3057,30.18882965826135,34.288872803494385,4.100043145233034,0.705254852771759,0.9836297035217285
3059,31.162434368559385,31.162920047770072,0.0004856792106870955,0.9899541735649109,0.989955723285675
3061,36.621254621246145,36.61931041339179,-0.0019442078543576713,0.9982538223266602,0.998243510723114
3062,29.501063614374306,29.763328706364206,0.26226509198989945,0.8364884853363037,0.8608629107475281
3063,28.042100222315067,28.25198308252144,0.20988286020637403,0.8502964973449707,0.8827815055847168
3065,24.181952526896843,27.692138594502826,3.510186067605982,0.6991724371910095,0.9312466979026794
3066,26.22066039899334,36.14902648682481,9.92836608783147,0.5790110230445862,0.9546957612037659
3067,23.603508589255576,24.306954515495253,0.7034459262396773,0.7706165909767151,0.9150969982147217
3068,23.791564021554834,24.045947711524313,0.2543836899694796,0.8003547787666321,0.821968138217926
3070,25.0145158074138,25.26234502011972,0.24782921270591984,0.8054909706115723,0.8691446781158447
3072,22.953624464013945,22.953624863238193,3.992242483263908e-07,0.8246728777885437,0.8246726989746094
3075,26.441459761094436,34.63777151683306,8.196311755738627,0.7231333255767822,0.9514476656913757
3076,29.880592057811008,29.8804385959074,-0.0001534619036078766,0.9785681366920471,0.9785642027854919
3078,22.63583493020933,22.635998939484217,0.00016400927488646744,0.9132142066955566,0.9132177829742432
3079,30.26610451281382,30.280092923013964,0.013988410200145296,0.8729574680328369,0.8764870762825012
3080,32.0158741128563,32.05198915794923,0.03611504509292729,0.9004400372505188,0.9037132859230042
3081,30.072243850837175,30.07260114136973,0.0003572905325555098,0.9890866279602051,0.9890878796577454
3083,25.267805271859878,31.17709140682468,5.909286134964802,0.8470037579536438,0.9563905596733093
3085,28.63909708711912,35.88674902234993,7.247651935230813,0.8034849762916565,0.96596759557724
3086,18.76539447836822,18.98107471610186,0.21568023773363976,0.5890585780143738,0.6491605639457703
3088,28.547382608558827,38.319501021904124,9.772118413345297,0.6432438492774963,0.9705540537834167
3090,26.85829221863515,35.47059842898362,8.612306210348471,0.6394196152687073,0.9614560008049011
3091,34.56661022854318,35.24805311189056,0.6814428833473798,0.9246520400047302,0.9530754685401917
3092,27.7552567943015,34.39940752191827,6.644150727616772,0.7676061987876892,0.9596620202064514
3093,27.391142435235807,36.19501496962057,8.803872534384766,0.3117692470550537,0.7244792580604553
3094,27.34402617389322,35.9016548489707,8.557628675077481,0.7329807877540588,0.9592861533164978
3095,27.385430195923348,43.26163864758514,15.876208451661789,0.3869788646697998,0.9769662022590637
3096,25.267732831440043,35.70829985332087,10.440567021880824,0.5733961462974548,0.9522333145141602
3097,28.62772312947729,37.87262249715217,9.244899367674883,0.7099857926368713,0.9677984714508057
3098,30.107515649943075,31.55036156878031,1.4428459188372358,0.8969247937202454,0.964702308177948
3099,32.0508495191225,36.336561317038964,4.285711797916463,0.9080179333686829,0.9732761383056641
3101,27.352865667803115,38.0497395800524,10.696873912249288,0.5788605213165283,0.9632485508918762
3103,33.57007100250775,33.57011730130982,4.6298802068633904e-05,0.9619889259338379,0.9619882702827454
3104,32.74549408016148,36.685069693952684,3.939575613791206,0.9366161823272705,0.9774267077445984
3105,22.250045878294905,22.25018270501642,0.00013682672151560382,0.9105080962181091,0.910508394241333
3108,30.9886661616849,30.989066126343406,0.00039996465850578033,0.9921531081199646,0.992154061794281
3110,24.086191013314682,24.086353722222746,0.00016270890806424632,0.7346113324165344,0.7346469759941101
3111,28.777449104679327,38.57167842937288,9.794229324693553,0.6744198799133301,0.9537637829780579
3112,24.973872522688453,33.38082792895823,8.40695540626978,0.6585838198661804,0.9391421675682068
3114,23.59886884398593,26.39496603924023,2.7960971952543012,0.6878700852394104,0.9409051537513733
3115,27.06068153170471,27.060684101288217,2.5695835077499396e-06,0.9434612393379211,0.9434609413146973
3116,34.12635726206115,34.47477202862998,0.34841476656882975,0.9263132214546204,0.9500556588172913
3118,27.98078020223189,27.980814502533992,3.430030210083146e-05,0.9812963604927063,0.981296718120575
3119,23.691022288306847,23.690856705042663,-0.00016558326418447677,0.9858803749084473,0.9858791828155518
3120,30.31928328879641,30.389614212569857,0.0703309237734473,0.9188068509101868,0.9193739295005798
3122,28.642251827582733,38.98937838946348,10.34712656188075,0.5989816188812256,0.9704845547676086
3123,46.127608736468055,46.129721228962495,0.0021124924944402323,0.9969866871833801,0.9969934821128845
3124,24.92820905334099,34.40705453854664,9.47884548520565,0.6317772269248962,0.9467675685882568
3125,23.99250113562015,23.992671528858295,0.00017039323814671548,0.9671851992607117,0.9671852588653564
3126,23.699213762675267,29.7950884054057,6.095874642730433,0.571209728717804,0.9030406475067139
3130,23.502361303659175,24.805248296234865,1.30288699257569,0.6364198327064514,0.7122571468353271
3131,33.290575964618,33.47881355718303,0.1882375925650308,0.8932270407676697,0.9016807079315186
3132,23.2869041460619,23.785387800673327,0.49848365461142663,0.7275168299674988,0.9423314929008484
3133,31.990635964501323,35.99649318567903,4.005857221177706,0.955777645111084,0.9847853779792786
3134,21.385427376294885,22.923189901420955,1.5377625251260696,0.6631801724433899,0.9100634455680847
3135,32.408889540485156,32.42716689518201,0.018277354696856207,0.9102830290794373,0.912241518497467
3136,24.847365469258044,24.847386153367815,2.0684109770741088e-05,0.9065616726875305,0.906562089920044
3137,31.268484089305115,31.2685115113134,2.7422008283650712e-05,0.9206171035766602,0.9206163287162781
3139,26.11418182138908,31.988573955871512,5.874392134482431,0.609990119934082,0.906642735004425
3140,30.11276359044343,30.11313045737762,0.00036686693418985783,0.9944835305213928,0.9944841265678406
3141,33.41979323935749,40.921938864913,7.502145625555514,0.8315990567207336,0.973072350025177
3143,28.593336741736948,35.797219014903234,7.203882273166286,0.8414719104766846,0.9704095721244812
3144,43.392206393454785,43.39064538359526,-0.0015610098595217892,0.9990870356559753,0.9990866780281067
3145,19.04311605659166,19.047389368336134,0.004273311744473318,0.6483905911445618,0.6488415598869324
3146,30.9362787397556,32.95542833404642,2.019149594290816,0.8156730532646179,0.919747531414032
3148,30.302449864087272,38.24536647526765,7.9429166111803795,0.7941980361938477,0.9730281233787537
3150,33.60914044976867,33.60917643066618,3.5980897514775734e-05,0.9461652636528015,0.9461625218391418
3154,22.127712414394995,22.127856663901678,0.00014424950668256997,0.9579164981842041,0.9579192996025085
3155,21.251484463179757,21.25225716963506,0.0007727064553044727,0.7225008010864258,0.7226821780204773
3156,31.132666049441028,32.330585408635656,1.1979193591946284,0.8472935557365417,0.936998188495636
3157,25.903707650127323,37.82599510716037,11.922287457033043,0.4951363503932953,0.9617247581481934
3158,25.639029809689543,35.791427368333565,10.152397558644022,0.48796626925468445,0.9075896739959717
3161,25.002610069630858,36.896048564073666,11.893438494442808,0.415211945772171,0.9582347273826599
3164,25.33845380127811,27.038516438467546,1.7000626371894363,0.8178408145904541,0.8943395614624023
3165,31.879270764903307,40.33396865095847,8.454697886055161,0.7855584025382996,0.9753479957580566
3167,27.66832679315889,37.62868034321061,9.960353550051721,0.37776055932044983,0.9893543720245361
3169,26.509762173065496,33.540141560519444,7.030379387453948,0.7533233165740967,0.9431920647621155
3171,25.994051133487698,25.994272642926948,0.0002215094392497008,0.988156795501709,0.9881569743156433
3173,26.673801639058624,32.64588125166971,5.972079612611083,0.5643534064292908,0.9162241816520691
3177,27.36054876017894,32.466406701748774,5.105857941569834,0.7860638499259949,0.9396519064903259
3178,24.67671692294173,24.677066593378658,0.0003496704369290171,0.9148386120796204,0.9148578643798828
3180,32.61369542926697,35.91227029731079,3.298574868043822,0.8946035504341125,0.981201708316803
3184,25.573627216686678,33.51506187838255,7.941434661695869,0.5960555672645569,0.9044272303581238
3185,28.343542356238967,34.562688577120014,6.219146220881047,0.8948143124580383,0.9753739833831787
3187,35.08546490735642,35.08613634877028,0.0006714414138642155,0.9988417625427246,0.9988419413566589
3188,28.848470279825236,29.21298672465791,0.36451644483267387,0.8908125758171082,0.9084845185279846
3189,27.24823490194602,31.989723347962364,4.741488446016344,0.8705987930297852,0.9556684494018555
3190,31.38599061111105,31.386404893045288,0.0004142819342369819,0.995781421661377,0.9957801699638367
3191,21.875612726945587,21.875528008030315,-8.471891527150888e-05,0.7656448483467102,0.7656449675559998
3193,25.045052752079847,34.713504808346684,9.668452056266837,0.44244563579559326,0.9309404492378235
3195,27.402408803352287,37.28192128049057,9.879512477138285,0.6926543116569519,0.9651729464530945
3196,31.229298756868577,31.22889214820896,-0.0004066086596168361,0.9976043701171875,0.9976053237915039
3197,26.000652619553236,26.621942833846475,0.6212902142932393,0.755192220211029,0.8063576817512512
3200,26.471182886977857,34.95846506587909,8.487282178901232,0.6542227864265442,0.949345588684082
3202,30.110306847800175,37.335055731070675,7.2247488832705,0.8562824130058289,0.9765833020210266
3205,29.184909064391007,38.34078579686819,9.155876732477182,0.7323680520057678,0.9754562377929688
3206,27.667928413544615,34.633610973996284,6.965682560451668,0.7280359268188477,0.948146402835846
3208,26.914143919925472,26.914072371882902,-7.154804256970237e-05,0.8680288791656494,0.8680232167243958
3209,29.22491519795515,38.76573772457555,9.540822526620403,0.685676634311676,0.9694225788116455
3210,30.3050335012409,30.30506061995951,2.711871860938686e-05,0.9431125521659851,0.9431119561195374
3212,27.939613737309795,38.493340996366584,10.553727259056789,0.6112406253814697,0.9737682342529297
3216,27.733326722734528,27.73304082827932,-0.0002858944552066589,0.9946109652519226,0.9946098327636719
3220,29.085478248012908,37.77859415507114,8.693115907058232,0.7571861743927002,0.9703361392021179
3221,25.746389685195137,35.64298716488259,9.896597479687454,0.575688898563385,0.9510541558265686
3222,33.53523041325273,40.70011402304105,7.164883609788326,0.8538920879364014,0.9837024211883545
3224,15.782678595893035,30.294292087729346,14.51161349183631,0.1477586179971695,0.8710885047912598
3227,38.58892157284433,38.58795264026974,-0.000968932574586745,0.9992849826812744,0.9992847442626953
3230,32.21668525222442,32.216182432657654,-0.0005028195667691193,0.9940268397331238,0.9940229058265686
3231,27.434827952181315,28.248275142234235,0.8134471900529192,0.8634788990020752,0.8979644775390625
3233,26.879569889639473,26.879572847194527,2.957555054194927e-06,0.9240357279777527,0.9240355491638184
3234,25.435221679420977,33.623496385716564,8.188274706295587,0.6611203551292419,0.9290050864219666
3235,29.86023103546558,34.66952405782673,4.809293022361146,0.6729763150215149,0.9357369542121887
3237,31.70460639604487,34.16584386544947,2.4612374694045975,0.8235458731651306,0.9280034899711609
3239,26.16809914527294,35.83944152531884,9.6713423800459,0.6280202269554138,0.9569093585014343
3240,24.5207724078281,38.37368615429297,13.852913746464868,0.3602302074432373,0.9577729105949402
3241,23.10060002201982,27.95819836233164,4.857598340311821,0.5824072957038879,0.8983044624328613
3243,26.165899957169305,30.551556368919325,4.38565641175002,0.6171115040779114,0.8918853402137756
3245,18.173768801709898,18.203908695848792,0.03013989413889462,0.7408093810081482,0.7417659163475037
3246,24.06212501370515,24.114120168936324,0.05199515523117526,0.8054922223091125,0.8111569285392761
3247,32.605805636382996,39.46568621948951,6.859880583106516,0.860576331615448,0.981585681438446
3249,30.527715022760393,32.33374781221507,1.8060327894546795,0.8962251543998718,0.9661387801170349
3250,27.232190554843978,37.493051321632905,10.260860766788927,0.6153232455253601,0.9618828892707825
3251,21.479543614816045,21.52651059128698,0.04696697647093373,0.754690945148468,0.7642741203308105
3252,31.145632296224925,39.63072472216671,8.485092425941787,0.7699401378631592,0.9795081615447998
3255,21.875982145647768,21.879383145778593,0.003401000130825338,0.768531322479248,0.7701148390769958
3257,31.34482549715465,39.12550393561325,7.7806784384586045,0.788985550403595,0.9794138073921204
3258,24.627201252307035,24.627760030511674,0.0005587782046383438,0.9679310321807861,0.9679400324821472
3261,21.686419193694427,21.686281132872985,-0.0001380608214418544,0.9824855923652649,0.9824859499931335
3263,25.3909636615877,26.620627469055943,1.229663807468242,0.7404999136924744,0.9701449275016785
3266,24.72927494297133,30.570863206596442,5.841588263625113,0.8050329089164734,0.9454392790794373
3269,26.97029842759209,33.629325186171336,6.659026758579245,0.7661302089691162,0.960101306438446
3271,28.353012505494224,28.376621539771527,0.02360903427730321,0.8666996955871582,0.8769293427467346
3272,25.04975697183167,27.07072530164642,2.0209683298147496,0.6275331377983093,0.8020357489585876
3273,23.846824499083688,23.846842152968115,1.7653884427204503e-05,0.9463807940483093,0.9463818073272705
3278,24.47428216843283,28.704638670845206,4.230356502412377,0.8113946914672852,0.9306941628456116
3279,30.841532724141942,30.841557885428365,2.5161286423269758e-05,0.8958535194396973,0.895853579044342
3280,18.057346530888204,18.06502969747043,0.007683166582225454,0.7092218995094299,0.7119476795196533
3281,25.686702686540507,25.77761592962462,0.0909132430841133,0.8756768703460693,0.8806235790252686
3282,46.93713961648488,46.93792562492247,0.0007860084375934662,0.9948678016662598,0.9948665499687195
3283,25.080286271410763,36.64935820239444,11.569071930983675,0.5103140473365784,0.957187831401825
3284,30.968473359227033,37.30387400071652,6.3354006414894855,0.8956000804901123,0.9801806807518005
3285,24.20307331106357,30.138211199901296,5.935137888837726,0.8809763789176941,0.9682087898254395
3286,26.768137706092187,26.941222868094247,0.17308516200206014,0.8432169556617737,0.8941121697425842
3287,43.14113369141755,43.14127926167391,0.00014557025635753007,0.9947214722633362,0.9947213530540466
3288,25.25904908105162,25.767106034304057,0.508056953252435,0.7201094627380371,0.7641015648841858
3292,28.17797846662423,33.838921482744084,5.660943016119855,0.815195620059967,0.9474405646324158
3293,31.81090679790351,34.73990120907609,2.928994411172578,0.9578974843025208,0.9815974235534668
3295,24.49015349231057,24.487056699250807,-0.0030967930597611826,0.9682855606079102,0.9682135581970215
3296,22.68843302552252,23.959544992756907,1.2711119672343862,0.7201226353645325,0.9491379261016846
3299,27.249771181488146,34.693087271247464,7.443316089759318,0.7925884127616882,0.9583745002746582
3301,22.395125260764566,23.553323588325075,1.158198327560509,0.5533204078674316,0.9507132172584534
3303,32.64309418554977,38.62164808485224,5.978553899302469,0.8545102477073669,0.9754378199577332
3305,28.160295413082164,29.581566149963695,1.4212707368815316,0.852925717830658,0.9124251008033752
3306,26.075453540097264,26.087976540152575,0.012523000055310263,0.7999682426452637,0.8005116581916809
3307,26.597068195174668,29.655794836281363,3.058726641106695,0.6115539073944092,0.9597572684288025
3309,25.209014561880227,25.20881258005224,-0.00020198182798836228,0.9877772331237793,0.987775981426239
3311,28.786988902114356,28.78700802107613,1.9118961773756382e-05,0.9120909571647644,0.9120903015136719
3313,25.532180496158944,25.583999786981366,0.051819290822422204,0.8632929921150208,0.8648593425750732
3314,28.343984659289543,33.41005601995603,5.066071360666488,0.626099169254303,0.9375565648078918
3315,24.434304992954985,36.52152397018922,12.087218977234237,0.4333421289920807,0.9359338879585266
3316,26.964128945009058,26.964126934540733,-2.0104683251531696e-06,0.9101369380950928,0.910136878490448
3318,33.053525303731845,33.089343022657175,0.0358177189253297,0.9199535250663757,0.9229305386543274
3322,25.02161389006894,27.555170124313314,2.5335562342443723,0.6712138652801514,0.9585898518562317
3323,23.901438806656973,26.327824881775243,2.4263860751182698,0.6199793219566345,0.8121225833892822
3325,25.378966022525574,25.396318046568737,0.017352024043162828,0.8363332748413086,0.8416674733161926
3326,24.83940138603531,24.879761778410273,0.04036039237496425,0.7472829818725586,0.7516699433326721
3327,24.11227022923214,32.630159647797434,8.517889418565293,0.29711711406707764,0.8731909394264221
3329,25.66321803393847,26.940149058395335,1.2769310244568643,0.7058418393135071,0.9544621109962463
3331,28.000877301098114,36.900486709090174,8.89960940799206,0.6888682246208191,0.9594351649284363
3332,28.307807397360524,37.82245524044926,9.514647843088735,0.6572235822677612,0.9690537452697754
3334,23.19328573236917,27.127731701682684,3.934445969313515,0.660827100276947,0.9227717518806458
3335,25.51637761980613,35.144913077023794,9.628535457217666,0.597877562046051,0.9496352076530457
3337,25.34877239400703,26.45298109075297,1.104208696745939,0.7179906368255615,0.9124652743339539
3339,31.6815249646513,41.23089729581097,9.54937233115967,0.7294972538948059,0.9810746312141418
3342,22.869160893104436,25.694880906420856,2.8257200133164204,0.5299084782600403,0.9349482655525208
3343,28.18741874484477,29.809167382854184,1.6217486380094144,0.7570679783821106,0.9018544554710388
3345,29.168179413212233,29.168504624876466,0.00032521166423293835,0.9943618774414062,0.9943621754646301
3348,23.992229331673368,23.993211658750063,0.0009823270766950998,0.7527158260345459,0.7531196475028992
3350,26.309382858565975,33.84866229798311,7.539279439417136,0.8462473750114441,0.971480667591095
3351,22.314181632338283,22.314378384066032,0.00019675172774924476,0.8623965382575989,0.8624040484428406
3352,27.112593169309154,33.796242491522214,6.683649322213061,0.8089208006858826,0.9638938307762146
3353,34.145949630270735,35.36324409122285,1.2172944609521181,0.8841245174407959,0.935446560382843
3354,23.345198446749276,23.35124443545261,0.006045988703334615,0.7950233817100525,0.7967433929443359
3355,40.456439176821476,40.4553276732144,-0.0011115036070776796,0.9992297291755676,0.9992288947105408
3356,30.932221245193567,30.932604764451934,0.00038351925836721534,0.9966922402381897,0.9966928958892822
3358,22.624685331786996,22.624688292614547,2.9608275511350257e-06,0.9552297592163086,0.9552586674690247
3359,29.188710844091077,41.02623146495638,11.837520620865305,0.47457659244537354,0.9351687431335449
3361,24.457795745531996,24.46400586881805,0.006210123286052749,0.8889751434326172,0.8891689777374268
3363,30.548222415595212,30.547728278713052,-0.0004941368821604897,0.9913349151611328,0.9913279414176941
3364,23.20195630401082,25.12409356254497,1.9221372585341499,0.7861328721046448,0.9060816764831543
3365,29.96898143601456,29.968681760026964,-0.0002996759875948385,0.9956585764884949,0.9956583976745605
3366,20.810369838146414,20.82703958892218,0.01666975077576538,0.8962408900260925,0.9027829766273499
3367,31.173034509095544,33.79538888638517,2.622354377289625,0.8555130958557129,0.9439975619316101
3368,26.75401752322514,27.75992174562434,1.0059042223991987,0.7565980553627014,0.972955048084259
3370,24.567269873760864,31.676654765632982,7.109384891872118,0.7138247489929199,0.922807514667511
3371,27.46365735536749,27.463661302561047,3.947193555120521e-06,0.9009292721748352,0.9009292721748352
3372,25.136907717298925,25.465835134572682,0.3289274172737571,0.7814200520515442,0.8164750933647156
3376,25.58751566019025,25.69392526777802,0.1064096075877714,0.7756842970848083,0.7910490036010742
3378,29.28296433205994,40.472748864131475,11.189784532071535,0.6172700524330139,0.9694962501525879
3381,29.103595402588628,33.21441668878989,4.110821286201261,0.950725257396698,0.982109546661377
3385,18.626940567857886,18.660863115049512,0.033922547191625796,0.6475412249565125,0.6536490321159363
3389,26.034493043152803,26.71515747810286,0.6806644349500566,0.7258813977241516,0.7885187268257141
3392,29.446169820395873,30.08842178537938,0.6422519649835081,0.891072690486908,0.9245648384094238
3393,27.659818638965618,40.15918970821339,12.499371069247772,0.48978614807128906,0.9677562117576599
3394,20.11903411408919,20.827097817780235,0.708063703691046,0.6835249066352844,0.9217125773429871
3395,28.80241310807795,28.883842483143177,0.08142937506522685,0.9196496605873108,0.9199814796447754
3396,25.574254909278274,25.574377538889056,0.00012262961078235435,0.9411843419075012,0.9411881566047668
3397,31.110112408914237,31.423604273812597,0.31349186489836,0.9219744801521301,0.9447177052497864
3399,25.922397080379774,34.22471623779054,8.302319157410764,0.6761592030525208,0.9594209790229797
3400,34.93100562445891,34.93160796255624,0.000602338097330346,0.9977125525474548,0.9977138042449951
3401,27.06381344033762,32.416735325463264,5.352921885125646,0.7252821326255798,0.9588040709495544
3402,23.692901390992958,23.693252600327707,0.00035120933474885874,0.8233652710914612,0.8234250545501709
3403,30.725848874855522,40.30523147178079,9.57938259692527,0.7506420016288757,0.97629314661026
3405,29.950483004941503,29.950506997976746,2.399303524214247e-05,0.9305219650268555,0.9305217266082764
3407,26.48270246607847,37.385723106567184,10.903020640488712,0.535862147808075,0.9495341777801514
3408,28.118974997202557,28.118988439592293,1.3442389736439964e-05,0.8689160943031311,0.8689162135124207
3412,25.191119639942027,26.642754561256705,1.4516349213146782,0.8689751625061035,0.9329399466514587
3413,28.480518882875025,37.495939107062,9.015420224186975,0.6966803073883057,0.961497962474823
3415,24.12716587389244,30.678317913753645,6.551152039861204,0.6015080809593201,0.9458426833152771
3418,21.26919840447105,23.43220982600448,2.1630114215334295,0.44618287682533264,0.9343574047088623
3420,25.6937084304868,25.72730064815356,0.03359221766675802,0.7550751566886902,0.755446195602417
3422,27.081337602286325,27.126501989212155,0.0451643869258298,0.8310180306434631,0.8315842747688293
3424,30.915186338046333,38.92786081581269,8.01267447776636,0.8391056656837463,0.9769166111946106
3426,24.634177043988768,30.21572146154771,5.581544417558941,0.7886931300163269,0.9328494071960449
3428,45.96420881485044,45.96621988033537,0.0020110654849361254,0.9995285868644714,0.9995283484458923
3429,24.967247388065594,32.746147712123495,7.778900324057901,0.763972282409668,0.9539901614189148
3431,26.119892120981987,37.57068261066292,11.450790489680934,0.4762101173400879,0.9662104249000549
3432,28.831505640638255,39.142520767290094,10.311015126651839,0.6225101351737976,0.9657226204872131
3436,33.353715705666374,40.508722333778415,7.155006628112041,0.8626068234443665,0.9810555577278137
3438,28.31453352926324,31.655065977790244,3.3405324485270036,0.6880113482475281,0.9756078720092773
3440,36.29191462963239,36.30565044893174,0.013735819299355967,0.925885021686554,0.9262795448303223
3441,32.56603894038382,34.65482539135383,2.0887864509700123,0.8368536829948425,0.9495030045509338
3442,23.106346115858702,27.82135901843425,4.715012902575548,0.4449329376220703,0.8722127079963684
3443,29.696808585843648,30.208458639901462,0.5116500540578137,0.8731615543365479,0.8979212641716003
3444,26.390457729942387,26.38698197972745,-0.0034757502149354025,0.9258651733398438,0.9311761856079102
3445,26.649180155732772,36.54869403534731,9.899513879614538,0.6718044281005859,0.9643909335136414
3446,23.923637915550078,23.923860036414148,0.00022212086406980802,0.9847872257232666,0.9847891926765442
3447,24.97884133222065,34.31663162064693,9.33779028842628,0.5473573803901672,0.923413097858429
3449,33.408799530770914,33.40885550248206,5.597171114857247e-05,0.9389728903770447,0.9389727711677551
3450,26.51402407417519,32.77630773098292,6.262283656807732,0.5570780634880066,0.962622344493866
3451,36.29979262354573,36.29987888922002,8.62656742910417e-05,0.9652429223060608,0.9652431607246399
3452,34.62753279808551,37.308848995919405,2.681316197833894,0.8636443614959717,0.9651206135749817
3453,27.35106418596176,37.9630813033057,10.612017117343939,0.5982491374015808,0.9668781757354736
3455,31.879780087082583,33.88908576605378,2.0093056789711987,0.8265297412872314,0.9383513331413269
3456,34.87842891345394,35.50290123769728,0.6244723242433423,0.9152489304542542,0.9433646202087402
3457,39.88159879414972,39.8817983612864,0.0001995671366827878,0.9899126887321472,0.989910900592804
3459,34.112474906519196,34.1125280160193,5.310950010084525e-05,0.9637587666511536,0.9637587070465088
3466,33.68182401176715,34.338958482756205,0.6571344709890568,0.9237973093986511,0.9524280428886414
3467,25.591150524992784,36.20519717844918,10.614046653456398,0.5630654692649841,0.9537457823753357
3469,32.63869438401097,32.63824235089527,-0.0004520331156996349,0.9971976280212402,0.9971989989280701
3470,33.00769878743997,34.2215844734115,1.2138856859715261,0.888653576374054,0.9402666687965393
3471,31.08220593842569,32.37238282763409,1.2901768892084,0.8654258847236633,0.9197288155555725
3473,26.777720055106975,36.415665257603536,9.63794520249656,0.6732373237609863,0.9541279673576355
3475,29.603673280393878,29.60397925868139,0.00030597828751410816,0.993183434009552,0.9931852221488953
3477,32.303948368242324,41.01221682337446,8.708268455132135,0.7665389180183411,0.9812160134315491
3478,26.10694968977921,30.64677007985481,4.539820390075601,0.40564075112342834,0.782788097858429
3484,20.8333823136481,20.861823967714553,0.028441654066451605,0.7303720116615295,0.7373252511024475
3485,28.13906033682542,34.001064120842784,5.862003784017364,0.8811524510383606,0.9701688885688782
3488,20.416531413003565,21.94563187710142,1.529100464097855,0.48718586564064026,0.9353060126304626
3489,26.069117003473323,26.09722344894175,0.028106445468427665,0.8278633952140808,0.844127357006073
3490,25.371789516581018,37.480713279113786,12.108923762532768,0.44161319732666016,0.9544103741645813
3491,30.7248570434919,34.16808842712746,3.443231383635556,0.9524653553962708,0.9799968600273132
3492,31.381177959150932,32.997811564689584,1.6166336055386523,0.9141342043876648,0.9470000863075256
3493,26.09937700488095,30.613660803196126,4.5142837983151765,0.6694161295890808,0.9352982044219971
3494,24.88033255379433,24.923844795027673,0.043512241233344184,0.9048566818237305,0.9076555371284485
3495,26.856908691823328,42.166595336519734,15.309686644696406,0.3418287932872772,0.9696450233459473
3498,32.31390331794949,37.18861063506548,4.874707317115991,0.9555697441101074,0.9861254692077637
3499,27.169554163012236,31.526821079633216,4.357266916620979,0.8442552089691162,0.9508674740791321
3500,25.468924590260407,26.088554152282693,0.6196295620222863,0.8882133364677429,0.9351031184196472
3501,30.36002615496184,32.22184230124631,1.8618161462844718,0.7861822247505188,0.9202356934547424
3502,23.08571500408474,33.32100332475147,10.235288320666733,0.6706432700157166,0.9573204517364502
3503,25.658990904780484,26.482165345035607,0.8231744402551229,0.8350589275360107,0.9326875805854797
3504,27.786847070823065,40.29310583226648,12.506258761443412,0.4243505001068115,0.934725821018219
3505,21.41664829727274,25.005545345376472,3.588897048103732,0.39313843846321106,0.9434067606925964
3506,33.48700199795336,39.96617642214874,6.479174424195385,0.8883452415466309,0.9811997413635254
3507,26.452928814336758,34.84347066338737,8.390541849050614,0.6595659852027893,0.933647632598877
3508,27.469237757132422,27.527459234332262,0.058221477199840166,0.8690454363822937,0.8736312985420227
3511,21.014805354575877,21.034276187685236,0.019470833109359376,0.7796465754508972,0.7854626178741455
3513,27.06923380953395,27.307248911760237,0.23801510222628508,0.8452929854393005,0.8467226028442383
3515,26.641693263367294,26.642248615578104,0.0005553522108101561,0.8354785442352295,0.835589587688446
3520,25.85193564964086,25.851716613661957,-0.0002190359789047136,0.992190420627594,0.9921901822090149
3521,35.33068553836981,36.5206800494927,1.1899945111228831,0.9352782368659973,0.9702408313751221
3523,32.601510614838475,40.46753328839053,7.866022673552052,0.8283677101135254,0.9780988097190857
3524,28.00012372971343,28.00045870508312,0.00033497536968951636,0.9925796985626221,0.9925790429115295
3525,28.0300648390359,28.040501239567625,0.010436400531723677,0.8865938186645508,0.8873780369758606
3526,29.2918079924951,31.564797725185976,2.272989732690874,0.8233170509338379,0.910468339920044
3527,39.03379813996969,39.033904890999736,0.00010675103004587072,0.986287534236908,0.9862854480743408
3530,32.29486597638724,37.38977402779581,5.0949080514085665,0.888207733631134,0.9771702289581299
3532,24.266858087138324,24.267052827180823,0.00019474004249886434,0.9846082329750061,0.9846085906028748
3533,27.043618120918357,38.03807876732664,10.994460646408282,0.5346476435661316,0.96467524766922
3534,30.553252445210344,30.55327943620607,2.6990995724673894e-05,0.9307175278663635,0.9307175278663635
3539,25.478582083024385,25.49313826088659,0.014556177862203867,0.8605267405509949,0.8616880774497986
3540,30.951079120951754,30.950707811664056,-0.00037130928769713023,0.9966077208518982,0.9966094493865967
3541,32.82578812134508,32.82580944182681,2.1320481735642716e-05,0.9368057250976562,0.936805248260498
3542,11.475521483997277,27.143357653314073,15.667836169316796,0.05092819407582283,0.6322119832038879
3545,25.323695015694653,30.24689746365751,4.923202447962858,0.8533825278282166,0.9478033185005188
3547,25.23754927763175,25.277721959898727,0.04017268226697723,0.7147915959358215,0.7158634662628174
3548,29.53486220753309,29.54172020994504,0.006858002411949116,0.9462547898292542,0.946338951587677
3549,25.855249770657466,25.855490790127433,0.00024101946996779589,0.9887705445289612,0.9887712597846985
3550,31.454230230660084,40.79350743329793,9.339277202637849,0.7510716915130615,0.9754748940467834
3551,31.637632377403463,31.637651174848017,1.8797444553797504e-05,0.956651508808136,0.9566514492034912
3553,23.025232373037284,26.73620721360761,3.7109748405703264,0.6309923529624939,0.9208133816719055
3554,25.928667905935455,31.630355772803014,5.701687866867559,0.495560884475708,0.9429752230644226
3556,25.571452160971585,25.571460914463714,8.753492128477092e-06,0.9103503227233887,0.9103508591651917
3559,24.884136424062632,27.288394040594362,2.40425761653173,0.6050426363945007,0.9023897647857666
3563,22.95846096306516,27.59625538966307,4.63779442659791,0.5742730498313904,0.9271666407585144
3565,31.55417147344795,31.55384608071782,-0.00032539273013298953,0.9913105964660645,0.9913104176521301
3567,30.514471905285102,31.241160488761558,0.7266885834764558,0.8367212414741516,0.8866831660270691
3568,43.62027166570843,43.615328975478405,-0.004942690230024027,0.9985182881355286,0.9985060095787048
3569,26.855182476248732,26.868281786566847,0.013099310318114732,0.8663979172706604,0.8668544888496399
3570,14.707518777352277,22.183236231898697,7.47571745454642,0.389687180519104,0.6913869976997375
3572,31.918597552301023,32.08962039097132,0.17102283867029655,0.8876684308052063,0.9012606739997864
3573,32.06479221163153,32.06476374472361,-2.8466907920687845e-05,0.9087435603141785,0.9087446331977844
3574,38.40675051112243,38.373966034988264,-0.03278447613416802,0.9805231094360352,0.9802286624908447
3576,27.67086007747638,33.960013256346464,6.289153178870084,0.5312549471855164,0.8967867493629456
3577,33.457320196949404,33.45682427314761,-0.0004959238017931966,0.9967297911643982,0.9967296123504639
3578,29.44768504406866,33.061376887525356,3.613691843456696,0.8273258209228516,0.9244232177734375
3583,27.838315591557187,35.91127428877381,8.072958697216624,0.7602623105049133,0.9626076221466064
3586,32.51060553663083,32.913587736463825,0.4029821998329979,0.9125175476074219,0.9354249835014343
3588,28.131241252236006,28.131528953001606,0.00028770076560036273,0.9978070855140686,0.9978098273277283
3589,32.756371721118775,36.435798266493734,3.679426545374959,0.7835724949836731,0.9933812618255615
3590,29.16278837323273,29.162740425427263,-4.794780546646393e-05,0.9311585426330566,0.9311540126800537
3594,30.902318814891743,32.65964619608485,1.7573273811931074,0.8332209587097168,0.9299437403678894
3595,33.90613977806509,33.90617457718043,3.479911534043367e-05,0.9686912894248962,0.9686911702156067
3596,22.75217517933156,22.74618491596994,-0.005990263361617565,0.8860188126564026,0.897439181804657
3597,24.8173442183147,24.83571776231976,0.018373544005058307,0.8489213585853577,0.8536689877510071
3598,29.490709550357717,38.50132278357121,9.010613233213494,0.7418062686920166,0.9743385314941406
3604,27.22691227331996,27.577400514074082,0.350488240754121,0.8981844782829285,0.9132719039916992
3605,28.74808384705186,36.22242377912892,7.474339932077058,0.8091681599617004,0.9692783355712891
3607,24.96221510571568,24.963537156433965,0.0013220507182865049,0.7707927823066711,0.7712880969047546
3608,27.474042418174758,39.563277715072196,12.089235296897439,0.49114707112312317,0.9652422070503235
3610,27.216493704606517,31.44843621234511,4.231942507738594,0.723827600479126,0.9036409258842468
3611,25.90152537592654,33.56569066580067,7.664165289874134,0.7298392653465271,0.9451279640197754
3614,27.61738443679715,27.617123890608188,-0.00026054618896154125,0.9901566505432129,0.9901562333106995
3615,24.42170909661707,24.43260395431618,0.010894857699106808,0.8180222511291504,0.8212647438049316
3616,30.16307225992987,31.425164445350056,1.2620921854201868,0.8362298607826233,0.908783495426178
3617,29.84095044640984,31.45010805366258,1.6091576072527403,0.8446118235588074,0.9270923137664795
3618,25.72843571634904,32.079237999767244,6.350802283418204,0.8341308236122131,0.9590958952903748
3619,31.444927333276386,33.18159910068863,1.7366717674122434,0.829350471496582,0.9117292761802673
3620,24.642370096775444,24.64658620627686,0.0042161095014172645,0.7866999506950378,0.7890378832817078
3622,29.611387925228993,35.258503338125486,5.647115412896493,0.8153524994850159,0.966275691986084
3624,34.96396001226948,34.96450271380105,0.0005427015315717654,0.9982213377952576,0.9982202649116516
3625,29.612425010278844,36.66125131024582,7.048826299966972,0.8434658646583557,0.9731267094612122
3626,20.44681295408319,21.96864702131105,1.5218340672278607,0.5748820304870605,0.9287393689155579
3627,29.939513588499086,29.964215675926287,0.024702087427201036,0.8933680653572083,0.8939844965934753
3629,14.432120678905777,24.491458245732538,10.05933756682676,0.19196783006191254,0.8172016143798828
3630,22.106476581063276,22.105624600914325,-0.0008519801489512702,0.9725162386894226,0.9723461270332336
3632,26.596331555468367,30.544816508208807,3.94848495274044,0.8762997984886169,0.9429938793182373
3633,36.392726887681576,36.39281309136115,8.620367957234976e-05,0.9647750854492188,0.9647774696350098
3634,25.698327379101723,32.78501005229375,7.086682673192026,0.834767758846283,0.965939462184906
3636,22.590545710816762,22.590559664643017,1.395382625446473e-05,0.7497982978820801,0.7498008608818054
3637,23.506609728398892,26.922722322732504,3.4161125943336117,0.5199241638183594,0.8362801671028137
3638,24.86093408554447,33.639591786679894,8.778657701135423,0.4797264039516449,0.9252831339836121
3640,27.150140050534972,27.149897424131375,-0.0002426264035975123,0.9858153462409973,0.9858149886131287
3641,29.892500401263366,37.06387206948479,7.171371668221422,0.5220463871955872,0.7361584305763245
3645,25.70328847751883,37.873081773806064,12.169793296287235,0.46492937207221985,0.9556425213813782
3646,23.710521455264395,23.717305474618126,0.006784019353730741,0.7739577889442444,0.7757691740989685
3649,34.048857630227516,34.433261164971995,0.38440353474447875,0.9234120845794678,0.945734977722168
3650,36.79525166547498,36.79024210828265,-0.00500955719233076,0.9964063763618469,0.9961817860603333
3651,21.315472517644373,21.39033303850107,0.0748605208566957,0.8279669880867004,0.8430641293525696
3652,20.483520884111556,20.51640164791899,0.032880763807433766,0.8108440041542053,0.8217450976371765
3653,24.98680728772787,25.00760932355364,0.02080203582577056,0.8351185321807861,0.840719997882843
3655,22.65759829589195,22.664551336019873,0.006953040127921639,0.7782971262931824,0.78056401014328
3659,24.910986594223928,25.84677703854352,0.9357904443195935,0.6913051605224609,0.7898292541503906
3660,33.304712425854476,35.78992217164713,2.485209745792652,0.8418300747871399,0.9584397673606873
3661,20.78288396400864,21.143384402060796,0.36050043805215637,0.7188894152641296,0.9396677613258362
3664,31.846791188267606,40.00916719215918,8.162376003891577,0.7524040341377258,0.9735975861549377
3667,26.054543024721873,35.538240827833334,9.483697803111461,0.49815359711647034,0.9594089984893799
3668,24.881258395890924,24.921458772284254,0.04020037639332941,0.7630141377449036,0.7687649726867676
3669,22.82343663014999,22.823589669409724,0.00015303925973597643,0.9644594192504883,0.9644126892089844
3671,27.55952547929068,27.691136645121695,0.13161116583101418,0.8731686472892761,0.8835598826408386
3673,29.262073111468794,32.26581634724147,3.0037432357726743,0.7840946316719055,0.9362233281135559
3675,22.31862294821813,24.814173389509424,2.495550441291293,0.6188398003578186,0.7820634841918945
3676,31.155209781796458,41.0444861406176,9.889276358821142,0.7175342440605164,0.9792678952217102
3677,33.344168759300324,33.34464734220805,0.00047858290772495593,0.9980862736701965,0.9980412125587463
3679,29.664167503703887,29.664342525266925,0.00017502156303805805,0.8913455009460449,0.8913624882698059
3680,32.75546480567635,33.55320711449081,0.7977423088144633,0.8919389843940735,0.9370808601379395
3682,33.32207930194101,33.322121129758614,4.1827817604200845e-05,0.9528169631958008,0.9528153538703918
3684,26.78514342465688,26.785421734470894,0.0002783098140142215,0.9958252906799316,0.9958057403564453
3686,22.294658015147935,22.30290450914506,0.00824649399712385,0.7355507016181946,0.7363333106040955
3688,29.418850030011946,29.694030494427892,0.27518046441594635,0.8154715895652771,0.856976330280304
3690,35.046662707845606,35.046015923163154,-0.0006467846824520507,0.9986183643341064,0.998616635799408
3692,25.219422955455677,25.21963350369118,0.0002105482355041488,0.9826104044914246,0.9826108813285828
3693,32.00317656360882,37.280566850426915,5.277390286818097,0.8969675898551941,0.977118968963623
3694,26.17178927109424,26.209173631849026,0.03738436075478546,0.7923881411552429,0.792857825756073
3696,33.87364013031792,33.8736845385198,4.440820187312511e-05,0.9537805914878845,0.9537796378135681
3697,27.937876246082173,27.937731591339208,-0.00014465474296443404,0.986884593963623,0.9868855476379395
3702,30.41516580939415,30.414784480751216,-0.00038132864293416446,0.9957189559936523,0.9957183003425598
3703,30.183416267003416,36.37631193682948,6.192895669826065,0.8609076142311096,0.9715068340301514
3705,31.05983988470296,33.354061541825516,2.2942216571225558,0.8607459664344788,0.927955150604248
3707,27.853802929298514,36.1361422414013,8.282339312102788,0.679678201675415,0.9492238163948059
3710,30.06921808480069,30.068786591582676,-0.00043149321801294604,0.9975230097770691,0.9975205063819885
3714,31.76847531703402,31.76849620882752,2.0891793500510403e-05,0.9625260233879089,0.9625275135040283
3715,24.587961901496858,26.504215739871153,1.9162538383742955,0.6282692551612854,0.9591773152351379
3716,26.345982837986487,33.661817291274986,7.315834453288499,0.7508194446563721,0.9538230895996094
3718,25.43271174179094,34.50003855299147,9.06732681120053,0.6036058068275452,0.947457492351532
3719,33.14948127919249,41.39379355428127,8.244312275088774,0.7990418076515198,0.9846041202545166
3721,24.7533699288564,35.89430824548518,11.140938316628777,0.5004206299781799,0.9387240409851074
3722,23.50123032979593,23.54562665117602,0.044396321380087755,0.8235192894935608,0.8243968486785889
3723,24.506857352270085,31.827298499846975,7.32044114757689,0.8183230757713318,0.9598228335380554
3725,24.340964234966528,24.351212280748037,0.010248045781509063,0.8263968825340271,0.8344739079475403
3726,21.948427121028594,22.00057915277356,0.052152031744967076,0.7486053109169006,0.7644271850585938
3727,37.90261790669276,37.90172549052614,-0.0008924161666215014,0.9990122318267822,0.9990119338035583
3728,30.422949611854545,38.52618782397868,8.103238212124136,0.7363066077232361,0.9701781272888184
3731,24.827078948676075,31.234322103844594,6.407243155168519,0.7044532895088196,0.9179674983024597
3732,28.69500008111356,31.43209548711868,2.737095406005121,0.836719810962677,0.9458329677581787
3733,27.69433703711741,31.172573858107647,3.4782368209902366,0.9511613845825195,0.9807304739952087
3736,27.43088849768474,35.222726560478634,7.791838062793893,0.5190311074256897,0.9381208419799805
3737,34.50993895218375,34.77247092506755,0.26253197288379937,0.9303992390632629,0.9443182349205017
3738,22.92079885942767,31.374414364530658,8.453615505102988,0.44034942984580994,0.8887401223182678
3739,25.29515180048,25.29545743779147,0.00030563731147026374,0.9706758856773376,0.9706657528877258
3740,32.38320099843885,32.47728753101257,0.09408653257371924,0.9307133555412292,0.9411819577217102
3743,29.200920151050358,29.200944546885104,2.4395834746115952e-05,0.9135689735412598,0.9135687351226807
3745,30.497613991091292,30.497728802916626,0.0001148118253340158,0.9818482398986816,0.9818146824836731
3746,26.636111485817352,33.08174091068337,6.44562942486602,0.8296149373054504,0.9615728855133057
3748,26.60377713338537,26.645944683022115,0.042167549636744184,0.8093464374542236,0.8118707537651062
3749,23.4314989390069,25.390624989628755,1.9591260506218546,0.4463918209075928,0.9348503947257996
3752,30.69349782258786,37.996680484743,7.303182662155141,0.6896516680717468,0.8933361172676086
3755,42.11058435591604,42.11199014215511,0.0014057862390686182,0.9995157122612,0.999513566493988
3758,20.70854509700235,21.6594638394554,0.9509187424530516,0.6450201869010925,0.9192585945129395
3761,22.444635319884373,25.381437749830617,2.936802429946244,0.44226324558258057,0.9600632786750793
3762,28.670203480694205,33.85561526016247,5.185411779468268,0.8345849514007568,0.9592518210411072
3763,31.465028862785257,31.465051886842318,2.3024057060894165e-05,0.9370479583740234,0.9370480179786682
3764,29.617855832330942,30.540919906981536,0.9230640746505934,0.8672420382499695,0.9178948402404785
3765,30.65914664299543,30.663736619133015,0.004589976137584273,0.9235417246818542,0.9242433905601501
3766,28.689764757836617,38.40753311717207,9.717768359335455,0.6802652478218079,0.9706482291221619
3768,26.735223439903688,38.961614241901984,12.226390801998296,0.4872400462627411,0.9667094349861145
3769,40.873334438552796,40.87359718083345,0.00026274228065403804,0.9926292896270752,0.9926290512084961
3771,31.334230210280218,36.473206989558804,5.138976779278586,0.7451550364494324,0.8554575443267822
3774,25.188672375165815,25.18868205995496,9.684789144870365e-06,0.9384322762489319,0.9384323954582214
3775,45.2166439124068,45.2173235495803,0.0006796371734978379,0.9993316531181335,0.9993308186531067
3776,32.52191090102472,37.135177420089704,4.613266519064986,0.9676063656806946,0.9902371764183044
3777,39.665680515034666,40.618430206977216,0.9527496919425502,0.9638688564300537,0.9746364951133728
3778,22.230244735071985,23.665949323445492,1.4357045883735076,0.6025989055633545,0.7053267359733582
3779,26.89176917254105,26.93655113213611,0.04478195959505982,0.9108672738075256,0.9113211035728455
3780,32.090938807753396,32.64284470557646,0.5519058978230618,0.8649961948394775,0.9108673930168152
3781,24.59653639195239,27.652127059170542,3.0555906672181514,0.8505707383155823,0.9389019012451172
3782,23.83476064349427,23.83495870288385,0.00019805938957873082,0.839292585849762,0.8393065929412842
3783,28.89104170608001,28.89128531948968,0.00024361340966905232,0.8834449648857117,0.8834631443023682
3785,34.29786993967681,34.28838012486381,-0.009489814813001374,0.9981806874275208,0.9980313181877136
3786,25.60513380478141,31.813522829170523,6.208389024389113,0.6486135721206665,0.916796863079071
3787,29.75351304390971,37.42966885083994,7.676155806930229,0.822530210018158,0.9768884181976318
3790,27.544559893803793,27.54458316060215,2.326679835817913e-05,0.9677186012268066,0.9677180647850037
3791,25.33200895390717,25.331894706164796,-0.00011424774237411839,0.8533422350883484,0.8533423542976379
3792,29.90454535069584,29.90457106966863,2.5718972789690042e-05,0.9100985527038574,0.910098135471344
3795,36.147578756662625,36.14765502315567,7.626649304626199e-05,0.9936692118644714,0.9936688542366028
3797,17.196636148815486,20.730127518027956,3.53349136921247,0.6433027386665344,0.8463726043701172
3798,32.656771054330626,32.92248212204924,0.2657110677186125,0.9230380654335022,0.9347049593925476
3801,39.855851137060874,39.85655027151681,0.0006991344559352797,0.9986990094184875,0.9986982345581055
3802,30.85930154314797,39.310346799260074,8.451045256112103,0.7821696400642395,0.9718939661979675
3805,29.22701182942064,38.02782186572223,8.800810036301591,0.7281662821769714,0.965589702129364
3806,25.731953967763474,25.94098579830606,0.20903183054258534,0.7472286224365234,0.7713287472724915
3807,29.85840433283295,32.382126367874726,2.523722035041775,0.9235488772392273,0.9645470976829529
3808,15.359833680542256,15.415074664703445,0.05524098416118939,0.6598692536354065,0.6682642102241516
3809,29.08892585026377,43.596904589377445,14.507978739113675,0.46192970871925354,0.9756312370300293
3810,29.335494451131844,29.729860758366158,0.3943663072343142,0.8934529423713684,0.9123818874359131
3811,16.779974446176375,16.784396079830394,0.0044216336540188195,0.6843952536582947,0.6846511960029602
3812,29.23293448272812,34.46335303239798,5.230418549669864,0.7866864800453186,0.9406936764717102
3813,28.487432456398857,38.105616144821724,9.618183688422867,0.6462271809577942,0.9660786986351013
3814,30.929309609006445,36.745641862368565,5.81633225336212,0.915949821472168,0.9810656905174255
3815,48.25082398994798,48.24782950833126,-0.0029944816167244426,0.9999149441719055,0.9999148845672607
3816,28.775413306255608,39.556568099796685,10.781154793541077,0.5717464089393616,0.9604045748710632
3819,28.8374242013047,28.851375710894903,0.013951509590203415,0.8973708152770996,0.8992692828178406
3821,30.276971420218842,30.277002136454293,3.071623545025659e-05,0.9765837788581848,0.9765828251838684
3822,28.88576389972404,28.885768984999128,5.085275088134722e-06,0.9216315746307373,0.9216318130493164
3823,31.777046345091872,31.777101151876725,5.4806784852701185e-05,0.9922428131103516,0.9922428727149963
3824,22.846650085102848,22.88914572184579,0.042495636742941656,0.770817220211029,0.7792522311210632
3827,30.599294338540215,31.779913972866183,1.1806196343259678,0.8716523051261902,0.9216803908348083
3828,28.031023461688566,28.03141448885423,0.00039102716566574713,0.9870472550392151,0.987051784992218
3829,22.70742681196684,22.707572422137904,0.00014561017106373697,0.9782595038414001,0.9782600998878479
3832,25.848119857132964,26.935166417778454,1.08704656064549,0.7625923156738281,0.9739549160003662
3833,21.37580725773079,21.375933016900515,0.00012575916972323853,0.9516261219978333,0.9516275525093079
3835,25.055984836156785,32.17358576746988,7.1176009313130955,0.7915997505187988,0.9613801836967468
3836,25.06932898612249,25.273786964193,0.20445797807051136,0.8627532124519348,0.8800942897796631
3837,22.982735433429013,22.982578691654588,-0.00015674177442548398,0.9665313363075256,0.9665339589118958
3838,25.418425723314428,36.68458159312968,11.26615586981525,0.5292487740516663,0.9619593620300293
3839,29.78643375837077,38.55338501831221,8.766951259941443,0.7144286036491394,0.9792709350585938
3841,31.22082320869569,32.1673466973129,0.9465234886172098,0.9748742580413818,0.9814642071723938
3843,25.948884170807833,29.460492956605002,3.5116087857971685,0.6464971899986267,0.8893490433692932
3844,25.494119151917786,32.394402863285364,6.900283711367578,0.7733810544013977,0.9588406085968018
3845,27.493594303024192,38.63984563611282,11.146251333088625,0.5580282211303711,0.9669179916381836
3847,27.002020715801315,34.22201917571536,7.219998459914045,0.8550563454627991,0.9710001945495605
3849,19.372067654900867,20.295638656800058,0.923571001899191,0.6831405162811279,0.8738288879394531
3850,37.869870178618264,37.95565336489807,0.08578318627980508,0.9420153498649597,0.944551944732666
3851,28.826523837042902,28.86715807481703,0.04063423777412822,0.9171440005302429,0.9209951758384705
3853,24.617677868321643,24.656250664393994,0.03857279607235142,0.8529407978057861,0.8580768704414368
3854,34.808362053337596,37.44822787555171,2.6398658222141123,0.8282051682472229,0.8663511276245117
3855,24.62923450530631,24.629250065842147,1.5560535835845712e-05,0.8191779255867004,0.8191778063774109
3858,23.721518952941768,26.955377151375323,3.2338581984335555,0.845970630645752,0.9568114280700684
3859,32.024350147520565,32.404226328876135,0.37987618135557,0.8927217125892639,0.9207401871681213
3861,23.066387911656022,25.657422555822617,2.5910346441665943,0.4051327705383301,0.715663731098175
3863,25.076454487259912,25.076481498799698,2.701153978534876e-05,0.9351255297660828,0.9351293444633484
3864,25.491430291047354,36.54671469095349,11.055284399906139,0.5500256419181824,0.9543647170066833
3865,31.19269024886517,35.31367042489531,4.120980176030137,0.9398424029350281,0.979627788066864
3866,26.661231095062764,30.59446117524159,3.933230080178827,0.583468496799469,0.8828706741333008
3867,32.35017246816287,37.44694591403504,5.096773445872174,0.893211841583252,0.9765660166740417
3868,27.948194372138712,35.876073925191335,7.927879553052623,0.7404597401618958,0.9585318565368652
3874,25.18819450773977,37.60038745490759,12.41219294716782,0.43050244450569153,0.9517386555671692
3877,26.592397844605507,37.93626314674226,11.343865302136756,0.5520496368408203,0.9658989310264587
3878,27.962243419815913,33.583373576380964,5.6211301565650515,0.8499918580055237,0.965678870677948
3879,24.894195078620392,32.12148998714898,7.227294908528592,0.7713820934295654,0.9482439160346985
3880,28.36033482912437,37.470521233716504,9.110186404592135,0.7224469184875488,0.9668477177619934
3881,25.870664925158362,37.549197691924235,11.678532766765873,0.49867451190948486,0.9690303206443787
3882,24.237279541980215,25.17765539812811,0.9403758561478952,0.7333188652992249,0.9661164879798889
3884,17.906016365043275,21.831817403229042,3.9258010381857673,0.5304773449897766,0.8697383999824524
3885,30.747167870566273,39.45017229849856,8.703004427932285,0.7635170817375183,0.976878821849823
3890,25.152722734500447,32.86197972008088,7.709256985580435,0.7283248901367188,0.9550449252128601
3894,24.029261705520252,24.468121845127556,0.4388601396073035,0.8627085089683533,0.9123244285583496
3895,28.970973114791768,29.004403752872463,0.03343063808069502,0.9175171852111816,0.9498816132545471
3898,26.428414513057938,26.437280019611997,0.008865506554059266,0.8991284370422363,0.9000108242034912
3899,26.812193739899293,31.166454255822114,4.354260515922821,0.8866505026817322,0.9580362439155579
3903,32.524897034071344,36.88041971502718,4.355522680955836,0.7743973731994629,0.9528557658195496
3904,24.8131070573811,27.558370674429923,2.745263617048824,0.7187504172325134,0.9555719494819641
3905,26.137555571630642,27.47056705144708,1.333011479816438,0.7260282039642334,0.968513011932373
3908,29.458931300260133,29.458951386613673,2.008635354044941e-05,0.946019172668457,0.9460189938545227
3909,37.24692278604658,37.24612089045505,-0.0008018955915289894,0.999610424041748,0.9995575547218323
3910,28.416840597971962,28.416362022494802,-0.0004785754771603479,0.9955627918243408,0.9955587983131409
3912,23.242023949507104,25.96711699231884,2.7250930428117357,0.89256352186203,0.9700170159339905
3913,26.93948031111086,35.461804894455334,8.522324583344474,0.729282557964325,0.9579023718833923
3914,23.43292796229666,32.41071236513112,8.977784402834459,0.3288322389125824,0.8570515513420105
3915,28.57851635814903,28.825880630761162,0.24736427261213123,0.8908791542053223,0.9106990694999695
3916,26.22483211542054,26.23121630263947,0.006384187218930748,0.8682904839515686,0.8683972954750061
3917,32.66468496353825,37.57839393077033,4.913708967232083,0.836435079574585,0.952349841594696
3918,23.478787820016798,23.478782864081076,-4.955935722250615e-06,0.7754201292991638,0.7754194140434265
3920,26.20971309238961,34.927269139709935,8.717556047320326,0.7258142828941345,0.9565966725349426
3921,20.080002583356467,20.769687647309112,0.6896850639526448,0.536492645740509,0.9436995387077332
3922,42.36850456433299,42.368935263026344,0.0004306986933571011,0.9971932768821716,0.9971926212310791
3923,27.2717884425558,31.61875810196249,4.346969659406692,0.7250832915306091,0.9758461117744446
3924,26.24139915454965,35.692869788503685,9.451470633954035,0.3945956230163574,0.9524941444396973
3925,26.405979523992254,31.64888964508233,5.242910121090077,0.5363841652870178,0.9022100567817688
3926,29.03361277379912,35.51455213217869,6.4809393583795725,0.8297781944274902,0.9651128649711609
3928,26.763098423943646,27.77268142639094,1.0095830024472932,0.8778772950172424,0.9651991724967957
3929,39.51069561792498,39.51096241998719,0.0002668020622067502,0.9976964592933655,0.9976946711540222
3931,24.67223514573636,33.42548885265033,8.753253706913974,0.671131432056427,0.9492899775505066
3932,24.537672583269043,24.65470999284261,0.11703740957356601,0.6924536824226379,0.7111178040504456
3933,48.64754211999098,48.63422035595434,-0.01332176403663965,0.9996587634086609,0.9996514916419983
3934,31.63642066677195,34.33230285914725,2.695882192375297,0.8232924342155457,0.9419307112693787
3937,20.502324674708817,20.504324832338632,0.0020001576298156465,0.7333548665046692,0.7349621653556824
3940,24.91027928115765,33.695762775178984,8.785483494021335,0.6611940860748291,0.9427987933158875
3941,31.123516259451605,31.123550312118226,3.4052666620709715e-05,0.9229803085327148,0.922978937625885
3942,25.634970114217268,37.28896754561447,11.653997431397201,0.4800124168395996,0.9620370864868164
3943,26.54399559828779,30.083660311863426,3.539664713575636,0.8048667907714844,0.9608476758003235
3944,22.958206780973896,22.95931673885778,0.0011099578838837942,0.9752135276794434,0.9748630523681641
3945,25.814098614166305,31.899264453944408,6.085165839778103,0.8056406378746033,0.9599046111106873
3946,32.31562939601616,41.26484129487849,8.949211898862323,0.757785975933075,0.9770949482917786
3947,24.47323888521708,24.473494654789413,0.0002557695723339748,0.9788114428520203,0.9788246154785156
3948,25.16760605885297,31.46721102309602,6.2996049642430485,0.825930118560791,0.9562392234802246
3950,29.280729130430103,34.083740041238016,4.803010910807913,0.9152693748474121,0.9751012921333313
3951,26.69884814247255,35.363143272355025,8.664295129882476,0.7377261519432068,0.9581243395805359
3952,29.3593563588928,29.358794948347015,-0.0005614105457851792,0.9771295189857483,0.9771027565002441
3953,28.134272438304162,37.564298754146954,9.430026315842792,0.6592755317687988,0.9672138094902039
3954,32.7217400169829,38.81892180766738,6.0971817906844805,0.8904983997344971,0.9819210171699524
3955,29.30384971730575,29.30386651481438,1.6797508632038216e-05,0.9176691174507141,0.9176664352416992
3956,25.610421181283552,25.64745678485395,0.03703560357039848,0.7427549958229065,0.7432785630226135
3957,22.252973484584153,23.406822529639044,1.1538490450548906,0.7086005210876465,0.9281447529792786
3961,27.36303788180191,36.045355839542175,8.682317957740263,0.6775936484336853,0.9560136795043945
3962,25.879658579395148,32.6172482777852,6.737589698390053,0.7932549118995667,0.9568157196044922
3963,30.7170611349692,33.37221798359183,2.6551568486226316,0.9022071361541748,0.9744148254394531
3964,26.816821470731597,26.820484903883276,0.003663433151679385,0.8882145285606384,0.8882898688316345
3965,19.79440477272244,21.00206144522651,1.2076566725040685,0.4690650403499603,0.7734264731407166
3966,30.06158544533436,30.664334273435124,0.6027488281007649,0.8774538040161133,0.90608811378479
3967,28.892488703857218,35.5234532299886,6.630964526131379,0.768476665019989,0.9532273411750793
3968,34.09873487166179,34.09878553981581,5.066815401733038e-05,0.9564215540885925,0.9564216732978821
3969,29.877126714417663,30.65061897392382,0.7734922595061562,0.9112584590911865,0.9357364177703857
3971,31.415069401303853,31.42101645336834,0.005947052064485092,0.9044650197029114,0.9052062630653381
3972,20.52793385722338,20.68801851751751,0.16008466029412816,0.8265654444694519,0.8975653648376465
3975,24.949209467833672,35.291488308690546,10.342278840856874,0.515533983707428,0.9503801465034485
3978,34.04884671334598,34.74935398363583,0.7005072702898474,0.8810757994651794,0.9171169400215149
3979,24.608985012313664,24.608793606695556,-0.0001914056181071544,0.9894042015075684,0.9894042015075684
3980,29.060704128360413,29.0610226123056,0.0003184839451861876,0.9746734499931335,0.9746756553649902
3984,23.52377530350219,23.52394419754455,0.0001688940423605345,0.9746894240379333,0.9746909737586975
3985,20.171312187025016,20.172252646767298,0.0009404597422815186,0.7434895038604736,0.7436230778694153
3987,29.165708766978156,39.82988025885567,10.66417149187751,0.5967371463775635,0.9662046432495117
3988,23.78166840568291,25.216038767688545,1.4343703620056338,0.8489570617675781,0.9205644130706787
3989,22.31938356055354,22.319541908853353,0.00015834829981287157,0.9532492160797119,0.9532485008239746
3990,27.84850618663937,33.37638757063121,5.52788138399184,0.8166715502738953,0.9557203650474548
3993,35.78252461292604,39.78984534116094,4.007320728234902,0.8121738433837891,0.9097678661346436
3995,29.971335891848824,29.97136000036528,2.4108516456067264e-05,0.9197953343391418,0.9197953343391418
3997,26.781409431638558,38.89549617407965,12.114086742441096,0.45371195673942566,0.9530456066131592
3998,28.24668791004469,35.8973285459724,7.650640635927708,0.6916685104370117,0.9462714195251465
3999,32.81743564270474,40.082038526462334,7.264602883757597,0.8256251215934753,0.9863499999046326
4000,23.835640487470183,32.944523211195,9.108882723724815,0.6486260294914246,0.9412502646446228
4001,27.208304410487642,27.22623205066234,0.0179276401746975,0.8646752834320068,0.8651999831199646
4004,30.24831854775139,36.958923883183445,6.7106053354320565,0.7589065432548523,0.9436640739440918
4005,32.35916858094172,36.2797086998816,3.9205401189398827,0.9177277684211731,0.9644215703010559
4006,24.88042494247688,27.938982385205048,3.058557442728169,0.8128431439399719,0.9401509761810303
4010,30.625682795178847,35.8154341621964,5.18975136701755,0.8299169540405273,0.9353799819946289
4011,25.789503360372265,36.52784397626863,10.738340615896362,0.5549263954162598,0.9512934684753418
4013,27.863289573531954,38.14396332648707,10.280673752955114,0.585875928401947,0.9482976794242859
4016,28.756865455731898,35.14298357085028,6.386118115118379,0.8461896777153015,0.9706268310546875
4017,22.343763576868877,24.574521357217435,2.230757780348558,0.8075054287910461,0.9372305870056152
4018,26.028610201943213,35.24235346449655,9.21374326255334,0.5679463744163513,0.9103273749351501
4019,22.854109386158402,25.08849777688606,2.234388390727659,0.5737784504890442,0.8104893565177917
4022,24.463693851636627,32.52074493672299,8.057051085086364,0.4624549150466919,0.9405002593994141
4023,25.33802172717283,34.558958955083675,9.220937227910845,0.6535451412200928,0.9551995396614075
4025,26.126792703852008,37.580848415436584,11.454055711584576,0.4805939197540283,0.96021968126297
4026,28.164698579925144,33.72433090650085,5.559632326575709,0.841099739074707,0.9605104327201843
4028,26.86721553700146,35.32719839510118,8.459982858099718,0.7093580365180969,0.960366427898407
4029,27.314342212506084,31.734800709771285,4.4204584972652015,0.8184987902641296,0.9697187542915344
4030,28.19334845055675,35.65799513289547,7.464646682338721,0.6168824434280396,0.9649397730827332
4031,36.62225855513415,36.62233491934879,7.636421463530496e-05,0.9701769948005676,0.9701766967773438
4032,28.025215858468453,28.03808890441873,0.012873045950275497,0.9227425456047058,0.9232268333435059
4034,20.413158243859822,22.902079915556634,2.4889216716968114,0.38585448265075684,0.9362849593162537
4035,30.936556608659522,30.974557036300734,0.03800042764121159,0.9224721789360046,0.9227158427238464
4036,24.87382767220928,26.491104410703734,1.6172767384944535,0.7685617804527283,0.9413297772407532
4038,26.896467184678038,26.89674133871219,0.0002741540341517634,0.9864543080329895,0.9864547848701477
4040,15.24340398528077,15.290384111507517,0.04698012622674774,0.675209105014801,0.6781332492828369
4042,28.722585311758515,38.657207169755566,9.934621857997051,0.6662892699241638,0.9641326069831848
4044,26.65214438247018,31.288170863453786,4.636026480983606,0.9013419151306152,0.9671317934989929
4045,25.6575442081833,35.37191152439503,9.714367316211732,0.6042439341545105,0.9564840197563171
4050,32.918218265235,40.28372046807647,7.365502202841469,0.8383851647377014,0.9795898795127869
4053,31.64287559394698,38.52709129826197,6.884215704314993,0.8795291781425476,0.9805082678794861
4054,39.63334109082999,39.63350372235685,0.0001626315268623557,0.9967778325080872,0.9967748522758484
4055,31.846795442649537,32.869632228876405,1.0228367862268684,0.8591079115867615,0.9409977793693542
4056,32.099768559815146,38.252946742669266,6.15317818285412,0.8340243697166443,0.9682784676551819
4059,35.722907230427595,35.72222605737612,-0.0006811730514755254,0.9967589378356934,0.9967595934867859
4061,28.054543432104882,36.87664542224459,8.82210199013971,0.6664373278617859,0.960048496723175
4062,31.22898910011775,31.22858050777142,-0.00040859234633217056,0.9938526749610901,0.9938523173332214
4063,25.57794955036752,32.78717071017522,7.209221159807697,0.692673921585083,0.9363018870353699
4064,37.94071827370603,37.94130794150301,0.000589667796980109,0.996741533279419,0.996740996837616
4066,28.31225616340609,37.642175486660186,9.329919323254096,0.6738058924674988,0.9492659568786621
4067,26.156328461032498,26.163476576452073,0.007148115419575163,0.8894848227500916,0.8896694779396057
4068,34.15900943910115,35.61618067511758,1.4571712360164355,0.8844118118286133,0.9577755331993103
4069,44.44510428426512,44.44684232015125,0.0017380358861274203,0.999646008014679,0.9996461868286133
4070,32.42623071316607,39.3362089052215,6.909978192055426,0.8522633910179138,0.9776808619499207
4073,27.168531448861625,36.104099417369426,8.9355679685078,0.6773506999015808,0.9539456963539124
4074,32.682896154347375,34.02997398497404,1.3470778306266666,0.8334290385246277,0.917316734790802
4075,29.354268365697344,36.188929381735356,6.834661016038012,0.7126962542533875,0.9518786072731018
4076,24.77280320359378,24.801367770555856,0.028564566962074878,0.7781405448913574,0.7818130850791931
4079,25.856439812626224,34.408469754509355,8.55202994188313,0.6763798594474792,0.9458528161048889
4081,31.660773076452365,31.661064705701797,0.000291629249431935,0.9948292374610901,0.9948409199714661
4085,11.368643723084396,25.43712373846015,14.068480015375755,0.0950726643204689,0.6494989395141602
4086,25.760678103579785,35.177107047481385,9.4164289439016,0.5351718664169312,0.9437499046325684
4087,29.861521741966822,38.9656599861267,9.10413824415988,0.7328374981880188,0.9703969955444336
4089,15.845574334432179,15.848112704698272,0.0025383702660928265,0.6353726387023926,0.6363524198532104
4090,35.74946403653874,35.77840903288874,0.02894499634999903,0.921367347240448,0.9224405288696289
4091,26.369486164270043,32.767088319624904,6.3976021553548605,0.7033279538154602,0.9591426849365234
4092,13.320909318408367,25.78202640257876,12.461117084170395,0.14445491135120392,0.8159508109092712
4093,23.85338736969993,23.85846366986714,0.005076300167210945,0.8342461585998535,0.8360955715179443
4094,27.01415648786902,33.75961002997112,6.745453542102101,0.6927959322929382,0.9602189660072327
4095,26.760445487961327,33.974035143405516,7.2135896554441885,0.7014313340187073,0.9314578175544739
4096,25.852042642811718,25.851824379539252,-0.00021826327246543542,0.9891816973686218,0.9891808032989502
4099,29.97432486113514,35.42439273586052,5.450067874725381,0.8969959616661072,0.9724750518798828
4104,24.926876959867684,34.925177765855366,9.998300805987682,0.4994243085384369,0.9417262673377991
4105,20.860180277518726,28.00082720783392,7.140646930315196,0.35112372040748596,0.9165348410606384
4107,25.530701352741833,27.35899811816346,1.8282967654216264,0.7979053854942322,0.895801842212677
4108,28.90051037884513,38.11049516296718,9.209984784122053,0.6523499488830566,0.9684928059577942
4109,37.195986457779966,37.19609680283203,0.00011034505206453105,0.982085645198822,0.9820842742919922
4110,40.891720660168176,40.89069254680272,-0.0010281133654572727,0.9989007115364075,0.9989001750946045
4112,30.923918716027877,35.98078540812959,5.056866692101714,0.891294538974762,0.9684488773345947
4114,30.827304377494777,36.869819743591925,6.042515366097149,0.8751574158668518,0.9826340675354004
4115,27.454833075042515,27.454167404684824,-0.0006656703576908285,0.9975211024284363,0.99749755859375
4116,26.111837512993063,33.45088963116809,7.339052118175026,0.8005605340003967,0.9612269997596741
4117,32.81009752859,38.44315680278725,5.633059274197251,0.7599541544914246,0.9505775570869446
4119,24.916577103433603,37.02359506607044,12.107017962636839,0.4531058371067047,0.9487305283546448
4120,30.757723924836856,30.758415630705525,0.0006917058686681798,0.994700014591217,0.9946964383125305
4124,29.54809240380717,30.498446374715513,0.950353970908342,0.9152877926826477,0.9746156334877014
4126,24.733387755328287,36.25839661114265,11.525008855814363,0.47916558384895325,0.9426153302192688
4129,20.183378558418287,20.18513364671007,0.001755088291783835,0.5335171818733215,0.5337731242179871
4130,26.90693541858604,26.906943355256928,7.936670886721231e-06,0.7434167861938477,0.7434167861938477
4132,23.20751521160361,25.65439239130146,2.44687717969785,0.5092492699623108,0.9393730759620667
4133,23.48981119030451,29.57679640374115,6.086985213436638,0.5371127724647522,0.9256134033203125
4134,25.853328323247883,32.50334736738499,6.650019044137107,0.8555983901023865,0.9663293361663818
4140,25.645253350352156,26.70423659737089,1.058983247018734,0.742350161075592,0.9723131060600281
4142,26.107562842819092,26.12055304513642,0.012990202317325839,0.8667073249816895,0.8682401776313782
4143,27.893146992429365,36.564539861268145,8.67139286883878,0.625800371170044,0.9645905494689941
4144,25.872155864688867,26.610307887406762,0.7381520227178946,0.7561799883842468,0.8062273859977722
4145,25.806093361943997,30.908418274685133,5.102324912741135,0.528898298740387,0.957822322845459
4146,23.43311297629523,25.815857700301027,2.3827447240057964,0.7141745686531067,0.9401585459709167
4147,32.5030288621845,39.5076907801034,7.004661917918902,0.8171269297599792,0.9641478657722473
4148,27.208441587536626,33.15526788689273,5.946826299356104,0.8425440192222595,0.9572336673736572
4149,31.34488062483865,32.942270908502024,1.5973902836633762,0.8595480918884277,0.9339082837104797
4150,28.19288120619192,34.15288651467405,5.960005308482131,0.9448676109313965,0.9872847199440002
4152,26.665782763962802,26.704291041201277,0.038508277238474165,0.8669343590736389,0.8705536723136902
4153,26.837190530624948,33.59477686205731,6.7575863314323605,0.8345525860786438,0.9638867378234863
4155,23.93711048593522,25.061423432064668,1.1243129461294465,0.9363552927970886,0.9716348648071289
4159,32.732003870927535,37.07205029312438,4.340046422196842,0.9564523100852966,0.9871320724487305
4163,27.259915401251064,29.25159953047363,1.9916841292225662,0.8068726658821106,0.9112951159477234
4164,24.897110424534688,36.084084694064465,11.186974269529777,0.5041326880455017,0.9522711634635925
4165,27.563472924249226,27.570730942272483,0.007258018023257762,0.9091669917106628,0.9111175537109375
4167,31.26546838665622,40.541537764686964,9.276069378030744,0.752988338470459,0.9748647809028625
4168,38.58837909008437,38.587428538755894,-0.000950551328479321,0.9996874928474426,0.9996866583824158
4169,25.49410517857627,33.76142480644397,8.2673196278677,0.6352953314781189,0.9458205103874207
4171,30.72504284525802,31.478312040176423,0.7532691949184027,0.8340975642204285,0.9296239018440247
4173,33.745902345074505,33.74596672735808,6.438228357552589e-05,0.9560341835021973,0.9560343623161316
4174,26.68975276990295,26.68998964275424,0.00023687285129270208,0.9744410514831543,0.974443256855011
4176,29.971385615810654,34.45263448843518,4.481248872624526,0.9040395617485046,0.978011429309845
4177,26.140372386638667,32.01824926002166,5.877876873382995,0.872420608997345,0.9652066230773926
4180,21.131302667517655,26.483695910183304,5.352393242665649,0.6260210871696472,0.8858516812324524
4182,28.018184124289572,28.604674047247947,0.5864899229583749,0.8431263566017151,0.8915775418281555
4184,29.86881879983744,29.868841364835177,2.2564997735230463e-05,0.9842585921287537,0.9842603206634521
4186,21.752715789197566,21.752914114096132,0.00019832489856597135,0.9086607098579407,0.9086740016937256
4188,19.974565314098697,19.986300948808896,0.011735634710198894,0.7395783066749573,0.7416424751281738
4190,35.51681925463288,35.51688408554356,6.483091068076874e-05,0.9613798260688782,0.9613790512084961
4191,30.03781590651686,33.13137260703752,3.093556700520658,0.7627334594726562,0.9445192217826843
4192,33.427995453942884,41.21550014020126,7.787504686258373,0.8324008584022522,0.9772354960441589
4193,29.762327712749364,29.7623526031458,2.4890396435495177e-05,0.9253131747245789,0.9253127574920654
4194,32.59986076920936,32.59940954023235,-0.0004512289770062239,0.9959416389465332,0.9959416389465332
4195,26.43112996972873,26.43134292265293,0.00021295292420120404,0.9702768325805664,0.97027587890625
4198,23.218571247426325,23.21866163228705,9.038486072299179e-05,0.8135278820991516,0.813551664352417
4200,32.37181015300597,32.37136673123648,-0.000443421769489305,0.9983780980110168,0.9983800053596497
4202,32.21128993061686,40.61312051809238,8.401830587475523,0.7891690135002136,0.9817511439323425
4203,36.020932900491154,36.02024378953796,-0.000689110953196348,0.9992208480834961,0.9992225766181946
4204,22.245179959395756,22.245348173547082,0.00016821415132639572,0.9426243901252747,0.9426283240318298
4207,36.63495518672492,36.63504662630145,9.143957652923973e-05,0.9778270721435547,0.9778263568878174
4208,32.478087182424204,33.955432821820125,1.4773456393959208,0.8435431122779846,0.9058372378349304
4210,24.582532824138077,25.93727231791933,1.3547394937812527,0.7036715149879456,0.839693546295166
4211,30.385417015135168,32.59161817468983,2.2062011595546593,0.8210574984550476,0.93038010597229
4212,29.15884674640548,36.876345873935506,7.717499127530026,0.6845352053642273,0.9527446627616882
4213,26.092442091558297,34.42343828313219,8.330996191573895,0.5513920783996582,0.9574587345123291
4214,31.493349127930202,31.49379588638507,0.00044675845486708,0.9958510994911194,0.9958527684211731
4216,24.741738972841784,31.925604693887827,7.183865721046043,0.7449860572814941,0.9433014988899231
4217,26.43252257754672,30.690824257343735,4.258301679797015,0.5894562005996704,0.8877606391906738
4219,29.668905401346603,30.67155326660454,1.0026478652579378,0.8530347943305969,0.9091648459434509
4221,26.52564528236431,35.72939056413204,9.20374528176773,0.6418044567108154,0.9369916915893555
4222,32.81268518313577,40.93111607510021,8.118430891964444,0.8136764168739319,0.9803779721260071
4223,22.779815526141626,22.831038154121725,0.051222627980099134,0.8280375003814697,0.8461781144142151
4224,31.091419172667685,40.505632313257614,9.41421314058993,0.7503552436828613,0.9740476012229919
4227,33.495317839260565,39.37470742274407,5.879389583483508,0.8800682425498962,0.9783316254615784
4229,26.641438478470747,31.758237145450884,5.116798666980138,0.6797647476196289,0.9506978392601013
4230,27.859096875277842,32.67938666100073,4.820289785722885,0.68975430727005,0.9340610504150391
4231,28.978863843961914,33.51695168747621,4.538087843514294,0.6809741854667664,0.9408014416694641
4232,29.24266316576474,30.81783060637928,1.5751674406145426,0.9498389363288879,0.9693255424499512
4233,24.99713305895996,25.264031476236735,0.2668984172767743,0.6777331829071045,0.711879551410675
4234,33.607699137685245,35.39561817758907,1.7879190399038265,0.9474813342094421,0.9794692397117615
4235,28.026498205691233,34.55450956486467,6.5280113591734334,0.7845384478569031,0.9548246264457703
4237,27.800852781177557,33.44671948961191,5.645866708434351,0.8406124114990234,0.9597665667533875
4238,28.227340661291464,38.63795580055851,10.410615139267044,0.5728135704994202,0.9599819779396057
4241,27.09316351108608,38.44862183652402,11.35545832543794,0.5574988126754761,0.9627938866615295
4242,25.3897007734842,35.25104316205387,9.861342388569668,0.5379778742790222,0.9547470211982727
4246,29.34352035768623,36.279100429816964,6.935580072130733,0.8488624095916748,0.9720509052276611
4247,24.074721935128377,24.080945622852077,0.006223687723700522,0.7039330005645752,0.7050918936729431
4248,24.755752397407083,33.42807811378868,8.672325716381597,0.6839869618415833,0.9443998336791992
4249,25.58151316937316,35.85866393507327,10.277150765700107,0.5389794707298279,0.951634407043457
4250,27.333712267530696,36.39517347854759,9.061461211016894,0.6952356696128845,0.9623354077339172
4253,20.932796850142793,22.030074321466074,1.097277471323281,0.7382017970085144,0.9169133305549622
4255,32.4597256675631,41.10380298605189,8.64407731848879,0.8046002388000488,0.9757040143013
4257,20.960769805150576,20.969873538201135,0.00910373305055856,0.7910545468330383,0.7925989627838135
4258,29.616200463488195,37.14582175368061,7.529621290192413,0.824632465839386,0.9703466892242432
4260,24.955688110933632,35.2700730468308,10.31438493589717,0.5203132033348083,0.9430871605873108
4261,32.246471661823804,41.213614742212165,8.967143080388361,0.7818188667297363,0.9746835827827454
4263,25.08302258429866,36.6888384887396,11.605815904440938,0.3067624568939209,0.8827784657478333
4264,26.521351995632898,37.72614853606274,11.20479654042984,0.49947455525398254,0.9495564103126526
4265,36.877521096102555,36.877576216502995,5.512040043953448e-05,0.9805532097816467,0.9805521965026855
4267,23.7301333894329,31.762870831241887,8.032737441808987,0.6229691505432129,0.9071140289306641
4268,33.470972189387126,38.82372164753166,5.352749458144537,0.8655915260314941,0.9700801968574524
4269,29.977742412706032,33.56315990281571,3.5854174901096805,0.7992942929267883,0.9397971034049988
4270,27.894166455339754,33.82329746621708,5.929131010877324,0.8472061157226562,0.9673423767089844
4271,25.51310776835336,25.52154246762562,0.008434699272257262,0.933845043182373,0.9345433712005615
4272,27.862836122021566,28.07413663700376,0.21130051498219515,0.8970407843589783,0.9214271903038025
4276,21.075072163781954,21.07616673267769,0.0010945688957377797,0.7683292031288147,0.7689709663391113
4277,21.11396481909985,21.09528463214277,-0.018680186957077183,0.8699448108673096,0.9100754261016846
4279,31.605923673505742,32.70551895879605,1.099595285290306,0.8577145934104919,0.9146950244903564
4280,29.193802003256202,31.141004656766967,1.9472026535107645,0.825878381729126,0.925973117351532
4281,27.320935808939858,33.41425933668896,6.093323527749099,0.8453461527824402,0.9628453850746155
4283,27.644973768725627,38.117428006916036,10.472454238190409,0.6023228764533997,0.9605146050453186
4284,24.93187945511121,24.984063051148333,0.052183596037121305,0.9034929275512695,0.9095903038978577
4286,23.578308334576246,23.595981469863112,0.017673135286866426,0.7831396460533142,0.7989115715026855
4289,30.66989088553739,30.8586505722687,0.18875968673130927,0.9052772521972656,0.9169673919677734
4292,26.883417892904728,32.38205199367629,5.4986341007715644,0.553335964679718,0.9557541012763977
4294,27.960130176173354,36.8861733953758,8.926043219202445,0.7207716107368469,0.9583646655082703
4295,30.386996361355063,30.386702055442395,-0.0002943059126678804,0.9846886992454529,0.9846856594085693
4297,22.116234039403366,22.12402758964076,0.007793550237394697,0.73907870054245,0.74146968126297
4298,29.810255698976302,29.810293932913922,3.8233937619480685e-05,0.8922262191772461,0.8922266960144043
4299,24.538132271257965,29.92166182417174,5.3835295529137746,0.4852292835712433,0.8782256245613098
4300,28.087770909546066,36.45253469498862,8.364763785442555,0.6815027594566345,0.9442450404167175
4301,27.715225054394956,27.764069289917575,0.04884423552261907,0.8913604617118835,0.8953500390052795
4302,29.69724521037319,29.697230121104248,-1.5089268941892442e-05,0.9365255832672119,0.9365248084068298
4307,32.06543480005293,32.07194249853243,0.0065076984795027215,0.903114378452301,0.9036819338798523
4309,28.10825696108484,35.113677251994886,7.005420290910045,0.6481765508651733,0.9388484954833984
4310,28.3979955566376,31.606917924825446,3.208922368187846,0.9210381507873535,0.97159743309021
4311,30.826697326668363,30.895161294402953,0.06846396773459063,0.9300739765167236,0.9362618923187256
4312,28.416613066150546,29.276200975100775,0.8595879089502283,0.7965359091758728,0.8608880043029785
4313,23.031765970686394,23.031637933773375,-0.0001280369130185477,0.8580037951469421,0.8580030798912048
4314,29.340987481880845,39.775237017008884,10.434249535128039,0.645334780216217,0.9726311564445496
4315,32.08541215356055,41.72616558060271,9.640753427042164,0.7390156388282776,0.9825728535652161
4318,20.231616908713793,20.246580071453536,0.014963162739743296,0.7342655062675476,0.7366201281547546
4319,26.904631421144934,36.479894504882,9.575263083737063,0.620048999786377,0.9506178498268127
4320,24.796237160233943,24.811639249577397,0.01540208934345344,0.8472102284431458,0.8531191945075989
4322,20.25130412450894,20.25141383806831,0.00010971355936817417,0.9213210940361023,0.9213218688964844
4327,40.36233595967058,40.3613210794045,-0.001014880266083651,0.9991061687469482,0.9991061091423035
4329,35.59666897126336,35.59679095139447,0.00012198013110520378,0.9385550022125244,0.9385632872581482
4331,29.08459650460577,40.02476940088467,10.940172896278902,0.6066235899925232,0.9785118103027344
4332,25.035285607762695,26.59374206948315,1.5584564617204535,0.8417015671730042,0.9592361450195312
4333,36.49478391278697,36.48679158784976,-0.007992324937212913,0.9802739024162292,0.9801400303840637
4334,29.601056961923366,37.060605922390565,7.459548960467199,0.7904396653175354,0.9710652828216553
4335,26.63616275198426,32.700201948788575,6.064039196804316,0.47427400946617126,0.8956733345985413
4336,29.69976255131501,29.695256236637487,-0.004506314677524159,0.9945146441459656,0.9943508505821228
4337,29.33809010918231,29.409263095307836,0.07117298612552503,0.9141037464141846,0.9198236465454102
4338,22.45260728060414,22.453384610697164,0.0007773300930224991,0.7134944796562195,0.7135792374610901
4339,33.59863894358158,38.64619422140797,5.04755527782639,0.9242936968803406,0.9854279160499573
4340,32.749770635451306,40.27966874292166,7.529898107470352,0.8388217091560364,0.9791378378868103
4341,25.57033951694573,35.855766285144405,10.285426768198676,0.576549232006073,0.947878360748291
4343,21.31249590681567,21.3123684146265,-0.000127492189168521,0.9456433653831482,0.9456426501274109
4344,27.11538750532703,32.66229224334163,5.546904738014604,0.44645848870277405,0.985687255859375
4347,34.96055748362805,34.96061689703284,5.941340479154178e-05,0.9567511677742004,0.9567497372627258
4349,23.256567100270203,26.042736658548606,2.7861695582784023,0.4678715467453003,0.941857635974884
4354,31.418006869153835,35.21934686126037,3.8013399921065343,0.7540076375007629,0.9842289090156555
4355,29.577282591778914,37.586044654140295,8.00876206236138,0.8072935938835144,0.9792279601097107
4356,34.642269163613996,34.642322905997325,5.374238332933601e-05,0.9405234456062317,0.9405235648155212
4358,27.932669509717073,27.932695579703267,2.6069986194698913e-05,0.9842976927757263,0.984298050403595
4362,28.061740784946174,29.537378490249697,1.475637705303523,0.9656211733818054,0.9880404472351074
4363,28.096241262792528,38.86877296030431,10.772531697511784,0.6168577671051025,0.9597925543785095
4364,33.35039773512227,41.7172722237111,8.366874488588827,0.8038004040718079,0.9847148060798645
4366,28.50579516545214,35.13159506487326,6.625799899421118,0.8392036557197571,0.9656640887260437
4369,29.03051088595104,29.030863160535752,0.0003522745847135411,0.9928249716758728,0.9928209185600281
4370,29.246382397693992,40.3009554180511,11.054573020357111,0.6227982640266418,0.9693900942802429
4371,22.79576299229754,22.795907359729433,0.00014436743189349954,0.9823510050773621,0.9823517799377441
4372,33.84867241645987,39.53175158434323,5.683079167883363,0.9637729525566101,0.9914327263832092
4373,29.97582439116765,36.41612958816814,6.440305197000491,0.8720324039459229,0.9746220111846924
4374,32.56965075469483,32.570125856442914,0.00047510174808707006,0.9978129863739014,0.9978129267692566
4377,26.942050402598884,27.00580271565101,0.06375231305212736,0.8718402981758118,0.8850893378257751
4380,24.061793167984092,31.130062223433917,7.068269055449825,0.46967005729675293,0.8951429724693298
4382,23.57253144668848,23.572366637137364,-0.00016480955111575213,0.9938022494316101,0.9938021302223206
4383,31.884897665933856,31.884472791243418,-0.0004248746904380596,0.9945645332336426,0.9945648312568665
4384,26.31680448636289,26.387228426421846,0.07042394005895503,0.8989657759666443,0.9070063233375549
4386,30.938875594099706,39.99911416178999,9.060238567690284,0.767120897769928,0.9768461585044861
4387,25.589629188213983,32.97863839472046,7.389009206506479,0.5705580115318298,0.877558708190918
4388,26.134139357443473,26.13388651904169,-0.00025283840178502714,0.8962900042533875,0.8963034749031067
4390,27.31481051661393,36.99853380688736,9.683723290273427,0.6019470691680908,0.9589958190917969
4391,25.968250971909363,32.48408837002212,6.515837398112758,0.7667596340179443,0.928703248500824
4392,26.075245053970058,33.677340462328125,7.602095408358068,0.7877337336540222,0.960674524307251
4393,24.339992865248348,33.01380132858296,8.673808463334609,0.5447316765785217,0.9489056468009949
4395,26.92252418378697,37.277027321657584,10.354503137870616,0.6345190405845642,0.9632246494293213
4396,32.813191496714865,37.18328933925102,4.370097842536154,0.795746386051178,0.9596520066261292
4398,28.86656061906269,28.866235830799063,-0.00032478826362591917,0.9777085781097412,0.9776791930198669
4399,30.259963245385826,41.62804155619906,11.368078310813232,0.6322593092918396,0.9816078543663025
4400,24.599872366484462,24.600051714167236,0.00017934768277427793,0.9626769423484802,0.9626789093017578
4401,25.150430077188087,32.5868298973866,7.436399820198513,0.7240535616874695,0.941960334777832
4403,32.60962264833947,33.14803309132625,0.5384104429867804,0.8941639065742493,0.9221206307411194
4404,23.875673813194908,25.90097643735476,2.0253026241598526,0.8612022995948792,0.9546881318092346
4405,28.842926298543716,38.86083433635993,10.017908037816213,0.6351220607757568,0.9763474464416504
4407,32.53086777024241,32.53092164693051,5.387668809930801e-05,0.869586169719696,0.8695859909057617
4408,23.113545964448413,23.113547621244713,1.6567963001534736e-06,0.7114841938018799,0.7114843726158142
4409,24.67946933524098,26.041774089961436,1.362304754720455,0.8912565112113953,0.9514210224151611
4410,25.909076285086577,33.49420542713291,7.585129142046334,0.8211186528205872,0.9645006060600281
4412,33.01350988633851,33.018397671310915,0.004887784972403608,0.9438199400901794,0.9443268775939941
4415,29.656504360440383,29.801460197166215,0.14495583672583123,0.9301826357841492,0.9416520595550537
4416,25.607147074352504,25.607345657708763,0.0001985833562585526,0.9627714157104492,0.962775707244873
4417,30.536639767901036,36.22423233022082,5.687592562319786,0.8139798045158386,0.9694287776947021
4420,33.345762511207425,35.934975063332885,2.58921255212546,0.8447463512420654,0.930006206035614
4421,33.816971271768985,40.788300741182766,6.9713294694137815,0.8579546809196472,0.982234001159668
4423,37.2913812806492,37.291472058924725,9.077827552772533e-05,0.9726386070251465,0.9726378321647644
4425,29.3378687168519,34.618620539754644,5.280751822902744,0.8942591547966003,0.9699904322624207
4427,28.622557925570344,36.25801559002164,7.635457664451298,0.7776373028755188,0.967280924320221
4429,22.002616803738277,23.17713565507139,1.1745188513331115,0.6282119154930115,0.8736500144004822
4430,29.3902842886921,29.473182009965683,0.08289772127358219,0.903609037399292,0.9159625172615051
4431,26.64644451920077,26.646231030729403,-0.0002134884713669294,0.9842601418495178,0.9842600226402283
4432,27.728728895230027,27.744344535494857,0.015615640264829977,0.9219840168952942,0.9238191246986389
4433,31.015837500440966,39.096847380773816,8.08100988033285,0.770397424697876,0.978666365146637
4436,29.833489335383252,37.62429073598849,7.790801400605236,0.8341878056526184,0.9754400849342346
4437,31.528231167149926,32.623382578468075,1.0951514113181489,0.8608490824699402,0.9409725069999695
4440,27.62210998627982,34.18760783340816,6.565497847128338,0.8439269661903381,0.9658524394035339
4441,25.888451962138813,35.11346554202794,9.225013579889126,0.7162399291992188,0.9598057866096497
4443,27.739571895252368,36.95559867849048,9.216026783238114,0.660424530506134,0.948123037815094
4444,26.977625564792206,34.86314276679918,7.885517202006973,0.7853575348854065,0.9632835984230042
4446,23.609875215591476,26.797692796069033,3.1878175804775566,0.6045128703117371,0.9376865029335022
4449,38.717609979780505,38.71781366689041,0.0002036871099022619,0.9867856502532959,0.9867848753929138
4450,24.875413285075663,36.47980121654802,11.604387931472356,0.47838425636291504,0.9479867815971375
4452,23.747246425926516,28.526066474736034,4.778820048809518,0.5018675923347473,0.9510859847068787
4453,22.14239893117494,22.14508051644424,0.00268158526929696,0.7578381896018982,0.7590600848197937
4454,25.56697341716411,32.59224216368727,7.025268746523157,0.5566533207893372,0.8854684829711914
4456,25.856803588168006,25.860907325852153,0.0041037376841472906,0.781036376953125,0.7821230292320251
4459,24.832597797728436,34.84105624487741,10.008458447148971,0.4748671054840088,0.9420889019966125
4461,29.63359851611331,29.69520203465041,0.06160351853710111,0.8862602710723877,0.8903201222419739
4462,24.800224871525998,36.64252439300536,11.842299521479362,0.413216233253479,0.9303991198539734
4463,30.144737405104358,30.35309532800828,0.20835792290392163,0.9197942614555359,0.920630156993866
4465,25.182904413206188,25.182904413206188,0.0,0.8178805708885193,0.8178801536560059
4466,26.655140592075753,33.67242870786332,7.017288115787565,0.7055734992027283,0.9694046378135681
4468,28.930889134703136,34.06337790833899,5.132488773635856,0.8705634474754333,0.9586852192878723
4473,36.24267331895666,36.24161720811869,-0.0010561108379718576,0.9951498508453369,0.9951362609863281
4474,20.92403611288447,21.11834858899465,0.19431247611018065,0.846264660358429,0.9040588736534119
4475,30.401726329439164,40.00359599368296,9.601869664243793,0.6772448420524597,0.9731093049049377
4476,27.63278967122481,27.79006743555593,0.15727776433111984,0.8247504234313965,0.8260588645935059
4477,39.03976656353026,39.04076370338257,0.0009971398523092034,0.9995108246803284,0.9995088577270508
4479,25.716491541912706,37.16407878493639,11.447587243023687,0.5007957816123962,0.9569497108459473
4481,33.21227318218382,39.35681439661924,6.144541214435421,0.9046720862388611,0.9800036549568176
4482,23.06879079822466,23.928724585735107,0.859933787510446,0.621647298336029,0.8523598313331604
4483,26.614461900513348,35.57362767282568,8.959165772312332,0.6571341156959534,0.9593904614448547
4485,32.74468455016586,32.82352293200615,0.07883838184029202,0.9385244846343994,0.9444808959960938
4487,25.641526236245177,34.00682200552368,8.365295769278504,0.726201057434082,0.9564440846443176
4490,32.685038488847475,34.73264864691109,2.0476101580636126,0.9220206141471863,0.9741364121437073
4491,32.47064288413723,32.470648688738464,5.804601237002771e-06,0.9682216644287109,0.9682226777076721
4492,27.159030567947493,27.486123572213973,0.32709300426648014,0.8849835395812988,0.8877256512641907
4493,24.680332829768158,32.52589543080169,7.8455626010335315,0.7183046936988831,0.9367725253105164
4494,24.55649282056893,36.39528232752499,11.838789506956058,0.4536941945552826,0.9591202735900879
4496,24.652086556202484,37.3767547155778,12.72466815937532,0.3659956753253937,0.9630942344665527
4497,20.633456694815884,20.660663224158114,0.027206529342230112,0.7238118052482605,0.7349495887756348
4499,26.116433945563955,26.11663697522435,0.00020302966039409398,0.9951547980308533,0.9951558113098145
4501,23.194588675486617,37.187725173676554,13.993136498189937,0.30478015542030334,0.9502155780792236
4503,22.952464872447905,24.80255069149785,1.8500858190499443,0.721380889415741,0.9271840453147888
4504,18.827886962057164,18.874362599025748,0.0464756369685837,0.7146300673484802,0.719210684299469
4506,32.56928167305564,32.56975490716843,0.00047323411278910044,0.9970982074737549,0.9970972537994385
4509,20.777964633084558,20.79344869715271,0.015484064068150616,0.7338423728942871,0.7367799878120422
4510,31.577938521172,33.31357489937176,1.7356363781997572,0.8444695472717285,0.9370636940002441
4512,25.843513641178532,36.751322208606275,10.907808567427743,0.5294234752655029,0.951164186000824
4516,27.218604731853645,28.891023690196885,1.6724189583432398,0.8824058175086975,0.9719827771186829
4518,32.418698216279516,40.68613533807236,8.267437121792845,0.7796478867530823,0.9738624095916748
4519,14.381487132366518,29.04482586681924,14.663338734452724,0.12114588171243668,0.8647084832191467
4520,30.499058006185006,36.30312669030537,5.804068684120363,0.8971675038337708,0.9729353785514832
4521,24.48070431610594,27.422479849200204,2.9417755330942654,0.7618611454963684,0.8950681686401367
4523,34.17810261019559,34.17780722997269,-0.0002953802228944369,0.9684427380561829,0.9684310555458069
4525,30.771942872097235,30.777767179859943,0.0058243077627082585,0.9972014427185059,0.9969706535339355
4528,30.707528230504266,30.707500858680163,-2.737182410328387e-05,0.9472449421882629,0.9472494721412659
4529,29.535537707633996,30.30882824195541,0.7732905343214149,0.797687828540802,0.8368287682533264
4530,25.815471874800146,32.4056627278625,6.590190853062353,0.8789169192314148,0.9728851914405823
4531,23.874075658697546,23.889986653651775,0.015910994954229096,0.8280546069145203,0.8361042141914368
4532,26.437656227564105,27.496803473416872,1.0591472458527669,0.8848084807395935,0.9205195903778076
4533,35.368100508118175,35.36817446815748,7.39600393018236e-05,0.9737823605537415,0.9737818837165833
4534,31.680242137671062,31.680267448061855,2.5310390793009674e-05,0.946490466594696,0.9464888572692871
4536,23.52182735108635,23.521658994354343,-0.00016835673200787937,0.9811770915985107,0.9811773300170898
4537,26.501783606404615,26.50177682852687,-6.7778777435023585e-06,0.967533528804779,0.9675335884094238
4538,30.897637311895586,30.897251273516257,-0.00038603837932882357,0.9974038004875183,0.997404158115387
4540,37.82602077445313,37.80747228560559,-0.018548488847535793,0.9743567109107971,0.974327027797699
4542,39.7557374972868,39.755960638597784,0.0002231413109825553,0.9893016815185547,0.9893016815185547
4544,24.630958540709624,34.54223316456797,9.911274623858343,0.6520386934280396,0.9529363512992859
4545,30.762478390010017,35.77660482304263,5.014126433032615,0.7549653053283691,0.9761039614677429
4546,28.750306685693502,38.86765627710333,10.117349591409827,0.58915776014328,0.9729061722755432
4547,33.154350563431116,34.84384042227735,1.6894898588462368,0.8692770600318909,0.946772575378418
4549,26.307784157996196,26.349108751923648,0.04132459392745247,0.8412041664123535,0.8436089158058167
4551,32.54939042503052,38.13269006034445,5.583299635313928,0.8772022724151611,0.9792499542236328
4552,30.98663484641903,30.986664035285525,2.9188866495388766e-05,0.9237001538276672,0.9237001538276672
4553,23.530696687603736,34.074992813954374,10.544296126350638,0.46614453196525574,0.9415804743766785
4554,29.97162369600128,33.882763209164324,3.911139513163043,0.7557516694068909,0.9304206967353821
4555,29.33666601573187,39.191456342582775,9.854790326850907,0.6544514298439026,0.9671913981437683
4558,27.976298086705423,29.532587539792495,1.5562894530870715,0.8685078024864197,0.977511465549469
4561,24.417667892097686,24.417620074807736,-4.7817289949847464e-05,0.8497365117073059,0.8497374057769775
4563,26.276136875572504,36.44483986741009,10.168702991837584,0.579562246799469,0.9556624293327332
4564,26.262096737215494,26.2748020915944,0.012705354378905298,0.8462948799133301,0.8490521907806396
4566,25.983930844324252,34.27031250768663,8.28638166336238,0.7248454689979553,0.9473217129707336
4567,27.305746543128386,35.6022776372224,8.296531094094014,0.6743771433830261,0.9364565014839172
4568,31.32127806797047,31.520870266311668,0.1995921983411968,0.8497398495674133,0.8700315356254578
4569,36.67246383751642,39.41947283460439,2.747008997087974,0.8638181090354919,0.9332457184791565
4571,24.732526877487715,24.740411047878247,0.007884170390532574,0.8114877343177795,0.8143609166145325
4572,33.58170059528194,39.545472234789045,5.963771639507108,0.9191530346870422,0.9816171526908875
4573,21.9741823778506,21.979420776825833,0.0052383989752335935,0.7674261927604675,0.7683836817741394
4574,29.772697329838124,38.26012788469059,8.487430554852466,0.739517867565155,0.9710728526115417
4575,27.306974775697594,33.275764315165425,5.968789539467831,0.7125275731086731,0.9328414797782898
4577,32.03198378820009,39.18974298861887,7.157759200418781,0.8345159888267517,0.9836253523826599
4580,29.791088733328813,38.517794547820074,8.726705814491261,0.710026741027832,0.9625757336616516
4581,33.04031212298903,40.965540877080294,7.925228754091265,0.8267490863800049,0.9838459491729736
4582,35.28010576455179,35.28009084305679,-1.4921495001374296e-05,0.9760174751281738,0.9760182499885559
4583,36.41365566913235,36.41364321590475,-1.2453227604680706e-05,0.9702761769294739,0.9702745079994202
4584,29.352889051412653,29.6312116445144,0.27832259310174834,0.925914466381073,0.9424331784248352
4585,20.292242543716284,20.294516568074762,0.0022740243584777886,0.7308926582336426,0.732344925403595
4590,30.118046453436015,30.11807372812248,2.7274686463130138e-05,0.9332220554351807,0.9332220554351807
4592,23.981399930751888,25.91950748491329,1.9381075541614017,0.8777119517326355,0.960847795009613
4595,30.84271116522952,37.315271514479335,6.4725603492498145,0.7258012890815735,0.9747102856636047
4596,32.68917137666232,32.689203306161424,3.1929499101579495e-05,0.958164393901825,0.9581642150878906
4597,29.93373426023163,29.93406041631863,0.0003261560869987079,0.9517769813537598,0.9517843127250671
4598,27.83800979414609,34.36781602877801,6.52980623463192,0.7951808571815491,0.9524522423744202
4599,44.0788705810412,44.07961992072103,0.0007493396798281537,0.9993965029716492,0.9993965029716492
4600,26.219330275640207,34.3118715953256,8.092541319685392,0.5120928287506104,0.9195725321769714
4602,29.37777741093558,39.194704731935076,9.816927320999497,0.693547248840332,0.9631531238555908
4605,23.117663811465867,25.169752188132737,2.0520883766668696,0.6615505218505859,0.8723387718200684
4606,32.501071557828006,33.049401270730804,0.5483297129027989,0.8948400616645813,0.9314996600151062
4607,25.26629311620912,33.749350685687524,8.483057569478405,0.5761415362358093,0.8957643508911133
4608,21.096567570743986,21.09657043428911,2.863545123688027e-06,0.7114126086235046,0.711388885974884
4609,29.698075200912555,37.91904863460027,8.220973433687718,0.7813428044319153,0.9770830273628235
4610,19.946390833244777,21.81120055284989,1.8648097196051125,0.5339979529380798,0.9226606488227844
4611,32.17702352170671,33.419961860065726,1.2429383383590178,0.863602340221405,0.9470450282096863
4613,32.28326795697102,36.801846971248736,4.518579014277719,0.923486053943634,0.9755101203918457
4615,28.96642774387481,35.12509614650992,6.158668402635108,0.8218225836753845,0.9568712711334229
4617,37.84679236345525,37.846888212511985,9.584905673420963e-05,0.9848027229309082,0.9848014712333679
4618,38.8376225605565,38.836713528663914,-0.0009090318925828456,0.9995391964912415,0.999478816986084
4620,24.950549694525463,31.254746804764636,6.304197110239173,0.5250763893127441,0.9474580883979797
4622,22.567955339281575,25.376478962751552,2.808523623469977,0.4975437819957733,0.9371035695075989
4623,28.299941313332873,37.10875454015523,8.808813226822359,0.6935679316520691,0.956031084060669
4624,28.530913358063792,31.898822123093453,3.367908765029661,0.7729892134666443,0.9280197024345398
4625,48.18459144819286,48.176366828818516,-0.00822461937434582,0.9994895458221436,0.999480664730072
4627,23.1492763791716,23.149409184605126,0.00013280543352678364,0.9386141300201416,0.9386138319969177
4629,29.87456783305577,29.874283933390124,-0.00028389966564645874,0.958303689956665,0.958303689956665
4630,38.44880267839897,38.44894726888495,0.00014459048598070012,0.9744255542755127,0.9744248390197754
4632,25.44231019613782,38.022852001841244,12.580541805703422,0.4173142910003662,0.967186689376831
4636,35.980085106463264,35.980181278543704,9.617208043977143e-05,0.9764241576194763,0.9764235019683838
4637,22.15107019808435,22.15120394174281,0.00013374365845919556,0.8988519310951233,0.8988533616065979
4639,24.451158242040385,24.48092222100625,0.029763978965863913,0.9093809723854065,0.9246665835380554
4640,31.251606403526004,31.14266877609595,-0.10893762743005553,0.9941827654838562,0.9904034733772278
4642,42.8415389515588,42.84211527398579,0.0005763224269870193,0.9990954399108887,0.9990943074226379
4643,27.617411602265996,36.88490236634546,9.267490764079461,0.6383428573608398,0.9672679901123047
4645,25.151764664475227,29.36082369742575,4.209059032950524,0.48045814037323,0.956537663936615
4646,24.020129619736732,28.919810293064998,4.899680673328266,0.6436426043510437,0.925041913986206
4648,43.727808078260885,43.729395192863116,0.0015871146022305993,0.99969083070755,0.9996907114982605
4650,26.18424160248546,26.735604905920177,0.5513633034347158,0.8898641467094421,0.9446711540222168
4651,21.55702751511976,22.948717178730774,1.3916896636110145,0.5660198330879211,0.9202684760093689
4654,30.30641731438667,31.19502532856826,0.8886080141815889,0.8144312500953674,0.8743641972541809
4655,31.854214072544398,33.81594437846304,1.961730305918639,0.8641814589500427,0.9510247707366943
4656,32.82718677288657,40.41335625615285,7.586169483266282,0.8633366227149963,0.9781416058540344
4657,32.676903421086124,36.282591561219405,3.6056881401332816,0.8146942257881165,0.9470730423927307
4658,31.348105433598093,35.731387166467314,4.3832817328692215,0.8241555690765381,0.9529040455818176
4659,22.09457878261929,22.683612555703732,0.5890337730844415,0.7673203349113464,0.9572970271110535
4660,26.590332711407957,26.61028935574762,0.01995664433966482,0.8120291233062744,0.8123514652252197
4661,29.841481262305084,30.87580646746718,1.0343252051620944,0.9739202857017517,0.9836881756782532
4662,26.440316435539565,26.539203278793224,0.09888684325365915,0.8887261748313904,0.8900160193443298
4666,28.514581024691953,28.613097391909037,0.09851636721708346,0.8742496371269226,0.8805651664733887
4667,31.882460565732988,34.51528012441183,2.632819558678843,0.8921917080879211,0.9719695448875427
4668,24.716371178507544,36.10226549607417,11.385894317566624,0.4950902462005615,0.9402889609336853
4669,23.665944619642296,23.665004431668834,-0.000940187973462514,0.8864412307739258,0.8871312737464905
4670,24.462367463589953,35.83913603047105,11.3767685668811,0.49363598227500916,0.9434237480163574
4671,31.66573343894121,38.26159637054323,6.595862931602021,0.8973979949951172,0.9808833599090576
4672,37.35335621741795,37.35344486445564,8.864703769262405e-05,0.9803339838981628,0.9803321957588196
4673,26.202857173284354,26.20286729657988,1.0123295524522291e-05,0.8212571144104004,0.821256697177887
4674,23.168903317398396,24.216828045331717,1.0479247279333208,0.6301035284996033,0.8431915640830994
4675,32.587634839807905,33.651772638358004,1.0641377985500995,0.9183977246284485,0.9372968673706055
4676,25.211550199290382,29.389799699006538,4.178249499716156,0.5040309429168701,0.9613688588142395
4677,27.34069574955683,27.347019345821714,0.006323596264884657,0.8976423144340515,0.8996337056159973
4680,29.763773985696087,35.48099017082875,5.71721618513266,0.8480790257453918,0.9725521206855774
4681,19.776406361477232,19.976622977758996,0.20021661628176446,0.7208796143531799,0.797152578830719
4682,30.16297462398291,38.89928995707451,8.736315333091596,0.7525455355644226,0.9671148657798767
4683,30.672456558843496,37.60744824270328,6.934991683859781,0.8418324589729309,0.9744584560394287
4686,48.90143566139048,48.9032625040969,0.0018268427064214166,0.986151933670044,0.9861887097358704
4692,35.98198940947814,39.05331438922175,3.0713249797436077,0.8911512494087219,0.9688720107078552
4693,22.72740397220524,22.728483388071844,0.001079415866602318,0.8678274154663086,0.8660748600959778
4694,20.84768138164112,20.852259051741928,0.004577670100808007,0.7458253502845764,0.7485744953155518
4695,29.555564176918388,30.063249819308496,0.5076856423901077,0.9414904117584229,0.9532644152641296
4696,25.779634257611708,34.11532353498624,8.33568927737453,0.6295421123504639,0.9178622364997864
4697,32.53053230102917,34.9109891787278,2.3804568776986343,0.8845419883728027,0.9570751190185547
4701,40.71250600119933,40.7113779954873,-0.0011280057120330866,0.9994353652000427,0.9994350075721741
4703,29.165194782102933,29.17198328260831,0.006788500505376049,0.8890676498413086,0.8891531825065613
4704,25.056089783921088,34.312061609639755,9.255971825718667,0.603827178478241,0.9378604888916016
4705,25.52770666353464,29.645729193999596,4.118022530464955,0.8418658375740051,0.9561176300048828
4707,27.072269350094835,36.808191065513334,9.735921715418499,0.6148635745048523,0.96677565574646
4709,28.29560074888616,35.5522137381665,7.256612989280342,0.8170176148414612,0.9685173034667969
4713,27.59222954920108,27.592387537240025,0.00015798803894639946,0.8848419785499573,0.884842574596405
4715,31.010705701992613,31.01110259665088,0.00039689465826597825,0.9924644827842712,0.9924619793891907
4717,24.45093224469252,25.878332201153196,1.4273999564606754,0.8197779655456543,0.9220232963562012
4718,23.22583348985344,31.738191638474564,8.512358148621125,0.653046727180481,0.9266660213470459
4720,30.604839491452942,41.21181537067667,10.606975879223725,0.6726201176643372,0.9709847569465637
4722,27.601886666522105,27.601909078230694,2.241170858852115e-05,0.9949391484260559,0.9948000907897949
4724,25.381675503497924,34.022240171107086,8.640564667609162,0.7446781992912292,0.9647380709648132
4727,26.84326478492831,38.54331917708084,11.70005439215253,0.502192497253418,0.9645645618438721
4728,27.847392051495,27.84725623095339,-0.00013582054160821144,0.8457849621772766,0.8457818627357483
4730,27.329895147893325,27.330462470952494,0.000567323059168956,0.8005366325378418,0.8005843162536621
4731,20.575741340081677,20.791230809362638,0.21548946928096058,0.7807081341743469,0.869297981262207
4733,23.939717339068647,35.90968213575662,11.969964796687972,0.39124181866645813,0.9434370398521423
4734,36.03213071779094,36.03216366833115,3.295054020924226e-05,0.9859213829040527,0.9859201312065125
4735,25.061197066220608,25.066890928307032,0.005693862086424417,0.9118366837501526,0.9119569659233093
4737,28.259301804416403,28.25958321454786,0.0002814101314569939,0.9815879464149475,0.9815893173217773
4738,24.491991862895155,24.492010352938,1.849004284437683e-05,0.8404424786567688,0.8404327034950256
4739,20.80980883060656,20.80990143328652,9.260267995969684e-05,0.9417267441749573,0.9417266845703125
4740,24.64552398562479,34.37222857679009,9.726704591165301,0.5877301692962646,0.9370691180229187
4745,26.15854577005016,33.36375094196707,7.205205171916909,0.7558644413948059,0.9405487179756165
4747,24.570524634833472,32.9818297249311,8.411305090097631,0.6612002849578857,0.9315794110298157
4748,28.173726501877404,38.060620163216804,9.8868936613394,0.6620283126831055,0.9753238558769226
4749,24.77962553689614,33.89926031442277,9.119634777526628,0.6101264953613281,0.937222957611084
4750,22.06262462450185,23.299103651300737,1.2364790267988859,0.6048777103424072,0.8894760012626648
4753,44.079218155106894,44.079628813338154,0.00041065823126018586,0.9947499632835388,0.9947507977485657
4754,23.440527152153457,25.83278205348799,2.392254901334532,0.631386935710907,0.9294419884681702
4756,30.88669732062985,40.88487490879449,9.998177588164637,0.7036125063896179,0.9734397530555725
4757,29.81948273617485,36.765807301653915,6.946324565479063,0.6353439688682556,0.9746550917625427
4758,25.234535340375327,26.099048755391436,0.8645134150161091,0.897961437702179,0.9705875515937805
4761,27.14099808030985,38.97315209359088,11.832154013281034,0.5324164628982544,0.9626596570014954
4764,30.93942038391277,30.939443608038715,2.3224125946796903e-05,0.917783260345459,0.9177826046943665
4765,30.83109080295411,30.830706043253105,-0.0003847597010064874,0.9963328242301941,0.9963324666023254
4768,24.759726690135615,32.319997408020804,7.560270717885189,0.6646155714988708,0.9191670417785645
4769,24.568677915094405,28.237534154330753,3.668856239236348,0.4592781364917755,0.8039336204528809
4770,28.66047379617861,35.73370744247783,7.073233646299219,0.845283567905426,0.9723906517028809
4771,33.77335961086673,33.77341023787186,5.062700513036589e-05,0.9710478782653809,0.971047580242157
4772,33.83967903941866,42.486828261594965,8.647149222176303,0.7760322690010071,0.9726507663726807
4774,29.182303238182858,29.183776887997247,0.0014736498143896881,0.9547643661499023,0.9547786116600037
4775,33.14652486912882,33.14657521301955,5.03438907344389e-05,0.9282982349395752,0.9282979965209961
4776,30.731226630752335,33.517784952892654,2.786558322140319,0.8611271977424622,0.9509178996086121
4777,20.689703083173022,20.85092598253556,0.16122289936253864,0.8840819001197815,0.9248654246330261
4779,20.033714838011566,20.033171106418685,-0.0005437315928809028,0.8733971118927002,0.8734908699989319
4780,30.101637142750725,30.650326217201282,0.5486890744505573,0.8717746138572693,0.9069393277168274
4781,33.97322444084273,33.973295438329444,7.099748671635098e-05,0.9713423848152161,0.9713427424430847
4785,28.33896693936305,33.12458180944826,4.785614870085208,0.8384084105491638,0.9625405669212341
4786,24.459801174319974,34.75442463851725,10.294623464197276,0.3642984628677368,0.9314057230949402
4787,20.787592606905054,21.301474553791046,0.5138819468859914,0.7089977264404297,0.9388070106506348
4788,32.03083243906123,32.03205563152644,0.001223192465211298,0.8332099914550781,0.8332980275154114
4790,23.914597012251182,23.987927865717467,0.07333085346628465,0.7929701805114746,0.8145220875740051
4791,26.034889087094342,36.04970548266592,10.014816395571579,0.508262574672699,0.9518926739692688
4792,29.195713095291268,38.941935681445315,9.746222586154047,0.6618425250053406,0.9799979329109192
4793,29.38578227967129,34.16380454083908,4.778022261167791,0.8963101506233215,0.9646992683410645
4794,28.34835417429065,31.994558841051244,3.6462046667605925,0.8557581901550293,0.95998615026474
4795,26.018587438198686,33.78016458877537,7.761577150576684,0.7685890197753906,0.957081139087677
4796,34.15260040795194,34.15319632044795,0.0005959124960099871,0.9985849261283875,0.9985855221748352
4799,42.18613848309916,42.18646494844353,0.00032646534437219543,0.9922909140586853,0.9922902584075928
4800,30.124681064929742,30.125027345348943,0.0003462804192011504,0.9708981513977051,0.9709051251411438
4801,31.109001093728374,32.602091384489086,1.493090290760712,0.9726774096488953,0.9824714660644531
4803,33.142071353582395,33.14390935481741,0.0018380012350149855,0.9861477017402649,0.9861318469047546
4809,29.441826498443696,39.08849444288063,9.646667944436935,0.6885544657707214,0.9755789637565613
4814,22.738254291897558,35.40949779556818,12.67124350367062,0.39233890175819397,0.9332051277160645
4815,30.389329959749844,30.388994023448976,-0.00033593630086770077,0.9931085705757141,0.9931103587150574
4816,24.530324185053,24.562603501421126,0.03227931636812542,0.8492936491966248,0.8508486151695251
4817,28.667655921328986,35.47031023548661,6.802654314157621,0.8758842945098877,0.9743719696998596
4819,17.57424861541621,17.576186550176416,0.001937934760206872,0.7056517601013184,0.7069883346557617
4820,26.688186053954055,26.68839312430959,0.00020707035553613196,0.9636898636817932,0.96369868516922
4825,24.28168300258116,24.281904156157413,0.00022115357625196452,0.9803762435913086,0.9803780913352966
4826,25.704412397539894,25.704609461329394,0.00019706378949990722,0.9909446239471436,0.9909460544586182
4828,25.21898843769451,31.18280545257433,5.963817014879819,0.7351176738739014,0.940392255783081
4830,27.98658430062749,27.987690511114884,0.0011062104873929002,0.8950135111808777,0.8951733112335205
4832,35.853808508101515,35.85450236439486,0.0006938562933456183,0.9959664344787598,0.9959667325019836
4834,24.462697186055344,24.462705945091123,8.759035779348778e-06,0.9220103621482849,0.9220126271247864
4835,25.60975990707993,32.5031116353009,6.893351728220967,0.8027881979942322,0.9520758986473083
4836,28.491917344011867,28.546025508333457,0.05410816432159038,0.8585786819458008,0.8605387806892395
4839,23.714650340712282,23.714843473126766,0.00019313241448415397,0.8987013697624207,0.8987269401550293
4841,30.32911505016606,38.70725147813316,8.3781364279671,0.7742719054222107,0.9746038317680359
4842,29.218198919812263,31.414364928630928,2.1961660088186647,0.8437227606773376,0.9717250466346741
4843,25.809672034054042,36.34971687230578,10.540044838251735,0.5693454146385193,0.953728199005127
4846,31.587904903904835,40.32799544377439,8.740090539869556,0.7674935460090637,0.9761999249458313
4847,29.55806371620143,29.55696693754854,-0.0010967786528901513,0.9441627860069275,0.9440852999687195
4848,32.72270379646753,40.715695784719,7.992991988251475,0.8155749440193176,0.982861340045929
4849,26.57060048224343,26.57083645366876,0.00023597142532949533,0.9910311698913574,0.9910336136817932
4850,23.743519315017338,25.588593533490595,1.8450742184732576,0.668184757232666,0.9387022852897644
4852,24.919656617418244,35.00474475708917,10.085088139670926,0.5211740136146545,0.9549220204353333
4853,34.171260769898666,34.17131724531929,5.647542062092725e-05,0.9653623104095459,0.9653613567352295
4855,24.53284549252335,31.96532741006547,7.43248191754212,0.6910316944122314,0.9260295033454895
4857,20.487843774686468,27.972781659372792,7.484937884686325,0.3795137405395508,0.909078061580658
4858,39.85542076831793,39.84966501960689,-0.005755748711038677,0.9972937703132629,0.9972610473632812
4860,33.27904240596957,39.16017119735131,5.881128791381741,0.9121547341346741,0.9836816191673279
4861,30.306403479497817,35.371079048093776,5.064675568595959,0.6765692234039307,0.9521481394767761
4862,35.34673493952976,35.346803341476814,6.840194705404201e-05,0.9735476970672607,0.9735469818115234
4863,33.90841007242855,33.90894604125426,0.0005359688257087214,0.9984191060066223,0.9984193444252014
4865,23.542985691101496,23.5428082820108,-0.00017740909069630106,0.9788653254508972,0.9788634777069092
4867,28.4406875101852,35.73664173553204,7.29595422534684,0.7857105135917664,0.9552802443504333
4868,29.032522996905968,29.669176655952306,0.6366536590463383,0.8896470069885254,0.925555408000946
4869,27.30022419836437,27.398617787073984,0.0983935887096159,0.8488215804100037,0.8646411895751953
4873,30.889015265894372,31.147833544706117,0.258818278811745,0.8592626452445984,0.8811378479003906
4874,26.661286877477473,26.729244525663635,0.06795764818616234,0.903892993927002,0.9288684725761414
4876,30.22719399556536,38.25614286418911,8.028948868623747,0.7165717482566833,0.9719969630241394
4878,33.45134598342704,39.80986702654634,6.358521043119303,0.8983418941497803,0.979473352432251
4880,30.66779957895364,32.5523650346054,1.8845654556517601,0.8803961873054504,0.9342605471611023
4882,11.673685508913074,23.102215846125,11.428530337211924,0.14111055433750153,0.6751658320426941
4884,30.858100111280926,30.995619044512587,0.13751893323166087,0.8738166689872742,0.8926858305931091
4885,36.81904069409327,36.81912849737932,8.780328604984788e-05,0.9764595627784729,0.9764588475227356
4886,29.31637671796965,30.77997293689711,1.46359621892746,0.8594980239868164,0.9117648601531982
4887,34.184326803077965,34.18433342825474,6.625176773411567e-06,0.9530441164970398,0.9530439376831055
4888,24.585158743339083,24.831015127353986,0.24585638401490328,0.8012017607688904,0.8215486407279968
4889,29.45625439750717,36.32195822562183,6.865703828114658,0.6582524180412292,0.9755890965461731
4891,28.760030563537956,28.760046144065075,1.5580527119141152e-05,0.9301550984382629,0.9301550984382629
4892,32.97838142295365,39.64955430301336,6.671172880059707,0.8828801512718201,0.9784982800483704
4893,25.761432492271254,25.761438207837255,5.715566000930039e-06,0.846223771572113,0.8462236523628235
4896,27.773700551880477,36.5421811546891,8.768480602808626,0.714020311832428,0.9624632000923157
4897,24.526957165710407,24.527177977334645,0.00022081162423859269,0.9723730087280273,0.9723742604255676
4898,31.14875196664146,33.099354385059705,1.9506024184182458,0.7887868881225586,0.924903154373169
4900,31.332852853906758,40.5863970283886,9.253544174481846,0.7366853356361389,0.9769826531410217
4902,40.016168135562296,40.01543236487612,-0.0007357706861768065,0.9969386458396912,0.9969334006309509
4903,34.634710263580324,34.634710263580324,0.0,0.9495260119438171,0.9495236277580261
4905,30.446222307045115,30.44608335612775,-0.00013895091736415566,0.9628568291664124,0.9628572463989258
4906,36.25084863837464,36.25154707264963,0.0006984342749873917,0.9988567233085632,0.9988554120063782
4907,29.678710836983257,37.1399588427271,7.46124800574384,0.717364490032196,0.9632761478424072
4912,30.25841224798684,36.533094973590025,6.274682725603185,0.845837414264679,0.9634295105934143
4916,24.820729071180544,29.130161041076494,4.30943196989595,0.40373721718788147,0.9084320068359375
4919,26.34326039927997,33.545572663278016,7.202312263998046,0.7697718739509583,0.9478307366371155
4921,26.471996880072204,26.471794040619137,-0.000202839453066872,0.9449050426483154,0.9449051022529602
4922,24.68653055017822,26.206457914730393,1.5199273645521743,0.5320243835449219,0.9749270081520081
4923,26.283471778893386,33.31003174809392,7.026559969200534,0.6899908185005188,0.9175734519958496
4929,40.61774382784474,40.61672247501809,-0.0010213528266476146,0.999399721622467,0.9993987083435059
4933,22.668011848960894,23.96171114309132,1.2936992941304268,0.6352819800376892,0.9493913650512695
4934,27.216740346669095,27.491366318666223,0.27462597199712846,0.8410601615905762,0.846135675907135
4935,24.75677692222671,32.23515932594654,7.478382403719831,0.6361889839172363,0.9368593096733093
4937,27.293475151130867,34.254767020455105,6.9612918693242385,0.5362989902496338,0.973949134349823
4940,29.12097198397072,29.148710313555913,0.027738329585194066,0.8669137358665466,0.8671901822090149
4941,20.925023948299,20.92515057161673,0.0001266233177297238,0.9258827567100525,0.9258842468261719
4943,26.15375151072694,32.28298870871262,6.129237197985681,0.6345781683921814,0.9777448773384094
4944,26.361574579755164,35.15113837379764,8.78956379404248,0.6700806617736816,0.9515135884284973
4946,24.648112792869625,24.647970076445638,-0.00014271642398711037,0.9871466159820557,0.9871466755867004
4947,25.535894125988076,34.714189618630755,9.178295492642679,0.5752099752426147,0.9388884902000427
4948,24.04898600196946,24.048777937623377,-0.00020806434608289237,0.9840046763420105,0.9840028285980225
4950,41.843168644712215,41.84155073141244,-0.001617913299774898,0.9988417029380798,0.9988415241241455
4951,16.616826391015646,16.620927757010392,0.004101365994745976,0.7034878730773926,0.7038177847862244
4955,29.366148761708025,29.366523661641427,0.00037489993340145134,0.9424102306365967,0.9424288272857666
4957,19.95630950532887,21.45218023700766,1.4958707316787887,0.502149760723114,0.7824168801307678
4958,22.966438486139694,23.005690753426606,0.039252267286912,0.7628809809684753,0.8092824816703796
4959,20.15959520126499,21.960733255544245,1.801138054279253,0.7047020792961121,0.8953683376312256
4960,22.992813336175,32.79955711854726,9.806743782372262,0.4744044542312622,0.9380782246589661
4961,27.226778783234366,41.12593720151415,13.899158418279782,0.4129990339279175,0.9734187126159668
4963,20.76308086928104,22.485669089333697,1.722588220052657,0.4746868312358856,0.8875992894172668
4968,31.599913247620336,31.599954171410797,4.092379046127803e-05,0.947276771068573,0.9472742080688477
4970,26.566342346026786,26.374247413824584,-0.19209493220220253,0.9720005393028259,0.9593644738197327
4972,30.138226075045278,40.62146921134719,10.483243136301912,0.6526176333427429,0.9769864082336426
4973,30.952141618490202,33.65799665276649,2.70585503427629,0.8128290176391602,0.9293287396430969
4974,26.76992530688054,37.35576132372421,10.585836016843668,0.570960521697998,0.9664831161499023
4975,28.046599210212463,28.304188365036108,0.25758915482364486,0.8506398797035217,0.8882239460945129
4976,24.37687899636625,25.959674363634612,1.5827953672683606,0.635898768901825,0.9724228382110596
4978,27.790225188125998,34.17726944478305,6.387044256657052,0.8142378330230713,0.9583047032356262
4979,25.716255097354686,25.762541834053664,0.04628673669897765,0.9020106196403503,0.9025227427482605
4980,26.29696745332103,34.25295877761634,7.9559913242953115,0.7490744590759277,0.9632189869880676
4981,25.208242585654865,25.20803426617009,-0.0002083194847770642,0.994513213634491,0.9945115447044373
4982,25.091873801125505,35.20101469536072,10.109140894235214,0.5460063815116882,0.9469582438468933
4984,31.78747207256553,31.78751251334831,4.044078277942731e-05,0.9495026469230652,0.94950270652771
4985,20.000303458865346,20.009017364593745,0.00871390572839914,0.7440340518951416,0.7467737793922424
4986,22.348643335124137,22.36258348543823,0.013940150314091682,0.6507119536399841,0.6514571309089661
4987,29.76159398880209,29.761617439248027,2.3450445937100994e-05,0.8474140763282776,0.847413957118988
4988,48.77560543280858,48.772312236140216,-0.0032931966683662495,0.9997647404670715,0.999763548374176
4993,38.871072001152925,38.87122550875817,0.00015350760524768248,0.9902586340904236,0.9902579188346863
4995,23.429884164860646,25.55120448272641,2.121320317865763,0.640171468257904,0.9542637467384338
4996,21.898374044818503,24.0970579594187,2.1986839146001955,0.620348334312439,0.9093239903450012
4998,30.159699055535015,30.159437064305582,-0.00026199122943282305,0.9559016227722168,0.9558994174003601
4999,31.49514071771961,33.58897457528415,2.0938338575645368,0.8119230270385742,0.9290199279785156
5000,22.700190556802383,22.700951343498737,0.0007607866963539323,0.8259748816490173,0.8260151743888855
5001,26.249051566218164,35.3206455919645,9.071594025746336,0.6335981488227844,0.9585123062133789
5002,35.64901754690587,35.649754642083835,0.0007370951779677171,0.9894493222236633,0.9894511103630066
5007,33.34917861040186,34.27240923684701,0.9232306264451537,0.8979077339172363,0.9436478018760681
5011,22.776702115913906,22.77687689853146,0.00017478261755243807,0.9269347190856934,0.9269446730613708
5013,22.544411378478536,22.544680247487673,0.00026886900913680734,0.9232134222984314,0.9232220649719238
5015,35.24041778560672,35.76040009867142,0.5199823130647019,0.9335702061653137,0.9544739723205566
5016,30.286182007481063,36.59445819020781,6.308276182726747,0.677828311920166,0.941202700138092
5017,23.352812283926117,34.3399224796039,10.987110195677783,0.4969066381454468,0.9275331497192383
5021,32.13060962818829,32.13063357538118,2.3947192893558622e-05,0.9458696246147156,0.9458696246147156
5024,29.921736803463364,29.921395186449587,-0.00034161701377755094,0.9945893883705139,0.9945897459983826
5027,32.75895093260735,39.33031856371705,6.571367631109702,0.876121997833252,0.9759270548820496
5028,30.401464296554174,37.250888847644326,6.849424551090152,0.6571953892707825,0.9195870757102966
5029,25.52697807916749,25.58975225271623,0.0627741735487426,0.802473247051239,0.8229075074195862
5031,21.999160896473974,23.124735455722316,1.1255745592483422,0.7138068675994873,0.949469268321991
5033,25.157473485098514,25.167720385960198,0.010246900861684338,0.8119766712188721,0.8130726218223572
5037,21.02299977922977,21.238378051374124,0.21537827214435268,0.8203752040863037,0.8650810122489929
5038,31.467727759336977,31.467432170175336,-0.0002955891616416295,0.9944688677787781,0.9944697022438049
5039,24.655315740016633,34.35162696666256,9.696311226645925,0.5810588002204895,0.943109929561615
5040,20.893849589678712,20.923497752114383,0.029648162435670145,0.7706106305122375,0.7953432202339172
5041,27.552316362741763,27.615011181331994,0.06269481859023074,0.9078238606452942,0.9081202149391174
5042,27.790957490408523,27.790934689595836,-2.2800812686796235e-05,0.9601078629493713,0.9601076245307922
5044,23.81591157301137,25.31478702269665,1.4988754496852792,0.6679150462150574,0.9645227789878845
5045,32.66237717494396,39.52059831723363,6.858221142289665,0.8551174998283386,0.978717029094696
5046,30.540334988195745,30.540344149311988,9.161116242495382e-06,0.9822206497192383,0.982220470905304
5047,30.069003873880288,30.068641229117013,-0.00036264476327474426,0.9977269768714905,0.9977269768714905
5048,32.97933259564526,42.314800517236236,9.335467921590975,0.7688724994659424,0.9808530211448669
5049,24.87403329700693,24.87363479133169,-0.00039850567524268854,0.8631247878074646,0.8649298548698425
5050,28.491908769744896,31.97756385114111,3.4856550813962137,0.7976784706115723,0.9371568560600281
5052,29.76792254360173,31.765045487798474,1.997122944196743,0.8599126935005188,0.9699642062187195
5053,27.001980154257108,27.00224127582846,0.0002611215713521631,0.9798646569252014,0.9798681139945984
5058,29.378198444418437,37.84448531065852,8.466286866240083,0.7670944333076477,0.9680328369140625
5059,36.34039419386887,36.340475827520386,8.16336515185867e-05,0.9658200740814209,0.9658203125
5060,28.77109844881915,35.39142456727654,6.620326118457388,0.909023106098175,0.9802833199501038
5061,28.11747528451809,35.72080221739053,7.603326932872438,0.7293460965156555,0.9571959972381592
5063,30.559028031997073,30.558144574524377,-0.0008834574726961364,0.9941182136535645,0.9941120743751526
5064,26.134065870873346,32.28028225680993,6.146216385936587,0.7858428359031677,0.9405686259269714
5065,27.98069667577744,27.98040768028802,-0.00028899548942007414,0.9925336837768555,0.9925334453582764
5067,27.026539906373017,33.56486424342041,6.538324337047392,0.5070076584815979,0.9269421100616455
5069,22.23527766661511,22.288281143209932,0.05300347659482085,0.8245649337768555,0.8412315249443054
5070,29.01877275510964,35.72254326396673,6.703770508857087,0.8860794901847839,0.9752800464630127
5072,21.698529548202377,21.698395886114564,-0.00013366208781206979,0.9693970084190369,0.9693965315818787
5074,26.153920006647628,26.10463690973702,-0.049283096910606616,0.9595312476158142,0.9566688537597656
5076,21.45804934797522,22.062897454745233,0.6048481067700138,0.6794833540916443,0.9608022570610046
5077,15.47248909618058,15.498406504074321,0.02591740789374164,0.5951402187347412,0.5991286635398865
5079,25.101927952907722,25.204162215472717,0.1022342625649948,0.6954843401908875,0.6983275413513184
5080,29.512146371881357,39.44882693008678,9.936680558205424,0.6519386172294617,0.9777052402496338
5082,24.349833629763967,24.358243403330107,0.008409773566139478,0.8428605198860168,0.8456015586853027
5083,30.738405848088426,32.2671650754432,1.5287592273547759,0.9064672589302063,0.9423697590827942
5084,30.509493672431127,39.761482780375665,9.251989107944539,0.7269163131713867,0.9734323620796204
5085,24.870634283142454,35.50699146514852,10.63635718200607,0.5313194394111633,0.9346756935119629
5087,27.215753063553105,36.71880196302717,9.503048899474063,0.6368169188499451,0.9591548442840576
5088,40.36853273026502,40.36876629603597,0.0002335657709551242,0.9869154095649719,0.9869136810302734
5089,21.177832753440438,22.415774141360217,1.2379413879197791,0.5824329257011414,0.9475868344306946
5091,34.23076489352074,34.23079033988953,2.5446368788095697e-05,0.9674108624458313,0.9674110412597656
5093,26.952628220984703,26.99973262283168,0.047104401846976174,0.8900772929191589,0.8977339863777161
5096,28.871322294437288,28.871332041352314,9.746915026198621e-06,0.9363500475883484,0.9363500475883484
5097,20.661043747367152,20.682482635467657,0.021438888100504983,0.8682873845100403,0.8752886652946472
5099,33.34488542476948,40.70516321259344,7.360277787823961,0.850408136844635,0.9826160073280334
5100,32.2705442727988,32.314403797045145,0.04385952424634354,0.925995409488678,0.9304423928260803
5102,23.739953290403108,23.772392025260665,0.032438734857556994,0.6727643013000488,0.6789650917053223
5103,29.544710279836437,35.289960450858004,5.745250171021567,0.8089472651481628,0.9420362114906311
5104,30.218006793636654,30.22259916263282,0.004592368996167551,0.8952564597129822,0.8957429528236389
5105,33.76790228747913,33.76800281296594,0.0001005254868076122,0.9814710021018982,0.9814711213111877
5107,27.912715716521582,32.68305557367098,4.770339857149395,0.9196641445159912,0.9734208583831787
5109,23.885721888339702,29.578301011048374,5.692579122708672,0.5527648329734802,0.8947201371192932
5110,33.048496344964505,35.976235964959734,2.9277396199952292,0.9124780297279358,0.9763393402099609
5112,29.557707986197578,35.90384939416606,6.3461414079684815,0.7113192677497864,0.9251121878623962
5116,25.247500963113563,26.080505731379464,0.8330047682659014,0.8459926247596741,0.9283804297447205
5117,27.220355286193477,27.224256591921332,0.0039013057278545205,0.9206255078315735,0.9207059741020203
5119,25.695879542715524,34.817805738375924,9.1219261956604,0.6360225081443787,0.9423698782920837
5120,29.110392029983345,29.960984617879944,0.8505925878965996,0.8519135117530823,0.8934970498085022
5121,25.752975983127566,36.15695733840299,10.403981355275423,0.5333197712898254,0.9507058262825012
5122,28.183238056858514,28.222598208395535,0.03936015153702144,0.9130644798278809,0.9189726710319519
5123,27.917952099258095,35.8581651931498,7.940213093891707,0.7170283794403076,0.9553965926170349
5124,43.49928277108418,43.49754351868859,-0.0017392523955948036,0.9997155070304871,0.9997164607048035
5125,23.618254528623282,27.560035685545795,3.941781156922513,0.5547869205474854,0.9501274228096008
5126,26.86806792576414,30.70259427221538,3.834526346451238,0.9275133013725281,0.974774181842804
5129,31.932536374358648,31.99644674811323,0.06391037375458097,0.8966520428657532,0.9026908874511719
5130,32.00004472826619,41.37909372079369,9.379048992527501,0.7693527340888977,0.9785468578338623
5131,24.676405864585988,24.678923761748976,0.0025178971629884472,0.7806290984153748,0.7812227606773376
5132,29.53675359998796,29.536937649232875,0.0001840492449147746,0.9708018898963928,0.9708036780357361
5133,31.846513888907005,31.84606645711975,-0.0004474317872542599,0.9644803404808044,0.9644506573677063
5134,28.836567037603018,32.631116287300756,3.794549249697738,0.7053267955780029,0.9669675230979919
5138,31.898880445556358,31.912453673419613,0.013573227863254544,0.8965563774108887,0.8976792693138123
5139,27.61898573701485,31.30588055875109,3.6868948217362423,0.6792594790458679,0.905803918838501
5140,30.035030632200858,31.467255676887376,1.4322250446865183,0.845646858215332,0.9163690209388733
5143,34.403391696811376,34.43876942283148,0.03537772602010136,0.9423200488090515,0.9445734024047852
5144,27.326930142964137,31.468255900369122,4.141325757404985,0.672856867313385,0.9554479718208313
5147,26.314152634305504,32.80929662442569,6.495143990120187,0.7768023014068604,0.9460106492042542
5148,21.687943820107446,21.687808991974336,-0.0001348281331097212,0.9562373757362366,0.9562370181083679
5149,25.483129581179696,30.474195841716877,4.991066260537181,0.8853470683097839,0.9664175510406494
5151,34.13675882774249,34.24399332050555,0.1072344927630624,0.9381006360054016,0.9456579685211182
5152,32.592535134261475,32.79229624703118,0.19976111276970698,0.9132794737815857,0.9313556551933289
5153,29.05171069990945,36.57265516072619,7.520944460816743,0.7329010963439941,0.9342429041862488
5155,24.379556950668796,27.830900774910816,3.45134382424202,0.8124906420707703,0.9542540907859802
5156,24.695728072357962,34.24678707317802,9.551059000820057,0.6318752765655518,0.9508805274963379
5157,26.165741451160546,36.4281477254988,10.262406274338257,0.618442952632904,0.9532196521759033
5158,23.65629609080677,23.656493216485394,0.0001971256786248432,0.9387612342834473,0.9387652277946472
5160,27.93957818789187,27.939857557531358,0.0002793696394896017,0.9942166805267334,0.9942182898521423
5162,34.388007662651226,34.55327964079463,0.16527197814340155,0.9551451802253723,0.9598751068115234
5164,24.064300158391884,24.070960191335224,0.00666003294334061,0.7594941258430481,0.7602486610412598
5165,30.276853407229737,31.759976520343262,1.4831231131135247,0.8225922584533691,0.9438912272453308
5166,27.157745189825903,27.27349904104311,0.11575385121720672,0.869652271270752,0.8992813229560852
5167,26.63853097634064,33.81410820222327,7.175577225882627,0.7687549591064453,0.9502846598625183
5168,31.96271368215222,36.85947280718282,4.896759125030599,0.7921529412269592,0.959474503993988
5169,32.77371675765773,41.29888733834221,8.525170580684481,0.8110711574554443,0.9757390022277832
5171,32.033241621756716,32.07055042825247,0.03730880649575141,0.9203352928161621,0.9229791760444641
5174,28.323587591987973,28.324626314654473,0.0010387226665002913,0.8980254530906677,0.8981217741966248
5175,32.53397016399868,32.53400323794285,3.307394416651732e-05,0.962507963180542,0.9625065922737122
5179,25.736025075935718,25.766828285277654,0.030803209341936366,0.8239404559135437,0.8247649073600769
5180,26.834198293349253,28.086086368555744,1.251888075206491,0.8702096343040466,0.9767575263977051
5182,30.41105667826092,32.81109802143316,2.4000413431722407,0.8304451107978821,0.9234312176704407
5183,34.11616022638127,34.1162039239696,4.369758833178139e-05,0.9504392147064209,0.9504383206367493
5184,26.233398275147266,36.07048914903225,9.837090873884982,0.6070229411125183,0.9414529800415039
5185,23.717093194540464,23.717317374032735,0.00022417949227104828,0.9747233390808105,0.9747243523597717
5187,28.864883586351695,29.09417708364498,0.22929349729328408,0.9356270432472229,0.9435100555419922
5188,29.616078742866133,29.616075503200364,-3.239665769427802e-06,0.9393522143363953,0.9393511414527893
5189,45.12050417076196,45.1221785852443,0.0016744144823377383,0.9995602965354919,0.9995579719543457
5190,30.221375066849173,30.221400604119594,2.5537270420983305e-05,0.8975551128387451,0.8975541591644287
5193,25.280475066572414,29.855579156172656,4.5751040896002415,0.42346739768981934,0.8536586165428162
5194,26.34732049561397,32.56928258658534,6.221962090971367,0.7889259457588196,0.9485999941825867
5196,25.077515223226868,25.1028544626825,0.025339239455632878,0.8377708792686462,0.8396516442298889
5197,20.67521747139476,20.675314808466233,9.733707147319137e-05,0.7414405941963196,0.7414490580558777
5200,29.651909223334666,29.662340961617662,0.01043173828299615,0.9115033745765686,0.9117037653923035
5201,28.68329041620401,28.696959197106512,0.013668780902502675,0.9643588066101074,0.9643056988716125
5208,33.04783434847651,35.16796392270261,2.120129574226098,0.8517057299613953,0.9386129975318909
5213,25.78069276276272,36.876508729600246,11.095815966837527,0.509917676448822,0.9582378268241882
5214,25.62154360312978,32.83570616907018,7.2141625659403985,0.7879484295845032,0.9567847847938538
5215,33.76044641551068,33.75989781974936,-0.0005485957613160508,0.9969251751899719,0.9969237446784973
5217,30.375986609585777,36.34564935975091,5.969662750165131,0.8527517914772034,0.9752591252326965
5221,37.27222081768299,37.27232266241843,0.00010184473543972672,0.9670495986938477,0.9670483469963074
5222,26.295481900155817,35.38658526719543,9.091103367039612,0.6990256309509277,0.9541969299316406
5226,29.990180807104036,41.34130058750351,11.351119780399475,0.6140539646148682,0.9670131206512451
5230,27.82494517674712,30.742300863839127,2.917355687092005,0.8387051224708557,0.9428701400756836
5231,27.195967702713546,37.87329826252825,10.677330559814706,0.5608459115028381,0.9666690826416016
5232,28.52004288560122,28.520341349466072,0.00029846386485132825,0.9944859147071838,0.9944862723350525
5233,27.96154616338763,32.485579210422564,4.5240330470349335,0.6011539101600647,0.9042690396308899
5234,20.845491650489638,22.15094541863308,1.3054537681434404,0.8227052688598633,0.9369397163391113
5236,33.365228451889756,33.36527261761766,4.416572790688633e-05,0.9387359619140625,0.9387362003326416
5237,24.582990023189055,35.785425992902184,11.202435969713129,0.4861479699611664,0.9369924664497375
5238,27.565442076149335,32.61784501295769,5.0524029368083525,0.8572754263877869,0.9624975323677063
5239,24.568541259502563,34.94886491623884,10.380323656736277,0.4829477071762085,0.9353556036949158
5241,25.901037427103116,38.13273980670705,12.231702379603934,0.45309045910835266,0.9488110542297363
5242,33.63091221444868,38.546520216495146,4.9156080020464685,0.9712406992912292,0.9912083745002747
5245,29.295789674922275,36.784769880852735,7.48898020593046,0.8296864628791809,0.9738302230834961
5246,26.728796962455856,36.42110272618681,9.692305763730953,0.6113385558128357,0.9450702667236328
5250,29.342923614883233,29.80091589861926,0.45799228373602574,0.8375983238220215,0.8716616630554199
5251,26.880062843289288,38.84995922076787,11.969896377478584,0.49682679772377014,0.9670442938804626
5253,27.388762969649033,36.62253033655243,9.233767366903397,0.6443141102790833,0.9574134945869446
5255,26.521510409427563,34.16146926598592,7.6399588565583585,0.7661955952644348,0.9516563415527344
5257,25.938782731856257,32.92788951992267,6.989106788066415,0.5132105946540833,0.8742117285728455
5258,31.35300927574829,31.989077476856615,0.6360682011083263,0.8418988585472107,0.8904923796653748
5259,25.747419607820596,31.217803266734727,5.47038365891413,0.8442234992980957,0.9470620155334473
5261,32.612185794765416,32.612215318037464,2.9523272047526916e-05,0.9936609864234924,0.9936612248420715
5264,28.30693736309604,28.30717839409534,0.0002410309993017279,0.9866717457771301,0.9866753220558167
5265,30.71675044820156,30.282577496824498,-0.4341729513770609,0.7499549984931946,0.6911795139312744
5267,24.463691025496487,25.889527516729892,1.4258364912334045,0.6564801335334778,0.7597209811210632
5269,27.102435614123543,39.00650555784795,11.904069943724409,0.4833674132823944,0.9699791073799133
5271,26.017053059091143,33.700368810559205,7.6833157514680614,0.5889779925346375,0.8976421356201172
5272,27.34918271565992,34.23448365308573,6.885300937425811,0.819486677646637,0.9639704823493958
5273,25.279462822504982,33.46530479610885,8.185841973603871,0.5613840222358704,0.9286708235740662
5274,34.568566954478925,34.83722884363726,0.2686618891583379,0.8391125202178955,0.8516152501106262
5275,27.814841444366735,38.53230063127149,10.717459186904755,0.560234546661377,0.9736475944519043
5278,25.862678847617424,34.78160835822769,8.918929510610269,0.5943189263343811,0.9259371161460876
5279,30.38968278996577,39.55516569614525,9.16548290617948,0.7210175395011902,0.9685366153717041
5280,32.512735760450326,32.512622146177065,-0.00011361427326050944,0.9657263159751892,0.9657268524169922
5281,25.7027286941311,30.968530229739702,5.2658015356086025,0.8414183259010315,0.9648985862731934
5282,25.500605484429933,33.340424365471215,7.839818881041282,0.7488088607788086,0.9538813233375549
5283,23.539422438011396,23.54765168197792,0.008229243966525246,0.8281974196434021,0.8322649598121643
5284,28.270375546001155,37.38478373015306,9.114408184151905,0.6580517292022705,0.9482303261756897
5286,31.51307732612995,31.513915133743833,0.0008378076138839674,0.9167817234992981,0.9168887734413147
5287,26.73173839231559,37.01689937322717,10.285160980911577,0.5811119675636292,0.9538125395774841
5289,28.138410843154197,33.31087202309757,5.172461179943376,0.6431718468666077,0.8283708095550537
5290,27.06012396804128,35.99159327774915,8.931469309707872,0.6960391402244568,0.9592158198356628
5291,33.68735970134472,33.68787734442985,0.0005176430851321356,0.9972873330116272,0.9972875714302063
5294,32.317223407433524,32.70889681232359,0.39167340489006364,0.9027339816093445,0.9368907809257507
5296,19.111690246020437,20.181043900881598,1.0693536548611604,0.4343191087245941,0.9382235407829285
5297,24.934115625371106,37.271558885111624,12.337443259740517,0.4076598882675171,0.9592481255531311
5299,29.837179086459138,40.74715826261607,10.90997917615693,0.5795654654502869,0.9660873413085938
5301,26.81745507175227,26.83286679586611,0.015411724113839398,0.8796346187591553,0.8844535946846008
5302,31.102381852515553,31.102409223051314,2.7370535761406245e-05,0.9256519675254822,0.9256518483161926
5303,25.49323999385175,33.65782968292065,8.164589689068901,0.6648781299591064,0.9406268000602722
5304,25.84348257668711,25.852533678006072,0.009051101318963362,0.8227335810661316,0.822993278503418
5305,23.879004780107493,24.337278797009144,0.45827401690165104,0.7566593289375305,0.8440911173820496
5307,20.04016655231011,21.74718571903835,1.7070191667282373,0.58502596616745,0.8509108424186707
5309,36.081721806835546,36.08788175090535,0.006159944069807466,0.948158323764801,0.9483806490898132
5310,32.43354342586056,38.786066990070076,6.352523564209513,0.8476294875144958,0.9734364151954651
5312,28.381826136131924,36.92022639508195,8.538400258950023,0.7260844111442566,0.9675527215003967
5315,31.854837869041205,41.297239300170894,9.442401431129689,0.758044958114624,0.9810092449188232
5317,26.451606474980384,36.14077716555498,9.689170690574596,0.3947237432003021,0.8631119728088379
5318,38.39387725961596,38.39402439917534,0.00014713955938105983,0.9827689528465271,0.9827679991722107
5319,31.04963703053125,37.50532346011026,6.455686429579011,0.8910015225410461,0.9778925776481628
5320,22.359176153296332,25.69831611289076,3.3391399595944264,0.5735836029052734,0.9377116560935974
5323,21.32645676075201,21.326617056123986,0.0001602953719768152,0.8732967376708984,0.8733072876930237
5324,22.205976082174796,22.21266398818127,0.0066879060064728435,0.7998142242431641,0.8035126328468323
5326,27.795393765122242,37.15035881936715,9.354965054244907,0.6696345210075378,0.9605028629302979
5328,25.42454461446698,36.3286142327394,10.904069618272416,0.5480196475982666,0.9457588195800781
5329,39.99861565857748,39.998878487106985,0.00026282852950743063,0.9828846454620361,0.9828868508338928
5330,18.865129941476553,18.89004146770485,0.02491152622829773,0.7098373770713806,0.7108644843101501
5336,18.696906088617006,19.75554455949369,1.0586384708766836,0.617356538772583,0.6538224816322327
5337,44.728597137183684,44.24753259598891,-0.48106454119477604,0.984786331653595,0.9845625758171082
5338,25.38997990660768,31.55845736254004,6.168477455932358,0.775259256362915,0.9496371746063232
5339,25.27144585347258,35.12900767111879,9.85756181764621,0.552344024181366,0.9472705721855164
5340,30.811761886043247,37.18456683400148,6.372804947958233,0.8953697085380554,0.9798202514648438
5341,23.044529242081644,23.95441608493752,0.909886842855876,0.7816610336303711,0.9443506598472595
5342,31.088606084814362,33.23138215365515,2.142776068840785,0.7942991256713867,0.9294660687446594
5346,27.94903325381764,27.949305034531207,0.00027178071356814826,0.9934139847755432,0.9934177994728088
5347,33.136391812360436,33.1368790085111,0.0004871961506651701,0.9970217347145081,0.9970202445983887
5349,26.32553334791411,26.357370452991123,0.031837105077013206,0.7985278964042664,0.8059282302856445
5350,29.362213828545045,38.0809344476668,8.718720619121754,0.7342936396598816,0.9641451835632324
5351,32.856491212256444,32.85667567752269,0.00018446526624416038,0.9887981414794922,0.9887992739677429
5354,30.997868319118492,38.80725148731124,7.809383168192749,0.80568528175354,0.973186731338501
5357,21.084189724802343,21.084091085025104,-9.863977723867379e-05,0.7705622315406799,0.7708520889282227
5358,43.78647672569472,43.78479005897493,-0.001686666719791674,0.9995723366737366,0.9995725154876709
5359,18.956094058324776,18.956930607398142,0.0008365490733659442,0.6342176795005798,0.6343551874160767
5361,28.321335702615595,33.65071991003717,5.3293842074215725,0.9354581832885742,0.9818141460418701
5364,20.967662277202027,23.1737492904068,2.2060870132047725,0.47421976923942566,0.9043266773223877
5365,24.11731875247689,31.174934921150594,7.057616168673704,0.7814084887504578,0.9497702121734619
5366,29.299596870374373,29.572183078897357,0.2725862085229842,0.898644745349884,0.9239475131034851
5367,41.32604800345524,41.326273570834914,0.00022556737967249774,0.9979146122932434,0.9979161620140076
5369,29.52230578690939,29.536147428737102,0.013841641827713858,0.8872961401939392,0.8890292644500732
5371,29.37006189864766,29.874272636728534,0.5042107380808751,0.8536000847816467,0.884885311126709
5372,31.53670708206407,32.4673203536515,0.9306132715874327,0.8680977821350098,0.921114444732666
5376,28.087186648697823,40.262477614635195,12.175290965937371,0.5316007733345032,0.9705922603607178
5378,26.080146100781683,26.099384418581263,0.019238317799580074,0.8507976531982422,0.8553082942962646
5379,27.041275268659945,35.4280002959804,8.386725027320452,0.7392549514770508,0.9607318043708801
5380,25.310716988732015,25.305979607395855,-0.00473738133615953,0.8554339408874512,0.854840099811554
5382,29.211272499112454,35.02930969914014,5.818037200027689,0.8443265557289124,0.9660589098930359
5384,23.031011623461897,23.0311684973846,0.00015687392270180567,0.961111843585968,0.9611132740974426
5386,27.04791202371874,38.6274259480694,11.57951392435066,0.5352150797843933,0.9568023681640625
5387,26.65499548354406,26.654118382295643,-0.0008771012484167784,0.991409957408905,0.9912934303283691
5391,28.331662619350773,37.25872158341258,8.927058964061807,0.7193016409873962,0.9633970856666565
5393,28.884386009587786,41.11481228660602,12.230426277018232,0.5191740393638611,0.9753645062446594
5394,29.243493067790695,29.58647214305691,0.3429790752662143,0.8207008242607117,0.8551735281944275
5395,32.04115583681462,35.98805055831063,3.9468947214960153,0.9008386731147766,0.975583553314209
5396,32.53477805582128,40.564585959923996,8.029807904102718,0.8350279927253723,0.9762195944786072
5397,28.140586634002194,28.14086968222602,0.00028304822382452244,0.9724568724632263,0.9724605083465576
5398,32.8303016750049,32.83032932345967,2.7648454775430764e-05,0.9629687666893005,0.9629693031311035
5399,23.554550276691657,23.554718537879566,0.00016826118790902456,0.9590252041816711,0.9590288996696472
5400,24.927719376591195,36.41568934508815,11.487969968496952,0.44809016585350037,0.9667940735816956
5401,30.715381246320646,32.11283516875598,1.3974539224353322,0.8610621094703674,0.9127551913261414
5402,40.39789030499057,40.39812580134566,0.00023549635508857136,0.9983204007148743,0.9983192086219788
5403,27.95362964451734,38.192911553871134,10.239281909353796,0.6050552725791931,0.9681859016418457
5404,29.576224973046173,39.03886031742898,9.462635344382804,0.6732543110847473,0.9665675163269043
5405,23.588042758651095,23.62635358300555,0.0383108243544541,0.7169521450996399,0.7224407196044922
5410,26.228809675542237,32.292600807426446,6.063791131884209,0.6058921217918396,0.9116101264953613
5415,26.66499965912433,34.76286216380824,8.097862504683906,0.726584255695343,0.959204912185669
5416,25.514115137146312,32.51103411175328,6.99691897460697,0.7839015126228333,0.947209358215332
5417,13.499011813474217,19.291219772762147,5.79220795928793,0.38355135917663574,0.7696864008903503
5421,24.35125551694557,34.35087962427435,9.999624107328778,0.4731369912624359,0.945915699005127
5423,33.80727690197335,43.13476789462497,9.327490992651619,0.8198664784431458,0.9835312962532043
5425,47.4029774945712,47.40483113613831,0.001853641567109321,0.9995352625846863,0.9995338320732117
5426,25.683080926263287,33.96411673258597,8.281035806322684,0.731915295124054,0.9538893699645996
5427,44.994979491765804,44.993219705626856,-0.001759786138947561,0.9994928240776062,0.9994931221008301
5429,31.53558332419342,31.542176273767378,0.00659294957395673,0.9094645977020264,0.9101998209953308
5432,25.09849994887923,30.230867446879664,5.132367498000434,0.7103305459022522,0.9278252720832825
5434,21.145624595295192,21.154924623238323,0.009300027943130118,0.7429520487785339,0.7449149489402771
5438,25.188469333524843,25.22906347340827,0.04059413988342797,0.7905531525611877,0.7937498092651367
5439,28.877852168475986,31.48640835051848,2.608556182042495,0.7439670562744141,0.9135074019432068
5440,35.76480035920882,35.764113060712134,-0.0006872984966861395,0.9990256428718567,0.9990261197090149
5442,26.278721397495985,34.86054359239406,8.581822194898074,0.6431793570518494,0.9455626010894775
5443,25.758068853178816,36.80108838394709,11.043019530768273,0.502281904220581,0.944952666759491
5444,29.220435116955873,30.52827112253396,1.3078360055780855,0.8567735552787781,0.923298180103302
5447,30.060364626131374,32.263915803149146,2.203551177017772,0.8901219367980957,0.9756459593772888
5449,26.696471380502622,34.91924825384997,8.22277687334735,0.7539539337158203,0.9576246738433838
5450,28.755273517316148,28.755003632834995,-0.00026988448115261576,0.9819440245628357,0.9819445610046387
5451,27.946527808096647,35.245849675217755,7.299321867121108,0.8148643374443054,0.9638125896453857
5452,31.330526979504626,33.803769532269285,2.4732425527646598,0.7845869064331055,0.9393298625946045
5454,39.58926665747352,39.589604742053716,0.00033808458019279897,0.9989838600158691,0.9989827275276184
5457,25.273937838197096,25.27445146213516,0.0005136239380654217,0.933188259601593,0.9332132935523987
5460,12.612225706586546,18.56162707330444,5.949401366717893,0.3747403919696808,0.7473137974739075
5461,33.61330373428613,39.41678515822558,5.803481423939452,0.9031979441642761,0.9778943061828613
5462,29.218254240606683,29.218271977193773,1.7736587089700606e-05,0.8897252678871155,0.8897246718406677
5463,28.601661158999146,28.6014896851686,-0.00017147383054805232,0.959655225276947,0.9596555829048157
5467,28.563635596937758,28.56334467532665,-0.0002909216111071089,0.9928653836250305,0.9928648471832275
5468,25.166226394587778,30.506891494886755,5.340665100298978,0.5529710054397583,0.8785519599914551
5470,28.280422599030558,28.28042974492121,7.145890652537901e-06,0.9764803051948547,0.9764801859855652
5471,24.531088776293185,24.615704748435316,0.08461597214213157,0.8615962862968445,0.8762331008911133
5473,33.74149308286684,33.741624709274625,0.00013162640778574541,0.9591278433799744,0.9591266512870789
5474,26.34036333674822,29.147349052832308,2.806985716084089,0.8015282154083252,0.9618355631828308
5475,23.843705791791834,23.843881717079448,0.0001759252876141204,0.985440194606781,0.9854400753974915
5476,31.8535830056518,33.35385250465227,1.500269499000467,0.9622064232826233,0.9768198132514954
5477,32.93427283025315,42.64586265600763,9.71158982575448,0.763645589351654,0.984192430973053
5478,30.05150462158802,30.051527644411383,2.3022823363305633e-05,0.9473668932914734,0.9473667740821838
5479,28.599955149264574,30.953056090632643,2.3531009413680692,0.7600483894348145,0.8612975478172302
5480,27.318307911857108,37.255914012653555,9.937606100796447,0.6069058179855347,0.9697952270507812
5481,31.109125755749595,40.744527384945634,9.63540162919604,0.7125616669654846,0.9791621565818787
5484,25.39045146546934,31.036987850934985,5.6465363854656445,0.5584794878959656,0.9161961674690247
5486,25.697703275050323,36.61983621267748,10.922132937627154,0.5543020367622375,0.9532472491264343
5490,29.49753145526458,34.462865235476855,4.965333780212276,0.6872637867927551,0.9731881022453308
5492,25.65757545888112,34.69656714949022,9.038991690609102,0.650442361831665,0.9448604583740234
5493,20.89624630491432,20.89637109757174,0.00012479265742015855,0.9800231456756592,0.9800238609313965
5494,15.273418894483115,27.910184257824323,12.636765363341208,0.14270134270191193,0.8632643818855286
5495,33.04774459400922,40.11022542974566,7.062480835736444,0.7486125826835632,0.9565620422363281
5498,31.31217944033228,38.47976220349379,7.167582763161512,0.8290500044822693,0.97654789686203
5500,37.8344106097925,37.83353631974848,-0.0008742900440168455,0.9992198944091797,0.9992184042930603
5503,28.722284675855022,37.699367603091545,8.977082927236523,0.7239972949028015,0.9713093638420105
5505,35.355277493605136,35.35534776535053,7.027174539331327e-05,0.9700142741203308,0.9700138568878174
5506,24.829376771419547,36.192618583245995,11.363241811826448,0.45729538798332214,0.9278719425201416
5508,34.8105180567731,34.81056320810164,4.5151328542658575e-05,0.9674941897392273,0.9674935340881348
5510,30.0386197517669,30.0386146507569,-5.101009996621997e-06,0.979481041431427,0.9794806838035583
5511,30.629109203232407,40.9144734996513,10.285364296418894,0.6457138657569885,0.9775747656822205
5517,31.09662093712249,36.807870140559274,5.7112492034367826,0.7017927169799805,0.9340610504150391
5519,28.704955347903397,33.46657268813044,4.761617340227044,0.8544430732727051,0.9598231315612793
5522,26.17004449526632,28.83104980924278,2.6610053139764602,0.9284085631370544,0.9614583849906921
5523,27.424080428101515,27.423974821998556,-0.0001056061029593991,0.9541530013084412,0.9541320204734802
5525,26.20160712766384,27.218711056302325,1.017103928638484,0.8752705454826355,0.9392217993736267
5526,26.34082790382777,26.34146279093576,0.0006348871079921992,0.943976640701294,0.9439949989318848
5527,29.847829757118127,29.92361766783413,0.07578791071600222,0.9038398265838623,0.9060848355293274
5528,26.0972382690043,36.96814690297304,10.870908633968739,0.509002685546875,0.9628045558929443
5530,36.19540024060667,36.19471998672951,-0.0006802538771637501,0.9797258377075195,0.979733407497406
5531,16.39597392120861,16.429050515398586,0.033076594189974884,0.6296606063842773,0.6333640217781067
5534,32.46201689449818,36.73814441609239,4.276127521594212,0.7522169947624207,0.9321703314781189
5535,32.743374972170386,39.96905315802049,7.225678185850107,0.8372010588645935,0.9809801578521729
5536,27.715620625648295,27.802791138157193,0.08717051250889796,0.8871329426765442,0.8878626227378845
5537,30.950707497008633,38.0728327681438,7.122125271135165,0.8579524159431458,0.9788282513618469
5539,28.50131598089197,33.80572763899818,5.304411658106208,0.9202898144721985,0.9772250652313232
5540,27.303012342541283,27.30327101224787,0.00025866970658583455,0.9943869709968567,0.9943867325782776
5542,27.41631852027958,27.466688446433835,0.05036992615425362,0.858310878276825,0.8604424595832825
5543,25.311051547051218,29.252406029683186,3.9413544826319686,0.6915693879127502,0.9547054767608643
5545,30.953874714393983,41.25926530369111,10.305390589297126,0.6676599383354187,0.9789261817932129
5546,26.714235401730093,30.931095323054695,4.216859921324602,0.916759192943573,0.9757086634635925
5547,27.224871391169785,28.34994719708805,1.1250758059182644,0.7861046195030212,0.9192988276481628
5548,32.080317363700615,32.080350014048626,3.265034801103184e-05,0.9256043434143066,0.9256032109260559
5550,22.287383840487415,22.28727905309896,-0.00010478738845520752,0.976355254650116,0.976350724697113
5551,27.28076039180933,36.144069344168585,8.863308952359255,0.7100143432617188,0.9557049870491028
5553,25.752023065264275,31.710072060111365,5.95804899484709,0.8223915100097656,0.9541552066802979
5554,28.122058328308075,28.12822959408233,0.006171265774256085,0.9068289399147034,0.907048225402832
5555,30.861532775179686,35.10506046595113,4.24352769077144,0.7597706913948059,0.9379417896270752
5556,22.380920175563542,22.38114551831756,0.00022534275401753234,0.9685189723968506,0.9685207009315491
5557,25.865518376920274,29.407034287293907,3.541515910373633,0.7356600761413574,0.9361503720283508
5558,25.08066934265505,30.676217820110644,5.595548477455594,0.67927485704422,0.9369826316833496
5560,24.850540243445987,31.900795736312716,7.050255492866729,0.7451087832450867,0.9418972134590149
5561,28.161578546805274,37.64904087899663,9.487462332191356,0.6514254212379456,0.9643327593803406
5566,24.608036833509807,33.84558032618682,9.237543492677013,0.4133237898349762,0.9276157021522522
5567,28.821561231726914,28.824712145159715,0.003150913432801161,0.9401112198829651,0.9401631951332092
5569,32.8201675276057,33.22805052063998,0.4078829930342849,0.8919979929924011,0.9181163907051086
5570,28.065479953664326,37.21198556674878,9.146505613084454,0.7333884239196777,0.965583324432373
5571,26.80059995653146,35.81183416488635,9.011234208354889,0.6482668519020081,0.9441573023796082
5572,32.84353482450535,37.84822377546872,5.00468895096337,0.9479550719261169,0.9842907786369324
5573,27.582136334962403,27.58207491056882,-6.142439358214347e-05,0.8840815424919128,0.8840799331665039
5574,30.478116259553147,30.72879523254693,0.25067897299378217,0.8949791789054871,0.906707763671875
5577,27.456319244171198,35.356300016215556,7.8999807720443584,0.7619685530662537,0.9572997093200684
5579,22.225157540563178,22.23060570267053,0.005448162107352772,0.7803366780281067,0.7827534675598145
5580,27.320283254750017,27.320548411265126,0.00026515651510905514,0.9843137860298157,0.9843144416809082
5581,30.06900952439239,30.068595515424974,-0.0004140089674145031,0.9966605305671692,0.9966585636138916
5583,28.889094465020385,28.889568566978383,0.0004741019579981298,0.9908676743507385,0.990865170955658
5584,25.4934112258432,37.14114708665143,11.647735860808229,0.47031721472740173,0.9547317624092102
5585,31.47999720144071,37.77022550229798,6.290228300857272,0.6242579817771912,0.8792710900306702
5586,36.919909832881046,36.919049198871456,-0.0008606340095909104,0.9993070960044861,0.9993131160736084
5588,26.9236643531261,35.97870036444538,9.055036011319281,0.683783233165741,0.9688045382499695
5589,21.751397991330638,22.7521488815121,1.000750890181461,0.746601402759552,0.9272858500480652
5590,25.3576185016447,25.357834815910852,0.00021631426615087435,0.9761179089546204,0.9761207699775696
5591,25.340460225296844,25.960131052273073,0.619670826976229,0.9506006240844727,0.968090832233429
5592,29.26297542454701,36.96430253989314,7.701327115346128,0.8239002227783203,0.9668272137641907
5595,35.709133198017916,35.70921602361817,8.282560025207886e-05,0.9817759394645691,0.9817757606506348
5596,25.160764875126613,25.161350574732694,0.0005856996060806807,0.8869490623474121,0.8870145678520203
5597,26.864726673927418,35.5278174241158,8.663090750188385,0.7271149158477783,0.9586415886878967
5598,25.304336805841217,30.890232418826585,5.585895612985368,0.7571167945861816,0.9141926765441895
5602,26.492704864955062,34.84410686868847,8.351402003733408,0.7784147262573242,0.9678638577461243
5603,24.36436241410268,25.83109315209356,1.4667307379908792,0.8054478168487549,0.8859903216362
5604,21.4686887403354,21.47999968950927,0.011310949173871876,0.9061376452445984,0.9405379295349121
5605,25.906381879742312,37.03501052525654,11.128628645514226,0.540916919708252,0.9550051689147949
5606,33.82439013074075,33.82443952664732,4.939590656505288e-05,0.9637064337730408,0.9637061953544617
5607,22.382437615838334,22.3825765777123,0.0001389618739651155,0.9642174243927002,0.9642190933227539
5609,34.78069317927907,34.78076424316315,7.106388407862596e-05,0.956341564655304,0.956341028213501
5610,33.41879081745556,41.04495478678351,7.626163969327948,0.8357521891593933,0.9821586608886719
5611,27.126383289377237,27.126394767900898,1.147852366045754e-05,0.8991177678108215,0.8991175293922424
5612,30.641264928588757,38.42539265262867,7.784127724039916,0.7926254272460938,0.971193253993988
5613,27.119998369074885,27.27298579074732,0.15298742167243518,0.898410975933075,0.9146715998649597
5614,20.756932842295498,20.77714318992434,0.02021034762884355,0.721810519695282,0.726510226726532
5615,29.790334236601964,29.790698460035877,0.0003642234339125139,0.9911611080169678,0.9911629557609558
5616,29.98894509633228,39.59719931533475,9.608254219002468,0.7102375030517578,0.9713566303253174
5617,28.879873674362308,29.32674029101342,0.4468666166511106,0.8884994387626648,0.9184380173683167
5620,26.072532779360365,26.08177062101943,0.009237841659064827,0.8592705130577087,0.8615047931671143
5621,30.494649212089016,38.984994318142974,8.490345106053958,0.7735505700111389,0.9702398180961609
5622,25.44036481401324,25.60617157354885,0.16580675953560942,0.8471153378486633,0.8669021725654602
5624,27.471752691533723,28.697046089688754,1.2252933981550314,0.8299389481544495,0.9792957305908203
5625,27.122974206344274,27.124629518731727,0.0016553123874523124,0.8427293300628662,0.8428701758384705
5628,23.808209702126838,23.81556831746993,0.007358615343090236,0.7956058979034424,0.7984282374382019
5630,24.25274663108372,29.137228612103904,4.884481981020183,0.7970663905143738,0.9571353793144226
5632,27.462656857508932,28.481208782946908,1.0185519254379756,0.4348710775375366,0.5349081158638
5633,32.47026336935456,40.27055783497869,7.800294465624127,0.8197959065437317,0.9762805104255676
5637,28.017977829423835,28.45365399567372,0.43567616624988403,0.8718435168266296,0.9073602557182312
5640,27.993876868207987,37.17654494039324,9.182668072185255,0.5570743083953857,0.9272775053977966
5641,26.782627387448667,26.99257200550273,0.20994461805406317,0.8481254577636719,0.8516767024993896
5642,29.63420821952593,37.368175067395796,7.7339668478698655,0.7788681983947754,0.9572327733039856
5643,33.495181881336286,33.495218060992,3.617965571578452e-05,0.9531770348548889,0.9531753659248352
5645,28.705660074744635,36.10323414699037,7.397574072245732,0.7435151934623718,0.9567069411277771
5648,29.179602705365927,37.585839121067565,8.406236415701638,0.7362325191497803,0.9678193926811218
5650,22.834377986573593,23.524845228497444,0.6904672419238516,0.8473479747772217,0.9619584679603577
5651,27.214609991796,27.21436187340285,-0.00024811839314864415,0.9744283556938171,0.9744278788566589
5654,33.330822735763455,33.330867097297826,4.4361534371262223e-05,0.9165218472480774,0.9165204167366028
5656,27.352828839307573,36.00372223263897,8.650893393331398,0.6765408515930176,0.9660050272941589
5658,27.07698732707881,31.956631671885184,4.879644344806373,0.9013813138008118,0.9688408374786377
5661,25.257227151154723,35.486161629128574,10.228934477973851,0.5706719756126404,0.9449490904808044
5662,29.934213294854718,29.93387916014118,-0.00033413471353682667,0.9959198832511902,0.9959196448326111
5664,26.869104880188782,37.424991596929466,10.555886716740684,0.34731748700141907,0.9830701947212219
5667,26.173949124492324,26.173981388008833,3.2263516509090095e-05,0.9662932753562927,0.9662983417510986
5668,14.1119090406854,32.39119906794276,18.279290027257357,0.07663241028785706,0.8323186039924622
5670,33.20761790597716,33.87687941956646,0.6692615135892979,0.8702728152275085,0.9042813181877136
5672,22.80006874389011,41.19737098967448,18.39730224578437,0.1673123687505722,0.9624045491218567
5674,24.870883832470344,24.871069762248943,0.0001859297785991032,0.9507226943969727,0.9507237076759338
5676,27.080709745790244,35.95357738657179,8.872867640781543,0.5513052940368652,0.9476229548454285
5677,29.337696385928037,34.67116937604025,5.3334729901122095,0.8278054594993591,0.9559333920478821
5678,48.13104659237845,48.13381021100504,0.002763618626588027,0.9998700022697449,0.9998700618743896
5679,29.807507608998574,36.974209817488195,7.166702208489621,0.8609094023704529,0.974837064743042
5681,30.93752740764095,31.84490690682296,0.9073794991820101,0.8298580050468445,0.903224527835846
5682,28.849862425063023,39.11599431440863,10.266131889345608,0.6329028606414795,0.9732334017753601
5683,26.069580438902207,26.671600175897005,0.6020197369947979,0.767509400844574,0.9769954085350037
5686,31.391352545339917,40.168464869550576,8.777112324210659,0.7580280900001526,0.9793397784233093
5688,30.79018639402845,30.790210349867536,2.395583908665344e-05,0.9305091500282288,0.9305090308189392
5690,25.028612544881167,31.054249807425116,6.025637262543949,0.562131941318512,0.9345203042030334
5691,26.126042145188492,30.13350616592053,4.007464020732037,0.9246933460235596,0.9730570316314697
5693,25.15464215965522,37.25533618885619,12.10069402920097,0.4708513021469116,0.957686722278595
5695,25.392170570111773,25.491129522978927,0.09895895286715373,0.7932024598121643,0.814969539642334
5697,26.729950245608926,37.64165884397948,10.911708598370552,0.5497464537620544,0.9666703343391418
5699,27.843465441414452,27.843484519449483,1.9078035030872798e-05,0.9101753830909729,0.910175621509552
5702,28.738683866280603,28.878728455412606,0.14004458913200324,0.9272320866584778,0.945438802242279
5703,23.40048632589681,27.32567904767034,3.9251927217735307,0.6188765168190002,0.9414580464363098
5704,28.173259371785036,28.209201141398253,0.035941769613216934,0.8546085357666016,0.8581807017326355
5705,26.114264477841324,27.935814742074704,1.8215502642333803,0.8274902701377869,0.9127808213233948
5706,29.024361403985537,37.44759580121738,8.423234397231845,0.7556323409080505,0.9587453007698059
5707,19.372636472484043,19.40709524224314,0.03445876975909812,0.7583565711975098,0.7638818621635437
5708,25.44893371598379,37.42011525654003,11.971181540556238,0.4444243907928467,0.950883150100708
5710,24.094882186117694,24.09514205826781,0.0002598721501172463,0.9776491522789001,0.9775962829589844
5711,26.292163113515183,26.54427484585248,0.25211173233729767,0.7804047465324402,0.7976239323616028
5713,32.85206541977713,32.85212148217176,5.6062394634182056e-05,0.9396983981132507,0.9396998286247253
5714,17.072957316210694,17.073630649396584,0.0006733331858903568,0.5965456962585449,0.5965656042098999
5716,27.377084421581067,35.54637149599843,8.169287074417362,0.6303337216377258,0.9582273960113525
5717,30.997123732075632,40.112177030972155,9.115053298896523,0.7290379405021667,0.9817410111427307
5719,25.71133680281558,25.709284450049907,-0.002052352765673504,0.9397008419036865,0.9443088173866272
5720,24.609153339339915,24.608669124515448,-0.00048421482446769915,0.8946848511695862,0.894665539264679
5721,26.32280765033022,36.47733738788777,10.154529737557553,0.622387170791626,0.9546653628349304
5726,23.971339739993663,31.17925194874725,7.207912208753587,0.4026748239994049,0.8134855628013611
5729,27.610838717327162,27.63844213423067,0.027603416903506428,0.9068328738212585,0.9077867865562439
5732,26.108181034927792,26.108455906942865,0.0002748720150727024,0.8188835978507996,0.819023072719574
5733,23.05412780158739,23.68109656182679,0.6269687602394001,0.8263835906982422,0.9487281441688538
5734,28.92681630501186,32.19331859396314,3.26650228895128,0.713148832321167,0.9217197895050049
5735,25.583251823589492,40.46036101682358,14.87710919323409,0.33641576766967773,0.9655022621154785
5736,30.493977869562908,30.572505120329332,0.07852725076642386,0.9035096168518066,0.9250746369361877
5737,30.771364644770248,34.61033159199552,3.83896694722527,0.8133082985877991,0.9771115183830261
5740,24.496168059578988,33.499359513651555,9.003191454072567,0.5901727676391602,0.9235954284667969
5741,20.526600354209165,20.526480724296242,-0.000119629912923358,0.9769507050514221,0.9769509434700012
5742,24.95357620843476,34.50920206465526,9.555625856220502,0.5846670269966125,0.9408743977546692
5745,26.502619173827874,34.68620726113243,8.183588087304557,0.5448712706565857,0.9623053669929504
5746,22.578082667545424,22.57823462373928,0.0001519561938572167,0.938334047794342,0.9383365511894226
5747,37.884086396347406,37.884365946401665,0.00027955005425894797,0.9966495633125305,0.9966500401496887
5748,24.827306340808406,24.82432291956175,-0.002983421246653961,0.9716421961784363,0.971235454082489
5751,25.99677193957172,26.14556689822148,0.14879495864976278,0.7982566952705383,0.83054119348526
5753,33.00918962694808,37.98632440748585,4.977134780537774,0.7216333746910095,0.8944242596626282
5754,32.40969650832204,41.30406986492186,8.894373356599814,0.7836098670959473,0.9765428900718689
5755,21.200220049300643,21.2002213823509,1.3330502568464908e-06,0.7623431086540222,0.7623434662818909
5756,23.082061948787103,23.77458205632488,0.6925201075377778,0.7113679051399231,0.9635417461395264
5757,27.861185612186862,29.778754283549723,1.9175686713628615,0.8679978251457214,0.935377836227417
5763,30.376215407811312,37.76167854764901,7.3854631398377,0.8198537230491638,0.970622718334198
5765,23.752038880821434,24.471278485430727,0.7192396046092924,0.7534229755401611,0.9646422266960144
5766,30.953143927868982,37.7597467534463,6.806602825577318,0.8070309162139893,0.9843365550041199
5767,25.479134772568873,25.521132168639525,0.041997396070652115,0.7609831690788269,0.7626062035560608
5771,18.94723272201701,18.94754505541681,0.0003123333998011901,0.9025915265083313,0.9025925993919373
5772,21.940369556590365,21.938404820753938,-0.0019647358364274226,0.8477888107299805,0.8633829951286316
5773,32.15321167011634,32.1532037844421,-7.885674243368612e-06,0.9463751912117004,0.9463741183280945
5774,28.343439814657238,28.34344464821278,4.833555543370949e-06,0.9365788102149963,0.9365820288658142
5775,25.037471495906914,33.73978170444002,8.702310208533106,0.6002602577209473,0.9220417141914368
5776,27.2958818993719,38.18958374383235,10.893701844460452,0.5189992785453796,0.9696709513664246
5777,26.38468409745501,26.384901822778737,0.00021772532372565934,0.9919584393501282,0.9919587969779968
5781,32.973157453237405,41.856632752321445,8.88347529908404,0.7097978591918945,0.9541122317314148
5784,28.589600867763288,38.15054939412817,9.560948526364882,0.6737805008888245,0.9660562872886658
5785,48.13080361371916,48.133578899917936,0.0027752861987764277,0.9999258518218994,0.9999257922172546
5788,22.685595725263198,24.94560649883299,2.2600107735697925,0.4764333665370941,0.9397952556610107
5790,24.321024713842124,24.32136302283042,0.0003383089882937895,0.8918266892433167,0.8918851017951965
5792,48.130804127401774,48.13360614258371,0.0028020151819347916,0.999910831451416,0.9999100565910339
5794,31.623052034075663,38.44093881641021,6.817886782334547,0.8744277358055115,0.9819537997245789
5796,26.704354480960284,34.160190258846306,7.455835777886023,0.7757404446601868,0.9582290053367615
5797,24.484608115569078,24.484944074974592,0.0003359594055147852,0.9491254687309265,0.9491255283355713
5799,24.736463411897912,31.70648768378541,6.9700242718875,0.7388685345649719,0.9534404277801514
5800,24.829246418288843,27.36859907892275,2.539352660633906,0.6454002261161804,0.9533129334449768
5801,30.52477983617849,32.63996626961773,2.1151864334392414,0.8220756649971008,0.957284152507782
5802,19.735722064027243,19.736351223817476,0.0006291597902325918,0.9623351693153381,0.9624948501586914
5804,26.26350375753983,36.25138631618412,9.987882558644287,0.5520584583282471,0.9408845901489258
5805,37.298387961685926,37.29845072677222,6.276508629099453e-05,0.9811787009239197,0.9811787009239197
5806,23.536938666175175,23.71548667550917,0.17854800933399417,0.8293209075927734,0.876946747303009
5807,25.450904225699308,27.605469351027043,2.1545651253277356,0.6024627089500427,0.9723811149597168
5809,29.210715574161377,38.23419883893181,9.023483264770434,0.6822677254676819,0.9730355143547058
5812,33.165230571676474,37.87678525605458,4.7115546843781075,0.9215102791786194,0.9763333201408386
5813,24.733504135772257,35.862156733167666,11.128652597395408,0.48910829424858093,0.9479572176933289
5815,28.976954331969647,37.64480555198193,8.667851220012285,0.7695181965827942,0.9685285687446594
5816,24.226975651901633,24.22723900005721,0.00026334815557760294,0.8253376483917236,0.825366199016571
5818,26.494995667645377,27.48069636680707,0.9857006991616934,0.8071371912956238,0.9731065630912781
5819,28.870605761161663,30.222411575039082,1.3518058138774194,0.8841577172279358,0.9348414540290833
5820,21.777370095749337,23.524331631604078,1.7469615358547408,0.6373814940452576,0.8883545398712158
5821,30.52717640467725,30.527124173408268,-5.223126898101782e-05,0.9332725405693054,0.9332700371742249
5824,24.364110505537475,24.393257391554197,0.029146886016722107,0.7531094551086426,0.756597101688385
5829,36.02491854096439,36.88203959481657,0.8571210538521754,0.9222251772880554,0.9470188021659851
5830,29.992333801122314,29.99234843726262,1.4636140306834022e-05,0.9406517148017883,0.9406518340110779
5831,27.779467383197776,27.782220478057926,0.002753094860150185,0.8945690989494324,0.8947751522064209
5833,30.125541743717157,39.41924918965519,9.293707445938033,0.7258653044700623,0.9732481837272644
5835,33.26346117454756,41.881631705584354,8.618170531036796,0.8362443447113037,0.9809317588806152
5836,26.907745033736248,26.923408411333604,0.015663377597356032,0.8754135966300964,0.8783714771270752
5840,30.752610586461895,40.565855730125946,9.813245143664052,0.6883358359336853,0.9768683314323425
5841,27.150324193350283,27.150090212654003,-0.0002339806962794455,0.9908738136291504,0.9908716082572937
5842,24.918792225241937,35.77872128412039,10.85992905887845,0.47889089584350586,0.950839102268219
5843,32.04659928973298,32.0947166943839,0.04811740465091674,0.9295907020568848,0.9298895001411438
5846,35.73838393336216,35.73838582846569,1.895103530102915e-06,0.9718966484069824,0.9718964099884033
5849,28.58365422833952,38.40573381562989,9.822079587290368,0.6343619227409363,0.9684977531433105
5851,29.512720730787546,31.45076503719813,1.9380443064105854,0.7586460113525391,0.8968263268470764
5853,25.54701711287518,32.35273685005505,6.805719737179871,0.7596494555473328,0.9379799962043762
5854,30.580978304899595,30.601266098718973,0.020287793819377953,0.965687096118927,0.9674785733222961
5855,25.636465954077178,25.64402076076241,0.007554806685231341,0.8150508999824524,0.8163506388664246
5856,22.857023059577006,27.532546759798322,4.675523700221316,0.4357301890850067,0.9288778305053711
5858,32.83302710677765,39.26018776500711,6.427160658229461,0.895835816860199,0.9817693829536438
5859,29.665008982090114,29.664686973327306,-0.0003220087628079682,0.9972681403160095,0.9972679615020752
5860,32.44205709940917,36.98572049252565,4.543663393116482,0.8418684005737305,0.9407772421836853
5861,31.570390979454377,41.52452267343658,9.954131693982202,0.7110446095466614,0.9838529229164124
5862,25.358659895077487,34.256626875931225,8.897966980853738,0.6368679404258728,0.9375963807106018
5863,23.5599498057746,23.564367546454662,0.004417740680061399,0.8615990281105042,0.8621421456336975
5864,36.64966674819014,36.64915164089698,-0.0005151072931610656,0.9892404675483704,0.989234983921051
5865,29.92560818848859,29.925637511512267,2.9323023678529125e-05,0.8807775974273682,0.8807770609855652
5866,31.77998481185319,31.780070886585904,8.60747327138256e-05,0.9839794635772705,0.9839792847633362
5868,25.00964319729913,25.0093160087075,-0.0003271885916298345,0.8376280665397644,0.8376162648200989
5870,32.74066244438793,38.928979754784464,6.188317310396535,0.8734875321388245,0.9710564017295837
5872,26.45163282848797,37.96290654970642,11.511273721218448,0.5136656761169434,0.9648394584655762
5873,27.167109480850904,35.56558928031132,8.398479799460418,0.742486298084259,0.9582421183586121
5874,26.295883083025004,32.86489965813261,6.569016575107604,0.5954077839851379,0.885338306427002
5876,27.436405351484083,27.43602040312323,-0.0003849483608533433,0.9023597240447998,0.9023182392120361
5877,32.51462796516867,39.0462941810814,6.531666215912729,0.8715248703956604,0.9811720848083496
5878,32.06356505059994,33.157725752835965,1.0941607022360245,0.8986919522285461,0.9504734873771667
5879,32.68241230564708,39.256800569676585,6.574388264029508,0.9052831530570984,0.9820459485054016
5880,28.935998508892315,39.442168026259566,10.506169517367251,0.6226985454559326,0.9686065316200256
5882,31.107150512050982,35.981240815082856,4.874090303031874,0.8694626688957214,0.9718058705329895
5883,27.994055580299722,27.994088711335102,3.31310353800518e-05,0.9637165665626526,0.9637184143066406
5884,33.935307389126066,34.49446560524946,0.559158216123393,0.911402702331543,0.9340189099311829
5889,31.621643508937673,33.50978533365851,1.8881418247208401,0.8203856348991394,0.9131223559379578
5892,21.14563538976465,23.004793878978816,1.8591584892141668,0.4780028164386749,0.8549631237983704
5896,27.067253327124252,37.15543930887424,10.08818598174999,0.556341826915741,0.9402783513069153
5897,29.7452463778508,29.743797204913665,-0.0014491729371357565,0.9940302968025208,0.9940161108970642
5898,32.31628563210938,34.753949107466575,2.4376634753571977,0.8000687956809998,0.9419188499450684
5901,28.019996993404913,32.292267819176665,4.272270825771752,0.6552345156669617,0.9049137234687805
5906,22.98410415004435,22.997308972606,0.013204822561650786,0.6319475173950195,0.6336596012115479
5907,36.08966799795762,36.090398013053665,0.0007300150960460883,0.9993681311607361,0.9993675351142883
5910,23.960084038186103,30.53223953925834,6.572155501072238,0.5955881476402283,0.8958198428153992
5911,26.084106959632294,36.549823821920995,10.465716862288701,0.5667381286621094,0.9490480422973633
5913,26.71794910322361,36.27849278145158,9.560543678227972,0.6579120755195618,0.9564731121063232
5916,23.910535932301645,23.9105379228289,1.990527255912866e-06,0.8016228675842285,0.8016218543052673
5917,32.99101310201809,39.15714605055771,6.1661329485396195,0.9062547087669373,0.9816882014274597
5918,25.040122542936736,37.43258126659452,12.392458723657782,0.4274871051311493,0.9468409419059753
5919,26.85047258044511,26.85047943532874,6.8548836296145055e-06,0.8675508499145508,0.8675508499145508
5920,14.244548702796413,27.471689419094364,13.227140716297951,0.14817677438259125,0.8337292671203613
5922,30.38918065151915,30.71911186727393,0.32993121575477957,0.8404938578605652,0.880471408367157
5926,25.011775173302063,38.13122916922089,13.119453995918825,0.3938632011413574,0.961475670337677
5927,35.383151630543594,35.38323632511815,8.469457455362317e-05,0.9757288098335266,0.9757280945777893
5930,34.03126061642595,34.0313181784303,5.756200434348102e-05,0.955716609954834,0.9557158946990967
5932,25.419442709513955,25.419651207014265,0.00020849750031004533,0.9652147889137268,0.9652166962623596
5934,28.29882817103416,31.88100823952652,3.5821800684923595,0.7247397899627686,0.9712247252464294
5935,26.487687274045868,35.237280531273605,8.749593257227737,0.5806999206542969,0.9201840758323669
5937,29.29916058537406,38.46121384911974,9.162053263745676,0.7492561340332031,0.9724653363227844
5941,29.232938296288285,29.232520095808727,-0.00041820047955809514,0.9968834519386292,0.9968841075897217
5942,29.010888158306262,38.205514565831386,9.194626407525124,0.6732856631278992,0.9517795443534851
5944,23.71613663503053,25.075895744052517,1.3597591090219865,0.8611347079277039,0.9615430235862732
5945,19.237544724466463,20.531120395116368,1.2935756706499042,0.6829854846000671,0.9329288005828857
5947,24.937884328467668,30.66787976842125,5.7299954399535835,0.8745473027229309,0.9653006196022034
5950,25.609202115759373,25.66929281979761,0.06009070403823813,0.8336897492408752,0.8346209526062012
5951,14.95704066029295,25.929336795367167,10.972296135074217,0.16758406162261963,0.8902120590209961
5953,23.975757654931638,25.47944292395847,1.5036852690268319,0.7046146988868713,0.9568818211555481
5954,35.02693654926772,35.41597764032805,0.389041091060335,0.9501526355743408,0.9606640934944153
5956,29.687391299582607,32.409827715300395,2.7224364157177874,0.7399980425834656,0.9147756695747375
5957,31.84306053965446,31.98948872897081,0.1464281893163495,0.9058462977409363,0.9150556921958923
5958,33.16049562328625,40.98517478096738,7.824679157681125,0.817875862121582,0.9744918942451477
5959,25.98784421884197,29.66614650067488,3.6783022818329094,0.8643283247947693,0.9602987766265869
5961,30.569712449205625,35.58821300707511,5.018500557869487,0.7688516974449158,0.9785189628601074
5962,28.85859163123335,29.263909505382184,0.40531787414883524,0.9066624641418457,0.9222131371498108
5965,32.43753362787054,39.65290719714162,7.21537356927108,0.7832443118095398,0.9733453392982483
5968,28.025383671668752,28.024541141586568,-0.0008425300821848225,0.8982107043266296,0.9010340571403503
5969,24.360100995112347,34.74175192873771,10.381650933625366,0.5607343316078186,0.9457209706306458
5970,22.954424583071354,26.18245781166047,3.2280332285891156,0.6117462515830994,0.8883498311042786
5971,27.52410125857638,34.425099740092506,6.900998481516126,0.8178207278251648,0.9643097519874573
5972,35.54493527246481,35.545542063151636,0.0006067906868238993,0.9994080066680908,0.9994134902954102
5973,26.150555913977804,34.77844671595852,8.627890801980719,0.7125813364982605,0.956740140914917
5975,31.974832012437425,35.78302766714176,3.8081956547043347,0.8303025364875793,0.9591031074523926
5976,27.439451681052486,36.93087700591856,9.491425324866075,0.6532719731330872,0.9557051658630371
5977,27.978577610346683,35.76380948290295,7.785231872556267,0.736410915851593,0.9566843509674072
5978,32.13297236583309,37.367233963513215,5.234261597680124,0.9227393269538879,0.9817629456520081
5979,30.670219181185907,33.65722494780756,2.9870057666216567,0.8722484707832336,0.943448543548584
5980,33.25184937526148,33.251889997609226,4.062234774693252e-05,0.9399945139884949,0.9399927258491516
5981,28.26959172526206,30.15891680025304,1.8893250749909782,0.8907219767570496,0.9752711653709412
5982,26.596687620878896,35.4542573170378,8.857569696158905,0.6031824946403503,0.9464594721794128
5983,22.451487244992233,24.45366952003463,2.002182275042397,0.6531239151954651,0.8635373711585999
5984,23.773390469161527,28.687713579942326,4.914323110780799,0.5375552773475647,0.9389608502388
5985,28.428652091508706,28.428367256121913,-0.0002848353867932474,0.9950353503227234,0.9950346946716309
5988,29.067869961374313,32.97970659658286,3.9118366352085445,0.6626812815666199,0.8953337669372559
5989,31.285327702304436,37.30669610203523,6.021368399730797,0.8544377684593201,0.9660539627075195
5990,27.16489830938958,37.91824283808109,10.75334452869151,0.5683708190917969,0.9621055722236633
5994,29.220015161379376,29.30855124752625,0.08853608614687403,0.9041009545326233,0.9115387797355652
5996,30.991729369806635,30.99176716932334,3.779951670423998e-05,0.9534710049629211,0.9534709453582764
5998,31.388124011312005,31.85351366749011,0.4653896561781039,0.906956136226654,0.9463512897491455
5999,33.34781474441457,41.694621705420126,8.346806961005555,0.8295915722846985,0.9810144305229187
6003,30.469497865926527,30.469909380326392,0.0004115143998646431,0.9951379895210266,0.99513840675354
6005,33.06966295722137,44.68044840982006,11.61078545259869,0.713634192943573,0.9832940101623535
6012,25.210291089568813,36.68688707781709,11.476595988248278,0.4746021032333374,0.940330982208252
6013,28.66174268373632,28.661450687893144,-0.00029199584317751714,0.9898920655250549,0.9898921847343445
6014,20.914184075567505,20.913728799393173,-0.00045527617433194223,0.98236483335495,0.982260525226593
6015,19.665652603128123,19.6657559658535,0.00010336272537614377,0.9723703861236572,0.9723718762397766
6016,27.97657506922137,40.680869425167,12.704294355945635,0.426545649766922,0.9592744708061218
6017,38.67254992644722,38.6702018987045,-0.002348027742719694,0.9987246990203857,0.998709499835968
6020,11.596559553229781,26.864807238664422,15.268247685434641,0.07127953320741653,0.6518253087997437
6023,35.51041791806897,35.51042466129708,6.7432281127821625e-06,0.9664581418037415,0.9664563536643982
6024,26.38383353384014,33.71512218642787,7.33128865258773,0.6613559126853943,0.9464623332023621
6025,30.772668558190514,39.57429460016493,8.80162604197442,0.5741109848022461,0.9860796928405762
6026,21.723211998085446,21.723370786022855,0.00015878793740853325,0.960231363773346,0.9602368474006653
6027,25.09188392563589,30.77488290684135,5.682998981205458,0.8398048877716064,0.9509821534156799
6031,29.529894809145667,38.85051986357595,9.32062505443028,0.7371065616607666,0.9728691577911377
6032,45.63623467091203,45.63639201292943,0.0001573420173954787,0.9994485378265381,0.9994468688964844
6033,34.29785191794902,34.29859801200882,0.0007460940597994181,0.9091488718986511,0.9091776013374329
6035,27.560274955451675,38.178784068377276,10.6185091129256,0.5558249950408936,0.9597420692443848
6036,28.156453906945515,39.683653598689375,11.52719969174386,0.5834782719612122,0.9642683863639832
6037,26.720044950595117,26.720284431811614,0.00023948121649652876,0.987480878829956,0.9874821305274963
6039,38.58837909008437,38.5893193452649,0.0009402551805237636,0.9998862743377686,0.9999014735221863
6040,28.71166389377653,37.6449720049514,8.933308111174867,0.72255939245224,0.9612419009208679
6041,28.79653973725802,28.79623317189374,-0.00030656536427997594,0.9934044480323792,0.9934042096138
6042,37.42408035825536,39.21211455685096,1.7880341985956036,0.9253237843513489,0.9637091159820557
6043,19.15376658545842,20.4382750199615,1.2845084345030813,0.49256935715675354,0.9354403614997864
6044,25.042751312822528,36.48921263431239,11.44646132148986,0.4741600453853607,0.954326331615448
6045,38.99291429572937,38.99308419991985,0.00016990419047857586,0.9799715876579285,0.9799706339836121
6046,30.345241549679667,31.999182607528624,1.6539410578489573,0.8248701691627502,0.9269087314605713
6048,32.57142214352422,36.11725894185064,3.5458367983264267,0.934889554977417,0.9856109619140625
6051,32.596114828134745,40.07681726823069,7.480702440095946,0.8157404065132141,0.9755682349205017
6054,27.734430277849746,34.244115904223335,6.509685626373589,0.20827285945415497,0.47233688831329346
6055,30.14840294963028,38.62483280908863,8.47642985945835,0.7757527828216553,0.9715988039970398
6057,33.276635077113205,33.2771264359035,0.0004913587902919403,0.9986679553985596,0.9986687302589417
6058,22.810899932591507,22.83960021238117,0.02870027978966405,0.8656746745109558,0.8745964169502258
6059,30.875887498327202,32.39532387092622,1.5194363725990172,0.8321974277496338,0.9225561022758484
6060,31.46704729645567,31.92626364594215,0.4592163494864785,0.9226994514465332,0.9483513832092285
6061,26.6914989488875,34.950418419383425,8.258919470495925,0.6357989311218262,0.9206812381744385
6063,12.417714260396671,19.06717409526825,6.649459834871578,0.35790112614631653,0.7138878703117371
6064,24.85646703355444,28.058442915525184,3.2019758819707427,0.6286278367042542,0.8810989260673523
6066,20.948264758959674,22.88872447425876,1.9404597152990846,0.7131184935569763,0.9236454367637634
6067,28.41954415273767,32.66209065410032,4.242546501362646,0.7338292002677917,0.9408721923828125
6069,38.94577869551287,38.945875867988434,9.71724755629566e-05,0.9974634051322937,0.9974634647369385
6071,26.694238088447083,37.8642656440299,11.170027555582816,0.5134081840515137,0.9544230103492737
6072,22.838078406718548,22.854323210249174,0.016244803530625518,0.7958658337593079,0.8049549460411072
6074,12.869244212541034,17.642131318101548,4.772887105560514,0.33012309670448303,0.6418270468711853
6076,33.46721014302693,41.34386914321414,7.87665900018721,0.8398106694221497,0.9808173775672913
6079,24.197544570161217,32.668835439419524,8.471290869258308,0.41125762462615967,0.9220381379127502
6080,33.88637055316503,42.28815348245219,8.401782929287158,0.789888322353363,0.9787225723266602
6082,26.07949293687595,33.68229997677979,7.602807039903837,0.7706189751625061,0.9545060992240906
6084,26.257849361006716,36.32308826309558,10.065238902088861,0.6220983266830444,0.9500074982643127
6085,24.567537320175962,24.984433267327116,0.4168959471511542,0.7153685688972473,0.820912778377533
6087,33.663206459889665,34.11462424203931,0.45141778214964745,0.9179256558418274,0.9456208348274231
6088,29.265622864650574,34.897731737621434,5.632108872970861,0.6869320869445801,0.9409506916999817
6091,25.779869203578556,25.787477375063318,0.007608171484761783,0.872173011302948,0.8744978308677673
6093,25.255844501319643,36.01311540791407,10.757270906594428,0.5246517062187195,0.9481893181800842
6094,25.56853385500787,25.65394184048474,0.0854079854768699,0.8038253784179688,0.8124760985374451
6095,31.665926718172575,37.308786080376336,5.642859362203762,0.9287391304969788,0.9828196167945862
6097,26.232802774118888,26.233017264010638,0.00021448989174999156,0.9800553917884827,0.9800565838813782
6098,30.437471758022742,34.94254245800611,4.505070699983367,0.8249139785766602,0.9483077526092529
6100,22.84042860360513,24.63443335747341,1.794004753868279,0.6625701189041138,0.9504554271697998
6101,37.955477725866885,37.953201770772566,-0.0022759550943192153,0.9983043670654297,0.9982860684394836
6102,29.7502817210046,29.763076401673384,0.012794680668783087,0.9068397879600525,0.9077463150024414
6103,26.40167525035066,36.87882446514924,10.477149214798583,0.5020855069160461,0.9435879588127136
6106,22.79342298442471,22.793535337564407,0.00011235313969848448,0.9580232501029968,0.9580228924751282
6108,29.4870860607827,31.767730495297364,2.280644434514663,0.9302706718444824,0.9799136519432068
6109,25.646153439623845,25.726949827664257,0.08079638804041167,0.8516303896903992,0.8568382859230042
6110,24.667145172807324,24.689445774875693,0.022300602068369813,0.8251567482948303,0.8310794830322266
6111,24.262556046980034,24.306578348940455,0.04402230196042112,0.788609504699707,0.7939310073852539
6112,27.057717758651396,34.91718975709878,7.859471998447386,0.7256450057029724,0.9479667544364929
6113,29.25219534657245,29.252335800843984,0.0001404542715341961,0.9810993075370789,0.9810976386070251
6114,28.087062645782733,35.92413888145992,7.837076235677184,0.7958827614784241,0.9677484631538391
6116,28.853066946621965,34.207253662284,5.354186715662038,0.5811916589736938,0.9549617767333984
6117,48.130936659546386,48.13370277832349,0.002766118777103088,0.9997860789299011,0.9997873306274414
6118,30.035829883844258,30.036149523729073,0.00031963988481464867,0.9947870373725891,0.9947860836982727
6120,30.19452395161546,30.194861568868433,0.0003376172529740984,0.9975940585136414,0.997596800327301
6121,35.46065278870796,35.46071545326698,6.2664559017378e-05,0.9647017121315002,0.9647016525268555
6122,27.543955287997896,32.76095162746953,5.216996339471635,0.8417877554893494,0.9607908725738525
6123,30.61597992311259,38.37286834543387,7.756888422321282,0.7929601669311523,0.972386360168457
6124,32.61417306656521,32.6146466023487,0.00047353578349174086,0.9944424033164978,0.9944431781768799
6125,23.6695407525586,23.669705525086243,0.00016477252764346417,0.9805288910865784,0.9805298447608948
6126,24.312337810440603,25.971531110013157,1.6591932995725536,0.6958448886871338,0.8941784501075745
6129,26.231956810351377,29.07373459303844,2.841777782687064,0.631138265132904,0.953379213809967
6130,28.655937658649158,38.044135469261796,9.388197810612638,0.6676773428916931,0.9573891162872314
6131,27.750037255956364,36.568456667909146,8.818419411952782,0.6854813694953918,0.9666268229484558
6132,24.23711966325748,24.23712234573784,2.682480360505224e-06,0.8018338084220886,0.8018341064453125
6133,36.84801653566292,36.848117160930954,0.00010062526803267247,0.9757325649261475,0.9757325649261475
6135,32.11681695130954,32.59234594097191,0.4755289896623722,0.8969683051109314,0.9337413907051086
6137,22.616917522292304,22.616896833592858,-2.0688699446935743e-05,0.8339990973472595,0.8340113759040833
6138,36.88767813285604,36.88777381673185,9.568387581282423e-05,0.9655170440673828,0.9655168652534485
6143,23.461149906849094,26.726405661670384,3.2652557548212897,0.4669400155544281,0.9405717849731445
6144,22.635957379987047,24.83180408334693,2.1958467033598836,0.6646977663040161,0.8099884986877441
6149,33.77432283056359,33.774365330470985,4.2499907394244474e-05,0.9376075267791748,0.9376069903373718
6150,23.811918827757097,31.044926248564117,7.23300742080702,0.6645123362541199,0.932156503200531
6153,31.73952830048883,32.53696913695725,0.797440836468418,0.8733832240104675,0.9217004776000977
6156,26.524804819202213,34.389819891895826,7.8650150726936126,0.49268054962158203,0.8578309416770935
6157,26.465539390468216,29.903268001830284,3.4377286113620684,0.6724734306335449,0.9335565567016602
6158,28.009064301127914,39.84066459310161,11.831600291973693,0.527329683303833,0.9640362858772278
6160,33.033009242790584,40.777062484139066,7.744053241348482,0.8055451512336731,0.9854782223701477
6161,28.59967240543731,39.79437570769767,11.194703302260358,0.5932549834251404,0.9703014492988586
6162,37.974833196938945,37.6434392619978,-0.331393934941147,0.9873656630516052,0.9817166328430176
6163,28.907220334722687,29.006625013700532,0.09940467897784444,0.9033820033073425,0.9091249108314514
6165,30.608898594579415,35.82073498094388,5.211836386364467,0.6036166548728943,0.9748608469963074
6166,25.303556272676087,29.170246320211316,3.8666900475352293,0.757374107837677,0.9447701573371887
6167,25.759457643036917,27.893709457333472,2.1342518142965545,0.8455994725227356,0.9204874038696289
6169,29.969540685703244,29.969535163137024,-5.52256621944025e-06,0.9568498134613037,0.9568497538566589
6170,31.356867861000314,37.28997784608395,5.933109985083636,0.9329931735992432,0.9845268130302429
6171,23.326259457312585,26.66042865759749,3.3341692002849044,0.42299315333366394,0.9562406539916992
6172,26.156063895462303,29.059082747465407,2.903018852003104,0.7926542162895203,0.959428071975708
6178,27.734400870080126,27.734414073543896,1.3203463769428936e-05,0.9062389731407166,0.9062390327453613
6179,29.930587490066614,30.143468951616377,0.21288146154976317,0.9183318614959717,0.9324393272399902
6182,26.690576690124225,27.68740899919495,0.9968323090707258,0.8211763501167297,0.9291991591453552
6184,20.53082558562942,20.530654650999764,-0.00017093462965434014,0.9746341705322266,0.9746173024177551
6185,29.079248041403154,29.19018499179812,0.1109369503949651,0.8583142161369324,0.85943204164505
6186,26.238514792098346,35.68951655800389,9.451001765905541,0.599794864654541,0.9286727905273438
6187,31.865715618481403,32.02705204313801,0.1613364246566107,0.9307920336723328,0.937512218952179
6188,20.95440318650131,20.968509440321487,0.014106253820177272,0.8039010167121887,0.8053992390632629
6189,22.67057098623299,26.717115225873922,4.046544239640934,0.4514292776584625,0.7811498641967773
6190,32.90706538938922,32.907084150369734,1.8760980516674408e-05,0.9757275581359863,0.9757269024848938
6191,22.925378384784317,23.508388466229118,0.5830100814448009,0.9294798970222473,0.9655959010124207
6193,34.55138638288847,34.55144009374217,5.371085370597939e-05,0.9583263397216797,0.9583263993263245
6194,26.17326661873213,33.57994582575902,7.40667920702689,0.5485525727272034,0.8382787704467773
6195,24.711196932329486,24.71104135736585,-0.00015557496363527434,0.9815452694892883,0.9815464019775391
6198,25.766098515691752,26.462625454628494,0.6965269389367421,0.7425687313079834,0.855760395526886
6201,24.034543829011614,24.034679011213033,0.00013518220141861548,0.9809055924415588,0.9808545112609863
6202,21.449881009705383,23.234950552472654,1.7850695427672711,0.49282893538475037,0.9512850642204285
6203,29.234064714284365,34.71583435278737,5.481769638503003,0.9072335362434387,0.9755626320838928
6204,28.10030765843685,34.34691442439336,6.2466067659565105,0.8736248016357422,0.9705872535705566
6205,29.1067199045612,29.24061117707523,0.1338912725140311,0.8907449841499329,0.9079024195671082
6206,32.06268738369552,42.14014805827773,10.077460674582213,0.7622689604759216,0.9819746017456055
6208,24.0549177150032,24.05509777749866,0.00018006249545976516,0.9752618670463562,0.9752629399299622
6209,23.041688720363315,23.041848424942938,0.00015970457962311002,0.9669826030731201,0.9669855237007141
6212,27.37324115695928,27.373528897248626,0.00028774028934464013,0.9403619766235352,0.9403784871101379
6215,29.000011222150942,29.601662574878567,0.6016513527276253,0.8938420414924622,0.9338621497154236
6219,29.119841489166607,29.119861305387353,1.9816220746093904e-05,0.9338324666023254,0.9338324069976807
6220,23.542276098217485,23.54211197565165,-0.00016412256583464568,0.9774265289306641,0.9774260520935059
6221,28.45524927963009,33.28018604545179,4.8249367658217,0.7268808484077454,0.8553541302680969
6223,27.75457932544963,38.08850915984748,10.333929834397853,0.6139095425605774,0.9682925343513489
6224,27.93347932283669,37.85858766244881,9.925108339612123,0.5014300346374512,0.9183745384216309
6226,24.78692499766741,35.068164761333726,10.281239763666317,0.5444535613059998,0.9396488070487976
6228,25.284760276415746,25.295387615054263,0.010627338638517614,0.857020378112793,0.8649587035179138
6230,25.175612238046604,28.00107225554347,2.825460017496866,0.6658654808998108,0.9149313569068909
6232,31.24866507550721,48.10834910967237,16.85968403416516,0.5567877292633057,0.990302324295044
6235,27.176477644933563,37.66258514890659,10.486107503973024,0.577831506729126,0.9664268493652344
6236,26.39684415603583,30.96857130335089,4.571727147315059,0.5747354030609131,0.9363572001457214
6243,25.225072615142047,25.227766589758602,0.0026939746165552947,0.8708767890930176,0.8712465167045593
6245,26.782215740901467,33.17465507332366,6.392439332422196,0.8813193440437317,0.9719701409339905
6246,30.465334497261857,31.274384485930145,0.8090499886682885,0.8913693428039551,0.9250392913818359
6247,27.25846723428919,37.47105427419463,10.21258703990544,0.5873186588287354,0.9551222324371338
6248,24.51789751671057,37.81011128094748,13.292213764236912,0.3796941339969635,0.9570894241333008
6250,21.108957821831986,21.109190437820864,0.00023261598887813761,0.8773646950721741,0.87739497423172
6251,26.161066244614855,37.414753695462274,11.25368745084742,0.5147427916526794,0.9576961398124695
6253,35.2989917975565,35.29906501817857,7.322062206327473e-05,0.9696397185325623,0.9696393609046936
6256,24.58619816031216,32.83717069011274,8.250972529800581,0.7187984585762024,0.9471498131752014
6257,31.649147217337166,31.93263144357021,0.2834842262330426,0.9265950322151184,0.9372057914733887
6258,29.921218430055507,29.982743106809412,0.06152467675390483,0.8933960795402527,0.8982691764831543
6259,26.02214737708835,31.49699442158183,5.474847044493483,0.8604019284248352,0.9565145373344421
6260,25.737923352971386,34.172008881089695,8.43408552811831,0.6871498227119446,0.9494875073432922
6265,27.301733077846762,27.30173796707725,4.889230488913654e-06,0.9295203685760498,0.9295201897621155
6269,30.576965122405184,37.443301185995374,6.8663360635901896,0.8530256152153015,0.973793089389801
6272,28.738119326667274,34.54628543824019,5.808166111572916,0.8935439586639404,0.9749590754508972
6275,24.278729405570587,31.698496431317405,7.419767025746818,0.252925306558609,0.9226568341255188
6277,25.470249926624344,38.31153946198106,12.841289535356719,0.42723050713539124,0.9538978934288025
6278,32.57805081234277,32.57808147754802,3.0665205251523275e-05,0.9801604151725769,0.9801591038703918
6283,29.810327327387995,29.810000169402684,-0.0003271579853105777,0.9922976493835449,0.992296040058136
6284,32.37971029540804,41.66969172103507,9.289981425627033,0.7637818455696106,0.9776409268379211
6286,25.47138283976722,36.4344666724178,10.963083832650579,0.48990169167518616,0.9459739327430725
6288,30.003693147560856,38.42345933358558,8.419766186024727,0.7871366143226624,0.9761654734611511
6289,34.22514021893153,34.22518134864205,4.1129710524501206e-05,0.9727644324302673,0.9727644920349121
6290,21.302406876748584,21.82576080919226,0.5233539324436762,0.8924196362495422,0.9634167551994324
6292,26.712092555861414,35.25094491447613,8.538852358614715,0.7131302952766418,0.9510343074798584
6293,20.566171286741017,22.778839853065453,2.212668566324435,0.5073909759521484,0.9266592860221863
6294,26.472214090344576,35.130212623261144,8.657998532916569,0.6809267997741699,0.9534165859222412
6295,24.71614383006871,39.42975468269414,14.713610852625429,0.3086599111557007,0.9484623074531555
6296,29.781186643435,35.12908631637465,5.347899672939647,0.9221949577331543,0.9803779721260071
6297,31.25819951410126,31.257805049960247,-0.0003944641410136285,0.9957277178764343,0.9957270622253418
6298,26.74706879778278,26.747275347880183,0.00020655009740266905,0.98973149061203,0.9897294044494629
6299,29.415629347097326,40.164630467083825,10.749001119986499,0.6161372661590576,0.9730985760688782
6300,27.612514341187158,33.2281254742183,5.615611133031145,0.6127615571022034,0.9295060634613037
6301,23.555089469082155,29.70019428247021,6.1451048133880555,0.5135341286659241,0.9484453201293945
6302,32.44515082809592,41.6963781856039,9.251227357507979,0.7428329586982727,0.9788692593574524
6303,23.964612950047943,23.964976757112836,0.0003638070648932512,0.8974594473838806,0.8976332545280457
6305,31.941181186141016,33.00715412695928,1.0659729408182628,0.882993221282959,0.9417092800140381
6306,17.40594209771259,17.408680647764825,0.0027385500522356665,0.6938576698303223,0.6945255398750305
6308,33.48343689413395,40.27865008454864,6.795213190414685,0.8805623054504395,0.9801726341247559
6309,30.289032106437755,30.289398498181185,0.00036639174343022773,0.9961217045783997,0.9961207509040833
6312,29.47475103994553,29.475018498973803,0.00026745902827229884,0.9437482953071594,0.9437708258628845
6315,27.263131929689358,30.98643655768217,3.7233046279928104,0.8193672299385071,0.9377670288085938
6318,49.60888678301594,49.60563239883208,-0.0032543841838617027,0.9997909665107727,0.9997897148132324
6319,21.502490542824443,21.502625741177326,0.0001351983528827816,0.9423816800117493,0.9423842430114746
6320,36.08987656117824,36.09058657313489,0.000710011956655876,0.999302089214325,0.9993007183074951
6322,27.920946349598424,35.546303503739196,7.625357154140772,0.8035708069801331,0.9670052528381348
6323,26.712685444820323,26.7129136100587,0.00022816523837576597,0.9784257411956787,0.9784278869628906
6324,22.612339963813973,23.261253530617303,0.6489135668033299,0.8970600962638855,0.9526663422584534
6326,25.529486396312993,35.984348776829144,10.45486238051615,0.572283923625946,0.953167736530304
6330,37.92242098260412,37.92254162593363,0.00012064332950956214,0.9880244135856628,0.9880232214927673
6334,29.006513199706482,34.00637906477762,4.999865865071136,0.8767183423042297,0.972528874874115
6335,26.62090518592902,35.20509370031418,8.584188514385161,0.6845359206199646,0.9473939538002014
6336,25.650999911573066,36.19617035868521,10.545170447112142,0.5342293977737427,0.95758455991745
6337,21.561548011288426,21.561782997213577,0.00023498592515025507,0.9594497680664062,0.9594479203224182
6338,29.92331911873459,32.36992548680832,2.4466063680737307,0.8214459419250488,0.9758082032203674
6340,36.88080305665808,36.88158217028038,0.0007791136223005424,0.9992828369140625,0.9992840886116028
6341,25.987620227170147,33.62585982422053,7.638239597050379,0.6407185196876526,0.9333415031433105
6343,27.418803266222195,27.419068367390263,0.00026510116806832684,0.9791097640991211,0.9791112542152405
6344,27.63254666589349,27.632796120284915,0.000249454391425985,0.9895290732383728,0.989530086517334
6345,27.95452513614222,27.954500513177685,-2.462296453487056e-05,0.8121728897094727,0.8121704459190369
6348,24.724147425820597,32.09094085338981,7.366793427569213,0.7230351567268372,0.9397671222686768
6350,21.7284382066847,24.519829549855334,2.791391343170634,0.5604782700538635,0.8283212184906006
6352,25.980775188323392,40.801569754228176,14.820794565904784,0.3047630190849304,0.940096914768219
6353,29.608952696949807,29.668849653362376,0.05989695641256887,0.917460024356842,0.9198423027992249
6354,24.987981870233583,24.97495014178854,-0.013031728445042745,0.7978157997131348,0.796803891658783
6356,24.16117119269032,24.727212639256013,0.5660414465656949,0.6500937342643738,0.7887659072875977
6358,28.507232248542934,35.60687670300095,7.099644454458016,0.8731562495231628,0.9753890037536621
6359,31.930997804869897,31.930610191832418,-0.00038761303747847364,0.9913482069969177,0.9912738800048828
6360,27.780172703148697,28.305652318483624,0.5254796153349268,0.892553985118866,0.9341192245483398
6362,26.226343311835357,29.149673343231704,2.923330031396347,0.8263888955116272,0.9504410624504089
6365,33.644955087359286,33.64434804678445,-0.0006070405748346275,0.9981812834739685,0.9981805682182312
6367,46.361990925668444,46.36300628739611,0.0010153617276671412,0.9994544386863708,0.99945467710495
6370,18.592649933296236,18.594223076020235,0.0015731427239984441,0.6784316897392273,0.6785081028938293
6376,26.15979392168004,26.159815221458352,2.129977831089036e-05,0.9166261553764343,0.9166272282600403
6379,17.552280047944006,25.610493312996567,8.058213265052562,0.2100287675857544,0.9012548327445984
6380,27.299699635227313,27.299716468050015,1.6832822701928762e-05,0.9750168919563293,0.9750153422355652
6381,28.857727559345317,29.212529109939776,0.35480155059445906,0.8695085048675537,0.886126697063446
6382,27.170778469892355,34.812029350796855,7.641250880904501,0.7606308460235596,0.9534816741943359
6383,29.951822819022887,39.05578647635607,9.103963657333182,0.747685432434082,0.9715439677238464
6385,35.65223792090071,42.09656477828006,6.444326857379352,0.8037956357002258,0.9611963629722595
6387,28.166277335876117,35.42680376359311,7.260526427716989,0.8122199177742004,0.9609292149543762
6388,30.89422631868052,40.27883169353139,9.384605374850867,0.7183253169059753,0.9789312481880188
6390,36.2354083754397,36.922723318428424,0.6873149429887278,0.9366572499275208,0.9577320218086243
6391,31.510613911858965,31.603273936481266,0.09266002462230105,0.9001364707946777,0.9110549092292786
6394,26.87575730475944,35.47217960188095,8.596422297121514,0.5928738117218018,0.9724023342132568
6395,26.83174728829043,39.41209834941937,12.580351061128937,0.4483086168766022,0.9695563912391663
6396,27.409637097977114,32.30792399754486,4.898286899567747,0.8151087760925293,0.9347682595252991
6397,31.466225212696656,31.466280131545332,5.4918848675811205e-05,0.9610157012939453,0.9610177874565125
6398,30.94566021168135,40.097864820770525,9.152204609089175,0.7277011871337891,0.9788641929626465
6399,30.13025300035354,30.130279049353867,2.604900032565638e-05,0.90260910987854,0.90260910987854
6402,26.31093760709316,31.63028917264174,5.31935156554858,0.9218965172767639,0.9773242473602295
6404,26.172747165055924,27.795473802634486,1.6227266375785625,0.8025727868080139,0.9492571949958801
6406,26.942921109117854,26.942606014231156,-0.0003150948866981196,0.9948064684867859,0.9948058128356934
6410,19.88220698285324,21.583129847669852,1.7009228648166115,0.33933746814727783,0.8227866291999817
6412,30.444179112022695,33.495355150703425,3.0511760386807296,0.7749602198600769,0.9563607573509216
6414,23.78612035946706,23.963371095963183,0.17725073649612355,0.7316409945487976,0.7644749283790588
6417,27.055966338382696,35.16183810959888,8.105871771216187,0.7715754508972168,0.9640751481056213
6418,25.88441228149175,37.12109980353531,11.23668752204356,0.49309778213500977,0.9630432724952698
6419,25.605549911820454,33.6571372227302,8.051587310909746,0.7263814806938171,0.9490413665771484
6420,24.262870942625824,26.494512960576337,2.231642017950513,0.9185236096382141,0.9758970141410828
6422,20.921816054771007,21.713396170084618,0.7915801153136108,0.6198068857192993,0.9383189082145691
6426,27.85670233465146,34.7890977967173,6.932395462065841,0.8021344542503357,0.9509302973747253
6427,30.501701743810166,40.20920271898624,9.707500975176075,0.6952779293060303,0.9733107089996338
6429,25.76151022461335,34.015519850320246,8.254009625706896,0.5947573781013489,0.9433035254478455
6430,27.80149606129652,37.21772812069578,9.416232059399263,0.6338634490966797,0.9629724621772766
6432,25.649652796674456,25.646304091089142,-0.0033487055853136383,0.875294029712677,0.8748219013214111
6435,24.408236829454243,24.481811261450382,0.07357443199613911,0.857127845287323,0.8678760528564453
6436,25.166064930744536,36.49290028475402,11.326835354009486,0.42090579867362976,0.9247599244117737
6442,30.289335809496308,34.290170254336786,4.0008344448404785,0.8630545139312744,0.9521875977516174
6444,33.04559410134977,33.235896830364965,0.19030272901519396,0.9229655265808105,0.9331137537956238
6445,23.442294214179174,34.175282267943196,10.732988053764021,0.45706531405448914,0.9317906498908997
6446,23.86835860905112,24.111446143995945,0.2430875349448236,0.8733198046684265,0.8907834887504578
6449,26.88313619198659,26.882912718966846,-0.00022347301974434686,0.9934859871864319,0.9934859871864319
6450,22.976378668471146,23.002821003140145,0.02644233466899948,0.7047607898712158,0.7065088152885437
6451,31.08261071919997,32.56522658186978,1.4826158626698103,0.8227965831756592,0.9314654469490051
6453,26.698386680403846,32.51046403951566,5.8120773591118144,0.8098112940788269,0.9506625533103943
6454,25.696486117132046,35.31748555665813,9.62099943952608,0.5426928997039795,0.967365026473999
6455,26.065926245497828,38.53921295233927,12.473286706841442,0.4320932924747467,0.9539511203765869
6457,25.188110694345,35.123364167129736,9.935253472784737,0.577739953994751,0.9437964558601379
6458,25.2499551941097,25.276122522576326,0.026167328466627282,0.7989198565483093,0.8002778887748718
6461,26.469094306197647,36.61683780514439,10.147743498946745,0.5766730308532715,0.9424653649330139
6462,25.889814009974824,34.33625301945798,8.446439009483154,0.7107911109924316,0.9503791332244873
6465,27.30383704182691,27.79549084503289,0.4916538032059812,0.8167950510978699,0.8618634343147278
6466,23.16033233296234,26.14094037676637,2.980608043804029,0.67695552110672,0.8480419516563416
6471,34.00124386976448,34.601092076806886,0.599848207042406,0.9061775207519531,0.9302172660827637
6472,27.167410480980646,37.633065230512216,10.46565474953157,0.6080124378204346,0.9627923965454102
6473,29.525016928303693,34.24610997075911,4.721093042455415,0.9062705039978027,0.9784655570983887
6476,16.598386607205097,25.371984939742156,8.773598332537059,0.21752893924713135,0.8777787089347839
6477,31.176863677504357,31.207579118165057,0.030715440660699755,0.8992159962654114,0.9021701812744141
6479,21.027002627212,22.711899195886048,1.6848965686740485,0.6484948992729187,0.8916378021240234
6480,34.4607497281854,34.460169035569976,-0.0005806926154221514,0.9960566163063049,0.9960559010505676
6481,27.424581673037366,35.35350632712482,7.928924654087453,0.7305495738983154,0.9673312306404114
6483,22.34535831933122,22.345499570402207,0.00014125107098905687,0.9631202220916748,0.9631215929985046
6484,26.313126266363213,26.601847610280203,0.2887213439169898,0.8330103754997253,0.9386335015296936
6486,26.9820091145644,29.56528416026176,2.5832750456973628,0.7778818607330322,0.9582173824310303
6488,30.06945593808166,30.068696702558093,-0.0007592355235672699,0.9905970692634583,0.9905903935432434
6489,26.67533965932025,34.476915994063766,7.801576334743515,0.7554667592048645,0.9547328352928162
6492,25.521628281981013,25.534180110003568,0.012551828022555611,0.8950108885765076,0.8951484560966492
6493,28.749101496052827,37.35311708559636,8.604015589543533,0.7399465441703796,0.9670394062995911
6494,22.087665551230963,23.779847566496283,1.6921820152653204,0.564406156539917,0.937338650226593
6495,32.145928505637066,32.218700062241695,0.07277155660462853,0.9357187151908875,0.9405089020729065
6496,27.848752339087778,27.844254480416307,-0.004497858671470567,0.8358557224273682,0.8361632227897644
6497,33.1031867862268,37.95839425391413,4.855207467687329,0.9681167602539062,0.9912128448486328
6498,26.536172105722873,33.38773922612903,6.8515671204061555,0.6435756087303162,0.9710822105407715
6499,24.587531512820917,32.404677076550016,7.817145563729099,0.7288236618041992,0.945324718952179
6500,25.225618551506017,32.032167031393854,6.806548479887837,0.4404667317867279,0.9147514700889587
6503,29.052052911509087,29.387970344144122,0.3359174326350356,0.8477105498313904,0.9005541205406189
6504,33.34008152266986,33.34159465334463,0.0015131306747662165,0.9261806607246399,0.9262800812721252
6505,24.9382361275217,36.617563139428945,11.679327011907244,0.4896690845489502,0.9615185856819153
6506,25.93582033948403,26.022303560282896,0.08648322079886483,0.6907780766487122,0.6964088082313538
6508,31.425144790580898,32.534706911808144,1.1095621212272455,0.8574369549751282,0.9231400489807129
6509,31.481707551671086,38.73197095822574,7.250263406554652,0.8496837615966797,0.9813632369041443
6510,22.084404727572228,24.411363070482132,2.3269583429099043,0.6476283669471741,0.8953321576118469
6511,30.461462142537982,33.75046566861991,3.2890035260819275,0.870980441570282,0.9315245747566223
6512,28.992298887225722,35.99269729708248,7.000398409856757,0.8016788363456726,0.9731068015098572
6513,25.605508005242605,25.60552895848098,2.0953238376364425e-05,0.9612273573875427,0.9612276554107666
6514,28.356844588572635,28.356735845118422,-0.00010874345421285625,0.9011154174804688,0.9011099934577942
6515,24.87645244886395,30.12622353903391,5.249771090169958,0.7334168553352356,0.9443373084068298
6516,20.987450431803595,20.98757431873766,0.00012388693406606421,0.943004846572876,0.9429683089256287
6517,24.702635734827673,26.020769485861344,1.3181337510336704,0.6899070143699646,0.8493740558624268
6522,32.38147366836983,37.15013421422724,4.768660545857415,0.8170620799064636,0.960514485836029
6523,21.512955268291538,21.810744853751313,0.29778958545977474,0.8541524410247803,0.9021695256233215
6524,23.21126648069341,23.211359679088673,9.319839526256146e-05,0.8957106471061707,0.8957128524780273
6525,25.489743394639653,25.590336856729195,0.10059346208954167,0.8637930750846863,0.8766384124755859
6529,26.358451487760295,26.358233335741264,-0.0002181520190305264,0.9938588738441467,0.9938563704490662
6530,35.12420395308307,35.12426893839301,6.498530994036855e-05,0.9602169990539551,0.9602153897285461
6531,38.803889890277965,38.78680871003448,-0.017081180243486926,0.9978891015052795,0.9976152777671814
6532,31.04916900540744,31.103747005302992,0.05457799989555312,0.9235919117927551,0.9243507385253906
6533,30.838820456009767,30.98024213709631,0.14142168108654474,0.8754753470420837,0.8795890808105469
6534,22.57550095726335,33.53657082287124,10.96106986560789,0.43761906027793884,0.9052961468696594
6535,26.66997658346122,26.670264520132516,0.0002879366712953413,0.9743232727050781,0.9743377566337585
6537,25.1878699485297,29.7840023072118,4.596132358682102,0.6193397045135498,0.9528703689575195
6538,26.823075036809595,33.93247060429128,7.1093955674816876,0.7930405139923096,0.9547144770622253
6539,22.08751707072812,22.618424367910308,0.5309072971821891,0.8998906016349792,0.9430786967277527
6540,24.668147522907788,32.87762482205361,8.209477299145824,0.7106439471244812,0.9464574456214905
6542,33.96690715757041,34.681370839577596,0.7144636820071852,0.9336469769477844,0.9507320523262024
6543,26.951363154448444,27.009000912353006,0.05763775790456194,0.9117603302001953,0.9155080318450928
6550,30.282774985939614,39.34170479540812,9.058929809468506,0.7447443008422852,0.9732165336608887
6552,24.712634469280836,26.949662611622422,2.237028142341586,0.613278329372406,0.9621243476867676
6554,47.51226198877759,47.51351133024238,0.001249341464792053,0.9956135153770447,0.9956125617027283
6555,29.272408666573316,35.12538905955716,5.8529803929838415,0.8162593841552734,0.9691988825798035
6556,21.55796945208761,22.076051340545398,0.518081888457786,0.7436155676841736,0.9598481059074402
6558,24.912535065921304,36.69488104024768,11.782345974326375,0.5217969417572021,0.9628518223762512
6559,31.37040326346662,40.076001691796854,8.705598428330234,0.7154839038848877,0.9828786849975586
6561,31.92395322354846,32.98684036373493,1.0628871401864686,0.8727984428405762,0.9383630752563477
6562,29.09461623871195,29.094640455096293,2.4216384343134223e-05,0.9705517292022705,0.9705504775047302
6563,35.43553636318369,35.436129384447376,0.0005930212636897636,0.9988017082214355,0.9988028407096863
6564,25.622945506879034,25.870448459062708,0.24750295218367313,0.7366326451301575,0.7697000503540039
6565,23.833739680607486,23.83375483682626,1.5156218772460761e-05,0.9469361305236816,0.9469351172447205
6566,34.151516333159314,34.15094333288068,-0.0005730002786350497,0.9987161755561829,0.9987161755561829
6567,29.562262526570173,39.594391634714796,10.032129108144623,0.6484782695770264,0.9788670539855957
6569,27.364673745376244,27.36469937522592,2.5629849677244465e-05,0.8921987414360046,0.8921985626220703
6573,40.08162153492326,40.082752818123836,0.0011312832005785367,0.9968199729919434,0.9968292117118835
6574,27.043109320796926,27.58520808294282,0.5420987621458941,0.9241359829902649,0.9670441746711731
6575,27.403828194357565,27.403308484936645,-0.000519709420920833,0.9883198738098145,0.9882626533508301
6580,29.649193273317003,34.83531967820586,5.18612640488886,0.8524673581123352,0.9586078524589539
6583,24.00824964418134,33.35285096219559,9.344601318014249,0.5776237845420837,0.9198090434074402
6585,21.902756612932844,25.392782375820843,3.490025762887999,0.424515962600708,0.939179003238678
6586,32.32745554787294,34.52804046899649,2.20058492112355,0.8279582858085632,0.9396178722381592
6587,25.772348061812384,35.19105924345199,9.418711181639605,0.5841628909111023,0.9364728927612305
6588,25.08520720252543,26.523231545985663,1.4380243434602313,0.8518905639648438,0.958184540271759
6592,26.068174332909738,35.70023770607824,9.632063373168503,0.5875917077064514,0.9640337824821472
6595,36.44534774870779,40.50545516805664,4.060107419348853,0.8663244843482971,0.959968626499176
6597,24.866658017100832,35.27801171431196,10.411353697211126,0.5495503544807434,0.9500322937965393
6598,30.714788446960533,38.216080499403404,7.501292052442871,0.8391106724739075,0.9765393733978271
6599,34.84711024471245,37.579891214976136,2.73278097026369,0.8754065632820129,0.9593809247016907
6600,30.79471002223459,30.794452009295497,-0.00025801293909211154,0.9972229599952698,0.9972248077392578
6604,27.597467998732856,30.10582749350715,2.508359494774293,0.6789539456367493,0.9046351909637451
6605,32.875136399509145,40.03383897293966,7.158702573430517,0.8661117553710938,0.9829380512237549
6607,23.931011407614783,26.45532792227929,2.524316514664509,0.8321835398674011,0.9505948424339294
6608,40.74100191220691,40.74123353149315,0.0002316192862394928,0.9874060750007629,0.9874048829078674
6609,37.439991086372316,37.4400569832322,6.589685988700467e-05,0.9749419093132019,0.9749415516853333
6610,29.634885871460476,40.68598768124986,11.051101809789387,0.41140225529670715,0.862453043460846
6611,24.565213922958268,34.06614840542766,9.500934482469393,0.5956581234931946,0.9418578147888184
6613,31.437252818809128,38.43071383205137,6.993461013242239,0.8347226977348328,0.9693043231964111
6614,24.071091348113242,24.443016798941713,0.3719254508284706,0.7603279948234558,0.8017218112945557
6615,25.726249783543654,28.119231721250703,2.3929819377070487,0.6068219542503357,0.968639612197876
6616,29.380665004563042,40.23341043650912,10.852745431946076,0.6172242164611816,0.9700323939323425
6617,29.127588675722794,29.75864646257989,0.6310577868570952,0.8632107377052307,0.8964582085609436
6620,24.501427170792294,32.33899299633172,7.837565825539425,0.5396087169647217,0.9552829265594482
6621,25.70440450013163,25.572343648847774,-0.1320608512838568,0.9903467297554016,0.9658277034759521
6622,31.082254263634276,38.93458322853385,7.852328964899577,0.7620832920074463,0.9671729207038879
6623,36.29909258705813,36.299199593416176,0.00010700635804994363,0.9658169746398926,0.9658174514770508
6624,33.19793426768626,41.01692115345044,7.818986885764183,0.8380662798881531,0.9784860610961914
6625,29.91171793984778,39.10796730896654,9.196249369118764,0.7229561805725098,0.9667408466339111
6626,24.441574114464903,28.11938287750092,3.677808763036019,0.3097091019153595,0.9669906497001648
6628,33.1274659193681,37.04335494761854,3.91588902825044,0.8485541343688965,0.9551109671592712
6630,33.122997130357405,40.27260034473468,7.149603214377272,0.8723244667053223,0.9795584082603455
6631,21.116752671148227,23.450512722040607,2.33376005089238,0.4109766483306885,0.9215309023857117
6632,27.937400475902002,42.996815258983496,15.059414783081493,0.3965171277523041,0.9877994656562805
6633,31.82980461149478,31.829837358039587,3.2746544807338296e-05,0.9631010890007019,0.9631009101867676
6634,28.48205954926793,28.76094991028903,0.278890361021098,0.8697291016578674,0.8966038823127747
6635,25.385975819099368,28.388621230010827,3.002645410911459,0.8441498875617981,0.9669896960258484
6636,23.52586440642295,23.525697259420234,-0.0001671470027169164,0.9864888191223145,0.9864900708198547
6638,29.734005089113605,40.74095244172732,11.006947352613718,0.6318628787994385,0.976182758808136
6639,30.137434892489104,30.137456809853585,2.191736448153847e-05,0.9306588172912598,0.9306586384773254
6640,29.20305740948809,29.203346104144707,0.00028869465661784943,0.9920499920845032,0.9920513033866882
6642,29.981987801985643,37.83126161094026,7.849273808954617,0.792579174041748,0.9682937264442444
6643,22.98734939010222,22.98885519413501,0.0015058040327886602,0.7900415062904358,0.7908082008361816
6645,26.856674796249493,26.856707158408195,3.236215870217052e-05,0.7159853577613831,0.7159872055053711
6647,29.793954220399016,29.746986500896725,-0.04696771950229106,0.9871580004692078,0.9813315272331238
6648,31.214600848295113,32.874522846981556,1.6599219986864426,0.9228553771972656,0.974902331829071
6649,33.37282387549587,37.416989083082534,4.044165207586666,0.9506483674049377,0.9823572039604187
6650,27.709315794542114,33.74915169733265,6.039835902790536,0.5899615287780762,0.9280456900596619
6651,24.882915200042074,36.90192116485215,12.019005964810074,0.43804022669792175,0.9502308368682861
6652,24.76851891226652,35.69420946107056,10.925690548804038,0.5085195899009705,0.953622579574585
6653,31.62684759227846,31.62688766766497,4.007538651151776e-05,0.8793947100639343,0.87939453125
6654,20.611116584117134,20.62093002471627,0.009813440599135248,0.7210696339607239,0.7229469418525696
6656,25.859652529007406,25.859434272693047,-0.00021825631435845594,0.9911046028137207,0.9911043047904968
6658,31.323472134495468,31.323489277326072,1.7142830603944503e-05,0.9819252490997314,0.9819243550300598
6659,35.731791611509934,36.08733955098921,0.35554793947927976,0.9335536360740662,0.9514139294624329
6664,46.121317519328585,46.12193170814771,0.0006141888191280032,0.9995241761207581,0.9995227456092834
6665,31.242506373261104,31.242924355271814,0.00041798201070974983,0.9969380497932434,0.9969393610954285
6666,31.80098803279098,41.52204827418856,9.721060241397584,0.7212052941322327,0.9776268601417542
6668,28.878843276160502,36.69978735267593,7.820944076515431,0.8010815978050232,0.9692890048027039
6670,19.00910198934705,19.02504575789852,0.015943768551469617,0.7165895104408264,0.7195674777030945
6672,21.079140170906406,21.080009622660715,0.0008694517543084146,0.8140442967414856,0.8141412734985352
6675,18.56994929021586,18.57041984795223,0.00047055773637083576,0.6885132789611816,0.6885480284690857
6676,25.921647023868367,36.37179569635022,10.450148672481852,0.5178584456443787,0.9600305557250977
6678,25.87830871522406,30.015967689125173,4.1376589739011145,0.5579395294189453,0.9553951621055603
6679,36.149528267486104,39.85784520559052,3.708316938104417,0.9074758887290955,0.9763330817222595
6681,23.046191217673652,23.041250377770904,-0.00494083990274774,0.9196521639823914,0.9191251397132874
6683,30.007524361809054,30.092483449920945,0.08495908811189068,0.8818479180335999,0.8823792338371277
6684,25.915262753712632,31.53012853626223,5.614865782549597,0.9154183268547058,0.9762648940086365
6685,29.24976407956853,29.541692002954395,0.2919279233858667,0.8646242022514343,0.9102247357368469
6686,30.873729871725928,33.76038722632414,2.8866573545982135,0.7936393618583679,0.9238222241401672
6687,32.824557041048635,40.81490459223172,7.990347551183085,0.8323736190795898,0.9778118133544922
6689,32.90155908965799,39.36835072417683,6.466791634518842,0.8802681565284729,0.9819210171699524
6690,27.084740758991398,27.085169700490464,0.00042894149906658186,0.9840294718742371,0.9840295910835266
6691,16.178903249150473,16.193696917126882,0.014793667976409353,0.6839015483856201,0.6849589943885803
6692,31.471587859334008,38.513110094821066,7.041522235487058,0.8748752474784851,0.9764891266822815
6694,26.645271630050456,34.846305771990586,8.20103414194013,0.5508957505226135,0.8880371451377869
6695,31.024347882925287,37.60829238863558,6.583944505710296,0.8564116358757019,0.9755905270576477
6696,27.660881837231102,34.266720612948994,6.605838775717892,0.890649139881134,0.9761281609535217
6697,32.14355001433569,37.264556607436404,5.1210065931007165,0.7442200779914856,0.9579353928565979
6698,29.526252998363958,29.5288940273351,0.002641028971140713,0.9356949925422668,0.935836136341095
6700,30.920533897999157,30.92056795810941,3.406011025219868e-05,0.9444174766540527,0.944419801235199
6701,32.78413889107354,39.389250207654,6.605111316580462,0.8725011944770813,0.9758688807487488
6702,37.20450551740271,37.20456992839201,6.441098930309863e-05,0.9841883182525635,0.9841887354850769
6703,29.875597493426373,39.200322916461715,9.324725423035343,0.6929180026054382,0.9681188464164734
6705,29.968761069247726,30.024607453949375,0.05584638470164904,0.9031339287757874,0.9040762782096863
6706,26.02118976512239,33.41206649358209,7.390876728459698,0.7929840087890625,0.9647223949432373
6707,27.30588030763736,29.238836371201845,1.932956063564486,0.8186202049255371,0.9652073383331299
6708,28.875510023310063,28.87580896685037,0.0002989435403080165,0.9072179794311523,0.9072232246398926
6710,33.30085214221285,35.09454079224745,1.7936886500346034,0.8589231371879578,0.9430026412010193
6711,30.663500996868024,31.010604250818787,0.34710325395076325,0.8707923889160156,0.8808428645133972
6713,29.277284305331456,29.27731469897413,3.0393642674653165e-05,0.9804407954216003,0.9804415702819824
6714,37.84287321780714,37.842018755085874,-0.0008544627212643263,0.998682975769043,0.9986818432807922
6717,26.83112232291736,29.767037408942603,2.9359150860252434,0.7296482920646667,0.9461305737495422
6718,28.125215426265775,33.82460357387436,5.6993881476085875,0.6133798956871033,0.9261889457702637
6719,29.45471254731625,38.65745165239393,9.20273910507768,0.7108035087585449,0.9653177261352539
6720,25.208467689277335,25.208262378203003,-0.0002053110743318598,0.9896634221076965,0.9896654486656189
6721,31.568532532347717,37.07672882959083,5.50819629724311,0.6615910530090332,0.8853200078010559
6726,30.329556019137783,36.97612052836622,6.64656450922844,0.7272365689277649,0.9502002596855164
6727,34.24680690059652,36.272848533017644,2.0260416324211263,0.8894948959350586,0.9544621109962463
6732,27.41769671336966,35.68126659577966,8.26356988241,0.6209627985954285,0.9481573104858398
6733,25.428977613105914,33.18548085156793,7.756503238462017,0.7348020672798157,0.949757993221283
6734,24.560903782388145,34.86553384734329,10.304630064955148,0.5167439579963684,0.9534887671470642
6735,27.631733913321913,35.61565927288426,7.983925359562345,0.5361051559448242,0.9092404246330261
6737,23.201306636034605,23.201159554890594,-0.00014708114401074113,0.7876406311988831,0.787639856338501
6738,24.163682950309507,27.229214287758126,3.0655313374486184,0.5568059086799622,0.9117133021354675
6739,44.804941651946095,44.805574626378295,0.0006329744322002284,0.9944902062416077,0.9944888949394226
6741,24.2635407451983,24.26268880225766,-0.0008519429406383949,0.9846488833427429,0.9845805764198303
6742,42.11031928055896,42.108892980295025,-0.0014263002639367528,0.9998276829719543,0.9998273849487305
6744,26.186976659251478,37.797148842303926,11.610172183052448,0.49308642745018005,0.9486208558082581
6745,25.539055563122833,26.954917705172736,1.4158621420499031,0.8446629643440247,0.9424673914909363
6746,25.920582458640766,33.65619260340718,7.735610144766412,0.65086430311203,0.9413014054298401
6747,19.55358565340611,19.575264533512897,0.02167888010678709,0.8157197833061218,0.8189058303833008
6748,32.40644445870189,32.40649021433107,4.5755629180632695e-05,0.9875478744506836,0.9875498414039612
6750,28.188711917512773,38.17675310842621,9.988041190913439,0.6216700673103333,0.963621199131012
6751,22.191006704851254,22.193763390378685,0.002756685527430136,0.7519616484642029,0.7529850006103516
6754,26.9904835649998,26.991038833337228,0.0005552683374290268,0.9460377097129822,0.946113646030426
6757,23.095558155379003,23.738942412445127,0.6433842570661241,0.6876586079597473,0.8604504466056824
6758,32.7076734279158,40.04510613159789,7.33743270368209,0.8331849575042725,0.9769695401191711
6761,29.83450394780933,30.004044842531954,0.16954089472262268,0.9143908023834229,0.9361051917076111
6763,32.750991649307466,40.63119533152914,7.880203682221676,0.8221800923347473,0.9773434996604919
6765,32.14194769045075,32.141977909694994,3.0219244244733545e-05,0.9273665547370911,0.9273655414581299
6770,23.508293660444206,23.828759083817378,0.32046542337317163,0.9022338390350342,0.9222078323364258
6771,25.95851470997029,25.958824930852806,0.00031022088251475566,0.947003185749054,0.9470455050468445
6774,24.517262280254826,24.52429139299312,0.00702911273829443,0.8508074879646301,0.8525288105010986
6777,27.51355002813927,34.92913029531718,7.4155802671779085,0.7683066725730896,0.9551107883453369
6779,23.235734780754427,27.569584999420186,4.333850218665759,0.8181362748146057,0.9595759510993958
6781,24.46556063634914,24.4799893924365,0.01442875608736216,0.8407112956047058,0.8410006165504456
6783,24.77278074744033,36.1299306228629,11.357149875422571,0.48906660079956055,0.9464287161827087
6784,33.28173549563022,35.8440308976127,2.5622954019824746,0.8299095034599304,0.9371697306632996
6785,28.201997707834003,36.11938573573153,7.917388027897523,0.7276864647865295,0.9640640616416931
6789,30.47425364344116,39.02834215524003,8.554088511798874,0.7675639986991882,0.9807891845703125
6792,29.023287673597295,29.02330059393443,1.2920337134403326e-05,0.9130455851554871,0.9130454659461975
6793,20.905030814848004,20.904904278611696,-0.00012653623630853872,0.9839420318603516,0.9839415550231934
6795,24.4428587270896,24.44285760204366,-1.1250459408529423e-06,0.6997519135475159,0.6997480392456055
6796,33.1688727455416,41.0448695746281,7.875996829086503,0.8421242237091064,0.9767830967903137
6798,32.111352652138535,32.861324054836835,0.7499714026983,0.9130773544311523,0.9425317645072937
6799,32.242253618141554,38.70198796905767,6.459734350916115,0.9021100997924805,0.9825887084007263
6800,31.425795551112433,37.6369861489703,6.211190597857868,0.9015035629272461,0.9800233840942383
6801,38.029510531089365,38.030367758916476,0.0008572278271117284,0.9947357177734375,0.994737446308136
6804,33.47771746919859,33.47775772646302,4.025726443046551e-05,0.9567313194274902,0.9567306041717529
6805,25.634520463535036,25.678090139520986,0.04356967598594963,0.7762226462364197,0.779484212398529
6806,26.667534821306734,27.12825234051384,0.4607175192071047,0.9069805145263672,0.9625512957572937
6808,25.37950722516999,25.37951385540779,6.63023779878813e-06,0.8469590544700623,0.8469584584236145
6813,36.397064531908796,36.3959087444111,-0.001155787497694405,0.9977881908416748,0.9977802634239197
6814,25.7503553918528,25.855604101156466,0.10524870930366603,0.8249229788780212,0.8348420262336731
6815,26.489183292159023,33.23733812907178,6.748154836912757,0.5621622204780579,0.7831535935401917
6816,28.73540239571245,30.663582285105086,1.9281798893926378,0.9433526396751404,0.9658154845237732
6818,27.515550881483897,35.595461277719224,8.079910396235327,0.6641473174095154,0.9492912888526917
6819,28.29581588129265,34.95373826705644,6.657922385763786,0.8140451908111572,0.9639140963554382
6821,27.186511951445738,38.061422484415175,10.874910532969437,0.5677251219749451,0.9593615531921387
6822,23.541983516354883,25.70176080378662,2.159777287431737,0.7784308791160583,0.9481860995292664
6823,24.769389380759964,34.72772159123092,9.958332210470953,0.5360426306724548,0.9384540915489197
6824,29.153968635941666,38.62969379539881,9.475725159457141,0.5498755574226379,0.9741833806037903
6827,30.02244501149681,35.26714170495973,5.244696693462917,0.6777411103248596,0.9309380054473877
6829,31.495631536876534,41.90179071317029,10.406159176293759,0.7123183608055115,0.9810003638267517
6831,34.06399488946799,35.813789015454,1.749794125986007,0.8863433003425598,0.9544255137443542
6835,22.764255841357798,23.0843422796949,0.3200864383371034,0.8095802664756775,0.9652107357978821
6836,21.59189429558068,21.59203784986413,0.00014355428345069754,0.9745426774024963,0.9745442271232605
6837,33.36550497514861,36.10802493105235,2.742519955903738,0.9670738577842712,0.9878923892974854
6838,25.59678737448472,35.19537264504483,9.598585270560108,0.583456814289093,0.9577662944793701
6839,32.15194682501058,40.108151599075484,7.956204774064901,0.7864763736724854,0.9760287404060364
6840,30.569151306143546,40.33737223644671,9.768220930303166,0.6924764513969421,0.9823495745658875
6843,34.60709061428061,35.550815965116115,0.943725350835507,0.9023120403289795,0.9499308466911316
6844,31.180037384421382,31.360647575565537,0.18061019114415444,0.8951175212860107,0.9085991382598877
6846,28.543466587340877,37.201403300628954,8.657936713288077,0.7111923098564148,0.9635640978813171
6847,26.25137773200954,37.62132878632321,11.36995105431367,0.5324306488037109,0.9634244441986084
6848,23.320603038026118,25.13483151752505,1.814228479498933,0.5809370875358582,0.9425702095031738
6849,29.6363186772056,35.64470887948091,6.008390202275308,0.8699830174446106,0.9736077189445496
6850,26.510422244889156,35.959103969143,9.448681724253845,0.6502441763877869,0.9599521160125732
6855,21.616647169280853,25.545765314576514,3.9291181452956607,0.32492005825042725,0.8608958125114441
6856,32.039974557676835,35.74308823115369,3.7031136734768566,0.8857328295707703,0.9746726155281067
6858,27.295033487049906,27.295131393183517,9.790613361104761e-05,0.8945212364196777,0.8945296406745911
6859,28.3840653590182,28.384083480981232,1.812196303063729e-05,0.9696772694587708,0.9696770310401917
6861,23.53146458747728,23.531799332171065,0.00033474469378447225,0.9676874279975891,0.9676812291145325
6864,25.762761373262,25.8564616227208,0.09370024945880218,0.8275161385536194,0.8440963625907898
6865,27.354298923606073,36.02465335877924,8.670354435173167,0.6740327477455139,0.9521521925926208
6867,36.095669989985126,36.09574817957939,7.818959426231231e-05,0.9748735427856445,0.9748724102973938
6868,26.437125093739855,36.445707371272185,10.00858227753233,0.6095090508460999,0.9589941501617432
6869,43.135858028364034,43.13651119898978,0.0006531706257462133,0.9988804459571838,0.9988780617713928
6871,26.57078411648739,35.61952152967444,9.048737413187048,0.6669694781303406,0.9494524598121643
6872,30.206044460398754,36.61394579321704,6.407901332818287,0.8121809363365173,0.970987856388092
6873,26.378311123049016,26.447760131645005,0.06944900859598846,0.8839697241783142,0.8927163481712341
6876,27.774281069823893,27.778871922773128,0.0045908529492351136,0.9254326820373535,0.9254518151283264
6879,28.00052729846483,36.59905705357723,8.598529755112402,0.7460896968841553,0.9627488255500793
6880,32.429707714628435,32.42986872159365,0.000161006965214483,0.9428868293762207,0.9428872466087341
6882,26.025574987128852,26.753821187087937,0.7282461999590844,0.7391044497489929,0.9772123694419861
6884,30.13353614473225,30.133551003872157,1.4859139906064911e-05,0.9348629117012024,0.9348646998405457
6888,31.918673049218093,41.857577241115706,9.938904191897613,0.7320516109466553,0.9818696975708008
6889,26.014493194901096,34.61475919820545,8.600266003304352,0.4953548014163971,0.8751487731933594
6891,32.5235648394173,41.36932371110693,8.845758871689632,0.7597224712371826,0.9837153553962708
6894,27.63583557261626,29.582831282216603,1.946995709600344,0.7340235114097595,0.9728284478187561
6895,28.912161419526488,37.44756665778614,8.535405238259653,0.6909820437431335,0.9579191207885742
6897,31.911409339834247,31.911479215971433,6.9876137185787e-05,0.9592060446739197,0.959205687046051
6900,21.85976575522232,28.066318479456914,6.206552724234594,0.5725902318954468,0.8871738314628601
6901,26.386026250909058,32.99384987408884,6.60782362317978,0.7737801671028137,0.9488635063171387
6902,24.383112002285614,25.27087813020303,0.8877661279174163,0.6720526814460754,0.8128664493560791
6903,25.650430113061304,36.35016629586309,10.699736182801786,0.5727490782737732,0.9448051452636719
6904,31.815986055127322,31.822491369419804,0.006505314292482467,0.9250308871269226,0.9257774353027344
6905,36.508757318064895,36.50882662070009,6.930263519677737e-05,0.9000044465065002,0.9000040888786316
6910,31.442974833788824,34.22754980621692,2.7845749724280964,0.7694603800773621,0.938235342502594
6911,30.35768601113526,35.95926348461528,5.601577473480017,0.9141614437103271,0.9788773655891418
6912,26.788760913207415,34.41004698369425,7.6212860704868355,0.6374717354774475,0.9461891055107117
6914,27.571804635095805,29.420609704010836,1.8488050689150306,0.7516446113586426,0.9764725565910339
6915,20.6241850911167,20.645165488530047,0.020980397413346452,0.7733152508735657,0.7785604000091553
6916,29.47502432322299,29.482214263755946,0.00718994053295674,0.8738228678703308,0.8747206330299377
6917,23.753503470909166,23.758764615109694,0.005261144200527923,0.6471912860870361,0.6483392715454102
6918,25.890260663170487,32.80990923765847,6.919648574487979,0.7989618182182312,0.9548043608665466
6920,26.22810703918568,34.72076180118651,8.492654762000832,0.6987671852111816,0.9501224160194397
6921,22.579147205058376,22.586073983614163,0.006926778555786939,0.7406556010246277,0.74191814661026
6923,24.467425395259887,26.358335634121186,1.8909102388612986,0.46637168526649475,0.7064201235771179
6924,29.690531893096384,39.85833147889702,10.167799585800637,0.6585668921470642,0.9758384227752686
6925,24.326811045944453,24.326980559596024,0.0001695136515706963,0.9540915489196777,0.9541016221046448
6926,26.44668385491211,26.446925681592003,0.00024182667989336437,0.9928305149078369,0.9928320050239563
6928,21.977129335618702,24.200671941964842,2.2235426063461396,0.4890521466732025,0.928337574005127
6929,27.740899423375396,37.360948278517185,9.620048855141789,0.6946756839752197,0.9625789523124695
6930,25.516131296220653,34.384660898702805,8.868529602482152,0.40232622623443604,0.9333859086036682
6931,23.83416749742967,24.38407558413728,0.5499080867076067,0.8243699669837952,0.9407107830047607
6933,29.863654010534,37.01124911829191,7.147595107757908,0.788525402545929,0.9598520398139954
6935,27.57504871288631,37.19540329926313,9.620354586376816,0.6012035608291626,0.9552600979804993
6936,18.819717396228665,18.814370355345712,-0.0053470408829525695,0.7405988574028015,0.7461426854133606
6937,26.009979939705367,33.88320113697946,7.873221197274091,0.7879951000213623,0.947437584400177
6938,25.56882763862013,38.85874528145058,13.28991764283045,0.39172229170799255,0.9491462111473083
6939,29.416237490822187,34.72408500932134,5.307847518499155,0.9304152131080627,0.9821512699127197
6940,42.86816595771012,42.868538458317346,0.0003725006072272663,0.9933187365531921,0.9933195114135742
6941,25.03573791475017,32.44477175893091,7.40903384418074,0.8060359358787537,0.9619367718696594
6943,33.17734618211557,39.57026560669093,6.392919424575361,0.9027733206748962,0.9820520281791687
6944,24.66827935034361,24.780569979300722,0.11229062895711195,0.7053642868995667,0.7213203310966492
6946,25.636724752223344,34.705989098991196,9.069264346767852,0.6232855916023254,0.9550667405128479
6947,33.37504702743964,37.64438412011823,4.26933709267859,0.9529502987861633,0.9842081069946289
6948,27.463513567190823,31.420336608348585,3.9568230411577616,0.7926995754241943,0.9665622711181641
6949,27.032333596074324,34.27120460913611,7.2388710130617895,0.7947213649749756,0.9607599377632141
6950,29.045953234679853,29.045634230499992,-0.0003190041798610821,0.9957399368286133,0.9957404136657715
6953,25.064531479908187,36.776942261216185,11.712410781307998,0.45619451999664307,0.9452725052833557
6957,33.32703952081681,40.732506876727015,7.405467355910204,0.8757460117340088,0.9809234142303467
6958,26.16279278885791,26.193666527188476,0.03087373833056617,0.8419027924537659,0.8488214612007141
6959,25.20031839308566,26.88116529012374,1.68084689703808,0.8424080014228821,0.9097414612770081
6961,29.39454511783966,39.12976431011139,9.735219192271732,0.6468629240989685,0.966358482837677
6962,27.20345814286211,36.02196297890203,8.81850483603992,0.7067887783050537,0.9596483111381531
6963,32.29679813357973,32.29683288167698,3.4748097249348575e-05,0.9422845244407654,0.9422842860221863
6964,48.13129009837276,48.134096539791784,0.0028064414190254183,0.999943733215332,0.9999424815177917
6965,26.96456976266272,27.01065220509795,0.04608244243523174,0.8196148872375488,0.820166826248169
6968,32.20412715563873,32.502655503060225,0.29852834742149525,0.9027546048164368,0.9171137809753418
6969,24.281435302264963,34.022419202954445,9.740983900689482,0.3710082471370697,0.9252002239227295
6971,23.05424015998518,25.555888668502984,2.5016485085178033,0.6551448702812195,0.8361670970916748
6974,30.88544985155569,31.06720541255067,0.18175556099497925,0.9329439997673035,0.9418749809265137
6976,27.09754428130898,28.615926330626774,1.5183820493177933,0.6883101463317871,0.8505244255065918
6977,23.463066337593563,28.21961616667987,4.756549829086307,0.5471887588500977,0.8501202464103699
6979,24.981548200801583,39.024933811966676,14.043385611165093,0.32933807373046875,0.9585726857185364
6980,28.828776002545368,35.361213389949135,6.532437387403768,0.8212663531303406,0.9688767790794373
6981,25.465410844369337,32.80641912631162,7.34100828194228,0.7848309874534607,0.9559738636016846
6982,25.694689911959525,25.694691788092165,1.8761326394667321e-06,0.963017463684082,0.9630168080329895
6985,27.27668946101548,37.198438568296424,9.921749107280945,0.6307927966117859,0.9505035877227783
6987,25.695987638883114,35.494167521524055,9.798179882640941,0.5819370746612549,0.9456060528755188
6989,24.18900888355796,24.200995151438928,0.01198626788096746,0.8054819107055664,0.8092586994171143
6990,23.26741499801809,25.346828278150802,2.0794132801327123,0.6080946326255798,0.9449983239173889
6992,20.937750769163404,20.9384344773984,0.00068370823499464,0.7282819151878357,0.7280524373054504
6994,28.56527071373617,38.52939472498794,9.96412401125177,0.6482738852500916,0.9705939888954163
6995,22.479618111629634,33.92333744652697,11.443719334897338,0.40258273482322693,0.9058526158332825
6996,27.2842174771324,37.1262792014226,9.842061724290197,0.6065161228179932,0.954179048538208
6997,31.110529919142543,31.110549832673854,1.991353131103324e-05,0.9124199748039246,0.9124191403388977
7000,24.53007968202715,26.975609810380163,2.4455301283530133,0.7354785799980164,0.9436752200126648
7001,25.267149951101096,33.47251616134003,8.205366210238935,0.6623371243476868,0.9442412853240967
7002,32.4645068499169,32.61439182814203,0.14988497822513125,0.9127393364906311,0.9233497977256775
7003,29.25218428067137,29.280583042464233,0.02839876179286449,0.9359394907951355,0.9367312788963318
7004,34.13766290854949,34.13772353686663,6.062831714359618e-05,0.9526638984680176,0.9526641964912415
7005,23.298346363348355,23.298487696453716,0.000141333105361241,0.9779768586158752,0.9779767394065857
7007,26.488750335405005,26.488748983890623,-1.3515143812981023e-06,0.8828800320625305,0.8828785419464111
7009,26.35539355052703,34.45826900139413,8.1028754508671,0.7253952026367188,0.9556551575660706
7014,26.847766725927453,26.999598334934927,0.1518316090074734,0.7832505702972412,0.7920293807983398
7015,21.11106226209079,21.12195614785935,0.010893885768560096,0.7073195576667786,0.710731029510498
7016,28.630566778305738,37.79521794645077,9.164651168145031,0.6803445816040039,0.9675819277763367
7018,29.444944318194256,32.20257914867779,2.7576348304835356,0.8518862724304199,0.98227459192276
7019,29.72859338964202,36.22946171005438,6.500868320412362,0.8974820971488953,0.978515625
7020,35.50587042249431,35.44840125371432,-0.05746916877998842,0.9984619617462158,0.9979992508888245
7021,31.60079246318251,31.622261954985795,0.021469491803284058,0.8679239749908447,0.870255172252655
7022,28.428150737392535,28.42842077135775,0.0002700339652150774,0.9941973686218262,0.99419766664505
7024,34.19352465558963,34.19382509059231,0.0003004350026856173,0.9395849108695984,0.939591109752655
7025,48.1308031000366,48.121552290972446,-0.009250809064155874,0.9999529719352722,0.9999263882637024
7029,30.192442250034123,31.132994836885388,0.9405525868512647,0.8699434399604797,0.9327983260154724
7030,30.14901849129903,38.43520264836789,8.28618415706886,0.8139366507530212,0.9708483815193176
7032,25.733049747342672,26.29320736407275,0.560157616730077,0.883154571056366,0.9423799514770508
7033,26.683022865723032,37.99724910839445,11.314226242671417,0.5642995238304138,0.9614961743354797
7038,29.93788648714795,29.97268717974351,0.03480069259556018,0.8986170887947083,0.901073694229126
7039,25.905667671708233,33.389584079359395,7.4839164076511615,0.7692413330078125,0.9423789381980896
7040,25.042567896177115,25.04203577341023,-0.0005321227668844131,0.9572014808654785,0.9570978283882141
7041,31.205240617177008,34.15139633544855,2.9461557182715445,0.7852558493614197,0.9288317561149597
7042,48.19386065115695,48.19664368353614,0.0027830323791846467,0.9998111724853516,0.9998113512992859
7043,30.021165539732685,38.58793848687179,8.566772947139107,0.7459402084350586,0.9691364169120789
7046,29.314585364442635,37.80124442107385,8.486659056631211,0.7627381682395935,0.9637320637702942
7049,25.968970351348336,30.003634450166416,4.03466409881808,0.6328971982002258,0.9557006359100342
7051,36.089604300842524,36.090305020496665,0.0007007196541408689,0.9983393549919128,0.9983384013175964
7053,33.589120722230255,34.727973874534506,1.1388531523042502,0.9189679026603699,0.9585757851600647
7054,25.848315776228926,35.516391574959584,9.668075798730658,0.6507141590118408,0.9470288753509521
7061,32.19412879593782,35.81470312322757,3.620574327289745,0.8264451026916504,0.9557757377624512
7062,26.402780621415896,36.766970396303314,10.364189774887418,0.5764870643615723,0.9634082913398743
7066,27.556223559544037,36.97963866127922,9.42341510173518,0.6419240832328796,0.962821900844574
7067,22.544781259335767,25.599943904708983,3.0551626453732155,0.51811683177948,0.9508435726165771
7068,27.022938501141674,27.022957351558887,1.8850417212945558e-05,0.9478869438171387,0.9478866457939148
7070,28.295693630141688,37.93268058158968,9.636986951447991,0.639223039150238,0.9613520503044128
7071,27.634751799772562,36.33502933038487,8.700277530612308,0.669572651386261,0.9503674507141113
7073,34.54700847914407,34.545021846023275,-0.0019866331207936128,0.9976755976676941,0.9976626038551331
7074,20.247526697656117,20.247754501020374,0.00022780336425753944,0.9392180442810059,0.9392432570457458
7075,28.610898869101785,28.610890056682695,-8.812419089565537e-06,0.930119514465332,0.9301183223724365
7076,25.083760882532022,26.79682750782152,1.7130666252894962,0.5908048152923584,0.8208629488945007
7077,28.158464723840027,38.31720672280979,10.158741998969766,0.6356403231620789,0.9611085057258606
7079,27.60478805234953,34.150283309221955,6.5454952568724245,0.49234306812286377,0.8481711745262146
7082,29.636015061437586,35.80138467402339,6.165369612585803,0.7268011569976807,0.9526305794715881
7083,23.01662811859677,23.7833082971884,0.7666801785916277,0.6192389130592346,0.7342186570167542
7084,37.383764283253065,37.38389334459623,0.00012906134316637008,0.9743339419364929,0.9743325710296631
7085,30.16315152513556,30.162774109727476,-0.0003774154080851133,0.9938624501228333,0.9938613772392273
7088,28.30778274227815,29.16971759946026,0.8619348571821099,0.9524340629577637,0.9663417935371399
7089,25.987560417728133,26.014965783522136,0.02740536579400299,0.8349580764770508,0.8352581858634949
7091,23.20934661514201,27.071020467667147,3.8616738525251364,0.4364297389984131,0.7506025433540344
7093,24.901560731354966,32.34090198652417,7.439341255169207,0.6246299147605896,0.9246299266815186
7095,22.29815068323065,25.702343015660606,3.4041923324299574,0.5617520809173584,0.9305562973022461
7096,37.09202785612053,39.90854443958642,2.8165165834658907,0.8800790309906006,0.9418289661407471
7099,30.473162025688964,39.60495692994229,9.131794904253326,0.7366020083427429,0.9715266227722168
7100,23.58895811239882,35.10964996762792,11.520691855229096,0.4018994867801666,0.9305682182312012
7101,26.397916974096237,26.487543600544154,0.08962662644791664,0.8525102138519287,0.8631172180175781
7103,29.320538376852102,29.320559995044487,2.161819238466478e-05,0.9374704957008362,0.9374706149101257
7104,33.48681636662396,39.10892772822009,5.622111361596126,0.9429510235786438,0.9862499237060547
7105,27.544244224499856,31.357224779790446,3.81298055529059,0.6658405661582947,0.9140501618385315
7106,27.064312327665284,38.8896409004609,11.825328572795613,0.5109197497367859,0.9667500853538513
7107,25.50075727086295,35.994625232071385,10.493867961208434,0.5822741985321045,0.9571565985679626
7109,29.88657440997955,29.886596082312067,2.1672332518818394e-05,0.8990491032600403,0.8990486264228821
7112,27.846222778844066,28.37634427093104,0.5301214920869732,0.8565708994865417,0.9020797610282898
7113,31.16024254960965,31.16026698513357,2.443552392250581e-05,0.9200239181518555,0.9200232625007629
7114,25.04956452645117,25.04957034820314,5.821751969392608e-06,0.660276472568512,0.6602760553359985
7120,26.71820271726697,26.735254432766958,0.017051715499988518,0.8296491503715515,0.8301441669464111
7121,26.76423925284359,26.7762738693746,0.012034616531007458,0.9322574734687805,0.9321754574775696
7123,26.670031069197236,37.91072041694152,11.240689347744286,0.519311249256134,0.9619114995002747
7124,25.014612699391012,25.031234999063805,0.01662229967279316,0.8586700558662415,0.8636489510536194
7125,32.12592512479611,32.177078607993195,0.05115348319708346,0.9585400223731995,0.9572442173957825
7126,32.43163930724925,38.97787931556128,6.546240008312033,0.8844491839408875,0.9816293120384216
7128,32.82548673845976,32.82553034562167,4.360716191342817e-05,0.9612098336219788,0.9612100720405579
7129,25.817225341936243,34.81683346836656,8.999608126430317,0.628825843334198,0.9480394721031189
7130,28.287593797166934,38.62370576006241,10.336111962895473,0.635078489780426,0.9712545871734619
7131,25.2067979732236,25.206986446589497,0.0001884733658954474,0.9746449589729309,0.974646270275116
7133,34.219270691594545,34.219346829370416,7.613777587067716e-05,0.9648390412330627,0.9648389220237732
7134,29.93355301766576,35.91172788809823,5.978174870432468,0.8951919674873352,0.9764274954795837
7136,26.743326778875648,34.49104150958973,7.74771473071408,0.5707759857177734,0.8979174494743347
7139,27.742195191243702,27.748815920238776,0.006620728995073932,0.9111108779907227,0.9117472767829895
7140,25.221917901787624,25.222124532533257,0.0002066307456338734,0.9569814801216125,0.9569827914237976
7142,28.9038122104928,31.78697079073106,2.8831585802382627,0.6824502944946289,0.9585084915161133
7146,26.63630769869406,28.057027631068642,1.4207199323745812,0.713463544845581,0.8133075833320618
7147,34.406016262833035,36.85066446006975,2.4446481972367167,0.8643498420715332,0.9563536643981934
7150,29.073335120623796,39.796633919876555,10.72329879925276,0.6406119465827942,0.9699198603630066
7151,25.854615941613734,38.49443024426221,12.639814302648478,0.4364778995513916,0.9606764912605286
7152,39.156460868982094,39.15733733778856,0.000876468806467301,0.9995412230491638,0.9995406270027161
7153,23.28140591877051,23.281555742903343,0.00014982413283348706,0.988072395324707,0.9880698323249817
7154,26.67890774383227,26.685720835741154,0.006813091908885127,0.8938509821891785,0.8941014409065247
7155,27.886872994436082,37.023202414428496,9.136329419992414,0.615588366985321,0.9723513722419739
7156,28.647331287995602,36.17069823303236,7.523366945036759,0.7921350598335266,0.962636411190033
7163,28.036173253425744,29.501734328236413,1.4655610748106689,0.7772979736328125,0.9214497208595276
7165,23.543285656977528,26.894705885637297,3.3514202286597694,0.5534968376159668,0.9389601349830627
7167,27.527656944184102,27.76467541550496,0.23701847132085874,0.935695230960846,0.9435009956359863
7168,22.653005992232202,25.462863483210203,2.8098574909780005,0.57709139585495,0.9353499412536621
7170,32.07654708346339,40.096537996045384,8.019990912581996,0.79669588804245,0.9659745097160339
7173,26.430222258310746,30.61542995571838,4.185207697407634,0.656943142414093,0.9684284329414368
7174,26.337290260525613,31.747181183132305,5.409890922606692,0.6382642388343811,0.9506838321685791
7175,30.139045069487413,30.154703489868744,0.015658420381331695,0.9412779211997986,0.9419448375701904
7176,22.480121769398128,23.077745186338625,0.5976234169404968,0.7680889964103699,0.8665697574615479
7177,40.65000404611509,40.6510618903997,0.0010578442846096436,0.9994964599609375,0.9994964003562927
7178,26.592266813011896,33.08692328646809,6.494656473456196,0.7843958735466003,0.9512360095977783
7181,28.464013242908443,28.612465560736876,0.1484523178284327,0.8662016987800598,0.8853967785835266
7183,25.654002431644884,28.85573031838839,3.2017278867435053,0.7310231328010559,0.8929359912872314
7185,25.927934186584054,33.69833500143545,7.770400814851399,0.4910455048084259,0.9646655917167664
7186,34.95695656873819,34.957009600684934,5.30319467415552e-05,0.9713423848152161,0.9713420867919922
7187,32.49059798156392,38.71293720879618,6.222339227232254,0.8663843274116516,0.9714727997779846
7188,28.376816021202032,38.188476289554096,9.811660268352064,0.6455693244934082,0.9627969861030579
7189,22.29725889020751,23.149631788984124,0.8523728987766148,0.633171021938324,0.9330176711082458
7190,24.88259928797399,35.082102331940554,10.199503043966565,0.5125156044960022,0.9320136904716492
7192,24.807934116810436,35.22334255804351,10.415408441233076,0.5546400547027588,0.9475429058074951
7194,30.82845448978859,33.94391569476417,3.115461204975581,0.8156201839447021,0.9259077906608582
7195,32.371171221058844,37.76631662446039,5.395145403401543,0.9416125416755676,0.9852649569511414
7197,31.421120595811157,38.38559440422282,6.964473808411665,0.842009961605072,0.9803215861320496
7198,21.74480381085087,21.744940117858576,0.0001363070077076145,0.9749548435211182,0.9749566912651062
7199,26.168863704509484,34.80327085157557,8.634407147066085,0.7065078616142273,0.9541411399841309
7200,32.69977312231458,42.400231067247375,9.700457944932793,0.7849375605583191,0.9812886714935303
7201,19.54420396219806,19.54437002714975,0.0001660649516885826,0.814883291721344,0.8148835301399231
7202,25.28727562969788,35.2105650516466,9.923289421948716,0.5388107299804688,0.9402803778648376
7204,24.599029385790153,33.37594782686008,8.776918441069924,0.41130760312080383,0.9507880210876465
7207,32.33805657213757,41.926230853525304,9.588174281387737,0.7419579029083252,0.9833386540412903
7208,26.552668862284598,26.55244256193746,-0.00022630034713699843,0.9971820712089539,0.9971847534179688
7211,25.96984855543063,33.83943211527547,7.869583559844841,0.604762613773346,0.9608961939811707
7212,31.87573949693852,31.88207531081006,0.006335813871537255,0.9226880669593811,0.9233629107475281
7213,33.70122231641769,42.796786119515026,9.095563803097335,0.8049635291099548,0.9827421307563782
7215,18.71506158441015,18.71913889184028,0.004077307430129906,0.6921041011810303,0.6923506855964661
7216,33.1138273700083,34.01856287526909,0.9047355052607884,0.9000723361968994,0.9406006932258606
7217,24.68155930489192,36.03942547263048,11.357866167738557,0.47526347637176514,0.9308955073356628
7218,25.788699217885135,36.040392904435485,10.25169368655035,0.5675840377807617,0.9521777033805847
7219,33.22357585081631,33.22362337858826,4.7527771947386555e-05,0.9817957878112793,0.9817975163459778
7220,32.28162009599495,34.36621191731775,2.084591821322796,0.8326050639152527,0.9362841248512268
7221,30.51568013567186,37.991510900513354,7.4758307648414934,0.8473450541496277,0.9757957458496094
7223,36.5944873291054,36.59456349506806,7.616596266046827e-05,0.9760394096374512,0.9760405421257019
7224,33.71626588912554,40.69895508338263,6.982689194257091,0.7622793316841125,0.9714928269386292
7225,29.84388317422921,36.79044070154102,6.946557527311814,0.8795590400695801,0.9768938422203064
7226,25.874873309334454,25.87836664741235,0.003493338077895203,0.8837141394615173,0.8838621973991394
7229,25.24520442546362,34.92238023232979,9.677175806866174,0.5393498539924622,0.9250932335853577
7232,26.0034017379534,26.003627350855226,0.00022561290182565585,0.9873881936073303,0.9873870015144348
7233,25.14937289579816,35.68082755509931,10.531454659301154,0.5183203220367432,0.9425944685935974
7234,31.389760606658037,31.389775228111315,1.4621453278351737e-05,0.9452662467956543,0.9452655911445618
7237,33.56004614761816,38.45738473899537,4.897338591377213,0.9427752494812012,0.9858880043029785
7239,22.425088561543156,28.329431318283387,5.904342756740231,0.8742445111274719,0.9646908640861511
7240,34.96969331862252,36.96372234673004,1.9940290281075193,0.8896481394767761,0.9579868912696838
7241,26.099545051862442,37.579181415471204,11.479636363608762,0.48323681950569153,0.9573972225189209
7242,42.78332374563698,42.78476350553874,0.0014397599017641483,0.9996806979179382,0.9996809363365173
7243,36.69069343659575,38.28199770151787,1.5913042649221154,0.9257392883300781,0.9724776148796082
7245,30.701920313586932,36.48740122659431,5.785480913007376,0.869455873966217,0.9688102602958679
7246,33.76743520556165,40.432498019772574,6.665062814210927,0.8906741142272949,0.9809026122093201
7247,32.94699641375256,39.74719178267645,6.8001953689238945,0.8827702403068542,0.9852957129478455
7248,29.4383110737048,39.85042543818998,10.41211436448518,0.6461387276649475,0.9751643538475037
7250,28.097859598892576,34.946146437846856,6.84828683895428,0.8423972129821777,0.9676478505134583
7252,29.75225594691727,29.752581171542666,0.00032522462539574803,0.9825678467750549,0.9825773239135742
7257,27.265055126143004,27.602529375438746,0.33747424929574166,0.8499696850776672,0.9040295481681824
7258,23.991097674228044,24.549091783581783,0.5579941093537393,0.7396864891052246,0.7419829368591309
7259,30.62144667888031,35.95008891021254,5.328642231332232,0.9238052368164062,0.980850875377655
7260,25.30824295038797,31.687749409415055,6.379506459027084,0.7993042469024658,0.94594407081604
7261,28.197616006737526,36.035991687539166,7.83837568080164,0.7894576191902161,0.9679762721061707
7262,26.685681237687497,37.04019210121546,10.354510863527963,0.6481425166130066,0.9575441479682922
7263,25.10787906297958,33.132676397647906,8.024797334668325,0.7517723441123962,0.9529929161071777
7266,30.311936880738767,30.32873302233966,0.016796141600892156,0.9502131938934326,0.9518089294433594
7267,26.717677458166573,36.51599140541248,9.798313947245905,0.6191186308860779,0.9545243382453918
7269,22.557776495702644,22.557629262384843,-0.00014723331780075455,0.9657788276672363,0.9657780528068542
7270,28.07715808801051,28.505617758636955,0.4284596706264452,0.8986701965332031,0.9120697975158691
7271,29.868264522574535,30.366461665000678,0.4981971424261431,0.8982575535774231,0.9291098117828369
7274,42.908416325447206,42.908735187158904,0.00031886171169759336,0.9990994930267334,0.9990992546081543
7275,21.42095200552502,22.859255010182512,1.4383030046574916,0.49494218826293945,0.9401362538337708
7276,33.70918073291807,42.5897583906093,8.880577657691227,0.8110074400901794,0.9836633205413818
7278,22.397751194258483,22.397718878394116,-3.2315864366694314e-05,0.6918724179267883,0.691870391368866
7279,27.937197039525984,38.0887472399788,10.151550200452817,0.6008358597755432,0.9687629342079163
7280,26.62028986727606,32.266831049401134,5.646541182125073,0.6998984217643738,0.9388995170593262
7281,28.87006239744382,38.260055912855094,9.389993515411273,0.6801291108131409,0.9675297737121582
7282,24.813273989537915,32.7234306759287,7.910156686390781,0.4943288266658783,0.9567868709564209
7284,35.53400355668493,35.534073164663184,6.960797825428244e-05,0.9617717266082764,0.9617710709571838
7285,31.842013441371098,31.84204821180024,3.477042914212802e-05,0.96343594789505,0.9634356498718262
7286,26.01281773735135,26.01283348340106,1.5746049708553755e-05,0.9420919418334961,0.9420910477638245
7290,28.241256200034535,28.217231403038934,-0.024024796995600894,0.8069095015525818,0.8048126101493835
7291,27.84575879080526,34.67065174307683,6.824892952271572,0.8133007884025574,0.9558737874031067
7292,20.10835898942101,20.1086293737115,0.0002703842904914211,0.8016378879547119,0.8023403286933899
7293,26.317540677575217,26.375186509668936,0.05764583209371921,0.7762560248374939,0.7791416645050049
7295,24.765560744930518,24.765469252978637,-9.149195188129511e-05,0.9528984427452087,0.9528894424438477
7298,40.10226569648936,40.102347224277224,8.152778786296722e-05,0.9905007481575012,0.9904994964599609
7299,25.15266444283325,36.61386783759722,11.46120339476397,0.44826653599739075,0.9496873021125793
7302,26.342048118887547,36.232109683170854,9.890061564283307,0.44647660851478577,0.9002146124839783
7309,26.841467757507935,35.58558949981476,8.744121742306824,0.6324440836906433,0.9653065800666809
7310,23.97784801088534,23.977867216305096,1.9205419757639675e-05,0.7349602580070496,0.7349600791931152
7312,26.655275875041692,26.65528008807369,4.2130319997113475e-06,0.9796931147575378,0.9796941876411438
7313,25.851350929896114,32.07211440006736,6.220763470171249,0.7298229336738586,0.9634692072868347
7315,23.92360746840687,35.496814787401625,11.573207318994754,0.4438546597957611,0.9565892219543457
7317,28.327476343935377,28.327758422474012,0.0002820785386354885,0.9876062870025635,0.9876074194908142
7318,26.20037641202128,35.329254643087324,9.128878231066043,0.6162672638893127,0.9425201416015625
7319,24.60038651632594,37.12251095441665,12.522124438090707,0.40616270899772644,0.9372507929801941
7320,29.303342377019845,36.52229938709685,7.2189570100770055,0.8160000443458557,0.9668121337890625
7321,29.45742107258257,40.2309546908097,10.773533618227134,0.6461647152900696,0.9707649350166321
7322,35.64231192362691,35.642389313831735,7.739020482233627e-05,0.9718711376190186,0.9718706011772156
7323,39.877799543195856,39.87665436500241,-0.0011451781934468386,0.9991605877876282,0.9991605281829834
7325,28.38629109257614,28.386300506871045,9.414294904530607e-06,0.905817985534668,0.905817985534668
7326,26.20579222991561,34.736050550518385,8.530258320602776,0.7143495678901672,0.9513990879058838
7327,25.62906212480128,35.64232906984079,10.013266945039511,0.47081753611564636,0.9551960825920105
7328,26.497111640265977,26.502636347802735,0.005524707536757489,0.9001061320304871,0.9022887349128723
7329,32.180894616214594,41.81644854565629,9.635553929441699,0.7505027651786804,0.9772713780403137
7331,25.125358533146102,27.18499523905777,2.059636705911668,0.6937059760093689,0.9606855511665344
7333,30.163560997581826,30.231748897777454,0.06818790019562826,0.8977513313293457,0.9036259055137634
7335,24.05058663260903,24.050769085430886,0.0001824528218570265,0.972804605960846,0.972804844379425
7339,22.810721071248704,23.806824698138897,0.9961036268901928,0.7125108242034912,0.907939612865448
7340,25.28505801275847,31.026379948714844,5.741321935956375,0.4914984703063965,0.8548798561096191
7341,33.82364743039764,41.304990693817906,7.481343263420264,0.8231135010719299,0.9800875782966614
7343,20.007233561048118,20.01486747906884,0.007633918020722774,0.7359314560890198,0.7384607195854187
7344,28.041718860583543,28.09062531540507,0.04890645482152678,0.849119246006012,0.8602418899536133
7345,28.352732241884983,38.0694117204628,9.71667947857782,0.5794343948364258,0.9302859902381897
7346,25.975037059531267,37.7420177555056,11.766980695974333,0.396512508392334,0.9722382426261902
7349,25.984064000795044,33.25213454148105,7.268070540686004,0.43654656410217285,0.8581382632255554
7350,35.488534741830335,35.488607203206016,7.24613756801773e-05,0.9722466468811035,0.972245991230011
7352,27.419182226333106,27.419209575249283,2.7348916177061255e-05,0.9755310416221619,0.9755325317382812
7354,33.80348549648172,34.11677105419485,0.3132855577131295,0.9296517968177795,0.9560753703117371
7355,34.491203620245344,34.49060782223421,-0.0005957980111332972,0.9981442093849182,0.9981434941291809
7357,29.311888068222967,29.311565316387025,-0.00032275183594165924,0.9949290752410889,0.9949275851249695
7358,31.72235733452679,31.722386649956242,2.9315429451060027e-05,0.950683057308197,0.9506826400756836
7359,30.918457048564214,34.361011527295545,3.4425544787313314,0.9706192016601562,0.9874088764190674
7360,32.59700883375021,32.59742257472985,0.00041374097963853274,0.997346818447113,0.9973463416099548
7361,32.653876855969514,40.46787781892573,7.814000962956214,0.8437342047691345,0.9783177971839905
7363,25.251956716848575,28.98010693627509,3.7281502194265137,0.5179895758628845,0.872093915939331
7364,24.776490621880093,35.75638296718077,10.979892345300676,0.5075836181640625,0.9393318295478821
7366,19.136685245629938,19.149791731234224,0.013106485604286178,0.7351277470588684,0.7384190559387207
7367,21.609305057088484,21.60943131788787,0.00012626079938726775,0.9790797829627991,0.9790806770324707
7368,28.705246906321896,29.463412411421093,0.7581655050991962,0.9252316355705261,0.951210081577301
7369,25.38434684998469,25.38448763979398,0.0001407898092899984,0.8705725073814392,0.8705956339836121
7370,27.236440440196997,27.246082341512494,0.009641901315497137,0.8876755237579346,0.8879016041755676
7371,29.09447709973061,29.12535429622072,0.03087719649010978,0.8847214579582214,0.8849427103996277
7372,21.409708829986663,23.463148489240954,2.053439659254291,0.4136727750301361,0.9217181205749512
7375,28.121499945647713,37.24505673009614,9.123556784448425,0.6836516857147217,0.9624330997467041
7378,40.80273739980764,40.80395060895165,0.0012132091440122394,0.9994816780090332,0.9994814991950989
7380,25.501390309779612,32.912249463905255,7.410859154125642,0.6539728045463562,0.9214584827423096
7381,26.777629534016153,26.778288744053846,0.000659210037692759,0.8935359120368958,0.8938078284263611
7385,25.720376430307827,25.722080584364594,0.0017041540567674929,0.959489643573761,0.9594809412956238
7386,38.14423043588062,38.145099891788455,0.0008694559078321618,0.9988391995429993,0.9988389015197754
7387,31.601723032292174,31.72092187226305,0.11919883997087766,0.9193946719169617,0.971843421459198
7388,16.902794157645147,16.955487004337634,0.052692846692487194,0.6882800459861755,0.6982173919677734
7389,33.771694371672815,37.46401036143405,3.6923159897612337,0.9538884162902832,0.9846065640449524
7391,25.4909247261672,29.38497476554386,3.8940500393766584,0.6130467057228088,0.869520366191864
7392,20.300171087099802,20.300374795807382,0.00020370870758057436,0.8743414878845215,0.8743504881858826
7393,30.125122830982008,30.125479034332365,0.00035620335035702055,0.9978771209716797,0.9978771805763245
7394,25.04785326970763,25.393948825482685,0.34609555577505446,0.8501737713813782,0.8520517349243164
7395,29.66008177231137,29.659810150161164,-0.00027162215020481995,0.9944871068000793,0.9944868087768555
7396,35.84262285798489,35.84242195469677,-0.0002009032881247208,0.959255039691925,0.9593241810798645
7399,29.54735891600512,35.63998715321976,6.092628237214637,0.9252498149871826,0.9826448559761047
7400,41.79828459063691,41.79713925578433,-0.001145334852580504,0.9993007183074951,0.9993001818656921
7401,24.839198010665623,34.39892894253662,9.559730931870998,0.5621071457862854,0.923928439617157
7402,27.190081157778792,35.13229675231092,7.942215594532129,0.7005560994148254,0.9427266120910645
7403,25.22356987648226,36.11245641719685,10.888886540714594,0.490634560585022,0.9484322667121887
7404,29.028201788599457,29.028217148874695,1.536027523840744e-05,0.9286966323852539,0.9286966323852539
7406,30.444866885019415,40.41795287518187,9.973085990162453,0.6928339600563049,0.9754899144172668
7407,31.313067957809043,38.069658885952535,6.756590928143492,0.8708118796348572,0.975289523601532
7409,20.89871796667054,21.991634106052945,1.0929161393824067,0.56754469871521,0.9261608719825745
7410,28.386551562263577,36.943351087971074,8.556799525707497,0.7176108956336975,0.9548919200897217
7413,29.60610601105308,38.91439101537243,9.308285004319352,0.7283620238304138,0.9738047122955322
7414,23.41176142498877,27.523145335266264,4.1113839102774925,0.6837956309318542,0.9443276524543762
7415,27.094050808619123,38.43056764576793,11.336516837148807,0.5379753708839417,0.9646880030632019
7416,16.569976642897263,16.59392723872132,0.023950595824057785,0.6939164996147156,0.6969380378723145
7417,26.310209884363122,37.22513725742664,10.914927373063517,0.5263786911964417,0.9504866003990173
7418,29.262823959377013,29.263146095856914,0.00032213647990175787,0.9888904690742493,0.9888913035392761
7419,23.288337680678794,23.293250208200757,0.004912527521963028,0.8997898101806641,0.8999533653259277
7423,31.235335601277892,32.641178156782885,1.405842555504993,0.6639835238456726,0.7192156910896301
7424,41.45914508312266,41.45941083524378,0.00026575212112334157,0.9920778870582581,0.9920752048492432
7425,27.44323839686365,27.662482435513173,0.21924403864952424,0.9150762557983398,0.9319424629211426
7426,42.110761595558124,42.112175661825404,0.001414066267280134,0.9997374415397644,0.9997375011444092
7427,38.003330903063045,37.96198071017502,-0.041350192888025106,0.9988172054290771,0.9984185099601746
7431,34.55812344453582,34.542302949715136,-0.01582049482068726,0.9980370998382568,0.9979078769683838
7433,28.58863233159976,34.950731004587794,6.362098672988033,0.670066773891449,0.9677567481994629
7434,26.992705570375787,36.81165607992978,9.818950509553996,0.6188566088676453,0.9623225331306458
7435,31.02745174378372,31.081316072319197,0.053864328535478734,0.9195632934570312,0.920368492603302
7436,29.880523196029706,36.82861410403132,6.94809090800161,0.6403270363807678,0.9428246021270752
7437,26.666725116820103,36.933669532894044,10.26694441607394,0.5834737420082092,0.9561246037483215
7438,31.428441015357667,35.09992934568654,3.6714883303288737,0.81370609998703,0.9376194477081299
7439,26.356818455319633,26.357000261530914,0.00018180621128038865,0.9249569773674011,0.9249734878540039
7440,28.71685797257124,40.58876770803533,11.871909735464087,0.565891444683075,0.9718098640441895
7441,24.289992667674653,27.40163827249846,3.1116456048238064,0.7474984526634216,0.8837825655937195
7442,32.98736940638697,32.9870395015042,-0.00032990488276851693,0.9981216788291931,0.9981248378753662
7443,22.223543894589504,26.628285117888222,4.404741223298718,0.33729901909828186,0.7273408770561218
7444,22.6781536687175,27.43183524185224,4.753681573134742,0.45407068729400635,0.9195511937141418
7445,22.632352123447,22.632375481216876,2.3357769876497514e-05,0.9473369717597961,0.9473388195037842
7447,25.719527623004915,37.49596893197294,11.776441308968025,0.48669466376304626,0.9519472122192383
7449,23.638125787636607,23.638292644310983,0.0001668566743759925,0.9740784168243408,0.9740814566612244
7450,24.877800251672035,33.109560610523,8.231760358850963,0.7206271290779114,0.9487608075141907
7451,28.985165313574424,30.635702950717246,1.650537637142822,0.7532722353935242,0.92535799741745
7453,27.230329948509528,27.34741981740454,0.11708986889501105,0.8448412418365479,0.9051022529602051
7454,25.882572709529725,25.88279291547837,0.00022020594864358145,0.9621456265449524,0.9621475338935852
7455,35.248601606293505,35.24867228923735,7.068294384282581e-05,0.9818904995918274,0.9818903803825378
7456,26.258837964566645,26.284687158096325,0.025849193529680292,0.8575625419616699,0.8619597554206848
7457,23.70907936255906,27.662762246669207,3.9536828841101475,0.6479623317718506,0.8577751517295837
7458,29.11682799920775,31.635662782451316,2.518834783243566,0.7815290093421936,0.899837076663971
7459,25.24249657249865,33.41034289631394,8.167846323815294,0.700193464756012,0.9557036757469177
7460,24.879719167671443,24.879895833899155,0.00017666622771272955,0.9457504749298096,0.9457494616508484
7461,28.977999085427978,28.978017066176864,1.7980748886259335e-05,0.9112027287483215,0.9112029075622559
7462,25.77815255418413,25.984076033207387,0.2059234790232587,0.8409719467163086,0.9078572392463684
7463,30.885872661267655,35.00337650339194,4.117503842124286,0.7737216949462891,0.9800416827201843
7465,30.850908024079096,40.08042423504811,9.229516210969017,0.7519872784614563,0.9742115139961243
7466,26.621511766470235,26.621744017283554,0.00023225081331901265,0.9869425892829895,0.986945390701294
7467,29.128231003781586,29.26867392452792,0.14044292074633447,0.9387158751487732,0.9390241503715515
7468,24.260696011107182,30.491366003273534,6.2306699921663515,0.6245831251144409,0.9575737118721008
7469,29.470839598070313,37.09722547543413,7.626385877363816,0.7849180102348328,0.9636724591255188
7474,32.06063029754844,40.710682724064725,8.650052426516282,0.801460325717926,0.9791639447212219
7475,34.39947087237798,37.40859551519493,3.00912464281695,0.8412638306617737,0.9397830963134766
7476,31.899728362572276,41.62051949575211,9.720791133179837,0.7113044261932373,0.9831681251525879
7478,25.230028635825967,38.28067245697475,13.050643821148782,0.4091372787952423,0.9524567127227783
7480,31.15519329050692,38.13438340156347,6.97919011105655,0.854703962802887,0.9778583645820618
7481,27.554050733464074,27.553998341063718,-5.239240035592729e-05,0.990330159664154,0.990346372127533
7485,31.447547437390245,41.594241726438106,10.146694289047861,0.7204669117927551,0.9761109352111816
7492,30.488135624185475,30.48812346104091,-1.2163144564425465e-05,0.8930230736732483,0.89301997423172
7494,22.00874256478183,22.533138958044347,0.5243963932625171,0.8374444842338562,0.9275338053703308
7495,27.942119918017344,29.44391398919427,1.5017940711769278,0.9116091132164001,0.9598401188850403
7497,49.933566974692766,49.906165062188364,-0.02740191250440205,0.999817430973053,0.9998162388801575
7498,33.283443786905,38.680907936492474,5.397464149587471,0.9428896307945251,0.9878312945365906
7501,27.60529486546867,35.836903176339774,8.231608310871103,0.7277366518974304,0.9553853869438171
7502,26.115027471175214,31.575887520479323,5.4608600493041095,0.8562636971473694,0.9558067321777344
7503,36.88669240301297,37.438192628381884,0.5515002253689119,0.9411923289299011,0.9613096117973328
7506,27.17315454667585,36.53378625487906,9.360631708203211,0.5826864838600159,0.9523350596427917
7508,20.871103021925947,20.87396598962254,0.0028629676965934436,0.7365577220916748,0.7377389073371887
7509,25.438802343355505,33.670187814893275,8.23138547153777,0.6751120090484619,0.9498304724693298
7511,33.42403157679478,33.76437513583333,0.3403435590385513,0.9277237057685852,0.9395859837532043
7513,25.48321571203448,25.523768420199794,0.040552708165314755,0.7985422611236572,0.8015845417976379
7515,31.87104882520499,31.871096663626886,4.783842189581833e-05,0.9463335871696472,0.9463335871696472
7517,25.996874515853662,35.58995480396925,9.593080288115587,0.6422910690307617,0.9549026489257812
7518,25.574454914115606,37.508080557795616,11.93362564368001,0.45157209038734436,0.9688727855682373
7519,37.11634657048154,37.11643343746274,8.686698119930725e-05,0.9750568270683289,0.9750556945800781
7520,29.265715082523972,29.265738137298285,2.3054774313635562e-05,0.9292605519294739,0.9292604923248291
7521,27.982493007521825,28.107855029684057,0.12536202216223202,0.8606602549552917,0.8869749903678894
7528,28.2380247613697,33.506335238620835,5.268310477251134,0.9240995049476624,0.9783456921577454
7529,39.409040968333926,39.40800936034827,-0.0010316079856593774,0.9989802241325378,0.9989797472953796
7534,31.715630919474012,32.06085375834934,0.34522283887532623,0.9051415324211121,0.928607702255249
7536,26.231451094453455,28.256659606014118,2.0252085115606633,0.68829345703125,0.8614789843559265
7537,22.555010145422997,24.30780646238143,1.752796316958431,0.6952665448188782,0.8080306649208069
7539,30.372707023191893,39.764652049908904,9.39194502671701,0.7172237038612366,0.9690870642662048
7541,29.34548501613729,38.461930935916264,9.116445919778975,0.7346907258033752,0.9687828421592712
7542,15.13437589595928,22.120241759859695,6.985865863900415,0.24627520143985748,0.7899985313415527
7543,32.869204451586064,38.8017733666081,5.932568915022038,0.8682510256767273,0.9784086346626282
7548,31.185545393587,40.28070584306968,9.095160449482684,0.7445259690284729,0.9782495498657227
7550,27.375170928059923,27.375376191037265,0.00020526297734235754,0.9742965698242188,0.9742968082427979
7551,31.217715264006994,34.087115983216805,2.8694007192098105,0.8235766887664795,0.9360613226890564
7553,19.61511972221236,20.516784772271635,0.9016650500592753,0.8361875414848328,0.9050416350364685
7556,26.548590864532464,31.546181098690038,4.997590234157574,0.5872487425804138,0.9543108344078064
7559,30.756407339306918,30.7564016224344,-5.716872518490845e-06,0.9268378615379333,0.9268374443054199
7560,31.1849402797072,33.50943311125118,2.324492831543978,0.8228246569633484,0.9207937121391296
7561,19.20039668310531,19.200822653203193,0.0004259700978828107,0.6727848649024963,0.6731696724891663
7562,25.677454734540326,25.6776629128738,0.00020817833347308579,0.9502221941947937,0.9502250552177429
7565,24.04693250929922,25.311396437019184,1.2644639277199623,0.6402769684791565,0.823601484298706
7566,24.897761564134676,25.11589500071844,0.21813343658376283,0.7261791229248047,0.7585058212280273
7567,30.054455095259094,41.22546650594341,11.171011410684315,0.6399311423301697,0.9814864993095398
7568,31.019149125679867,35.59939737561236,4.580248249932495,0.7208580374717712,0.9304020404815674
7569,29.426055584530392,39.17648520783477,9.750429623304381,0.676276683807373,0.9620292782783508
7570,32.976151626827026,41.856926398973286,8.88077477214626,0.6897258758544922,0.9441642761230469
7571,22.70473352703363,26.88846990321273,4.183736376179102,0.5863391757011414,0.8455497622489929
7573,25.589800234166432,25.59000242136763,0.00020218720119657974,0.9680743217468262,0.9680770039558411
7575,29.60031216917917,38.27400429956635,8.673692130387181,0.7000946998596191,0.9583728313446045
7576,23.22513179259031,23.22531453747018,0.00018274487986857935,0.8874281048774719,0.8874345421791077
7577,25.517749580853042,25.53257774263588,0.014828161782837412,0.7458522915840149,0.7463036179542542
7580,26.456784659299274,35.92470608656243,9.467921427263157,0.6477076411247253,0.9483976364135742
7581,30.89007757977438,31.065619386741204,0.1755418069668231,0.8971406817436218,0.9182665944099426
7582,27.402615357764397,36.84147875147151,9.438863393707116,0.7029058337211609,0.9596307873725891
7583,30.072110195746568,37.265374372458176,7.193264176711608,0.8370842337608337,0.97279292345047
7585,32.532963115040744,41.37561801855844,8.842654903517698,0.7953385710716248,0.9821646809577942
7587,34.714527198733755,34.71510997912972,0.0005827803959661537,0.9748126864433289,0.9748310446739197
7588,30.193720332505034,30.251883205537894,0.05816287303285961,0.9310562014579773,0.9318687319755554
7589,31.46763489822435,35.304374875853156,3.836739977628806,0.7856341004371643,0.9504844546318054
7591,25.749724906719266,29.615138415630753,3.8654135089114874,0.6161839962005615,0.8413410186767578
7593,26.907645808078193,34.94400334109931,8.036357533021118,0.6229864954948425,0.9560845494270325
7594,28.69699515244693,29.287855275273287,0.5908601228263564,0.8643267154693604,0.9017732739448547
7597,23.621872835000598,24.24483972245565,0.6229668874550534,0.8451943397521973,0.8866276144981384
7600,37.836211173101866,37.83535648430848,-0.0008546887933889025,0.9992585778236389,0.9992589950561523
7602,25.843020906873907,25.870469948896666,0.02744904202275933,0.81874680519104,0.819203794002533
7604,25.436280083081275,25.43627407271306,-6.010368213793527e-06,0.831116259098053,0.8311160206794739
7605,25.509893237115072,25.830813990883698,0.3209207537686254,0.8457474708557129,0.8747133612632751
7606,43.735396572380736,43.733623990884276,-0.0017725814964606457,0.9997559189796448,0.9997556805610657
7607,32.987402599424314,38.90344151773161,5.916038918307294,0.9197912216186523,0.9838457107543945
7608,27.15787552365857,29.060873956406738,1.9029984327481664,0.727045476436615,0.9651628136634827
7610,24.417596865435737,34.458309223816826,10.04071235838109,0.5043334364891052,0.9215958118438721
7611,25.040733187322086,31.301967369071345,6.261234181749259,0.5959734916687012,0.9375183582305908
7614,23.18633838259588,26.035010423357004,2.848672040761123,0.6062696576118469,0.8424823880195618
7617,30.523979752698693,30.824159641655466,0.30017988895677306,0.8661637306213379,0.8942246437072754
7620,37.360012180352996,37.3607531267014,0.0007409463484009393,0.9989004135131836,0.9989002346992493
7621,44.89857439595208,44.89917820804345,0.0006038120913700595,0.9940352439880371,0.9940347075462341
7623,28.1821421161558,28.191886519990987,0.00974440383518882,0.9559910893440247,0.9560793042182922
7627,27.51612386469883,27.51632305685058,0.0001991921517507933,0.91819828748703,0.9182643890380859
7631,26.174699627562084,30.067782508453202,3.893082880891118,0.8141093254089355,0.9312601089477539
7632,32.41197954689603,33.204048836223706,0.792069289327678,0.9412515163421631,0.9678241610527039
7633,31.292669735299338,36.90195398980344,5.6092842545041,0.9007954597473145,0.9738886952400208
7634,29.999765208480124,37.04599316057728,7.0462279520971585,0.805243730545044,0.9755122661590576
7635,27.85339981316583,37.538075113593194,9.684675300427365,0.6381252408027649,0.9572483897209167
7638,31.41563985579753,31.415658066751575,1.821095404608286e-05,0.9171040654182434,0.9171040654182434
7639,30.013716727458814,30.014959507726296,0.0012427802674821464,0.9038669466972351,0.9041032791137695
7640,27.96791416729276,28.163944200867373,0.1960300335746119,0.8390450477600098,0.8522899746894836
7641,25.807351646154146,37.302055982599455,11.49470433644531,0.47481849789619446,0.9550129771232605
7643,25.084475831291478,25.097564556757828,0.013088725466349871,0.8453426957130432,0.8505730628967285
7645,27.653869946299018,27.68558821330625,0.031718267007232015,0.8836994171142578,0.8841970562934875
7646,23.862679590375386,24.144307890983505,0.2816283006081193,0.8264866471290588,0.9104053378105164
7647,25.192514924077244,27.069626718567754,1.87711179449051,0.8359491229057312,0.936359703540802
7648,20.645592054495765,21.375487740326683,0.7298956858309182,0.6258177757263184,0.9210012555122375
7650,30.2743362911542,38.31991221009923,8.045575918945033,0.7959327697753906,0.9692690968513489
7653,29.890934696270335,30.238778375085133,0.3478436788147974,0.8011289238929749,0.8377565741539001
7655,25.437132225348527,25.933921598672427,0.4967893733238995,0.7848870754241943,0.8122103810310364
7656,25.29837045679532,35.43126785110531,10.132897394309992,0.5556715726852417,0.9395082592964172
7657,28.818807404680243,28.818822041931348,1.4637251105398263e-05,0.9064823985099792,0.9064813256263733
7658,33.796939312776296,33.797001426184664,6.21134083687025e-05,0.9480864405632019,0.9480860829353333
7662,25.020092216675963,34.24285530425975,9.222763087583786,0.614094078540802,0.940296471118927
7663,33.69135708147105,41.39490264655508,7.703545565084035,0.8381741642951965,0.9814967513084412
7664,30.69615166921607,31.920895291051238,1.2247436218351666,0.9484941959381104,0.9644851684570312
7665,29.83960249488145,29.83995186948157,0.0003493746001197451,0.9930419921875,0.993040144443512
7667,31.66651439922876,39.988968987610264,8.322454588381504,0.8080939650535583,0.9786376953125
7668,25.421544343328524,26.465835148884807,1.0442908055562832,0.6987478733062744,0.7405648231506348
7669,26.07248488755651,26.077238164812904,0.004753277256394739,0.8768985867500305,0.8771597743034363
7670,27.072530094464327,37.304968303001985,10.232438208537658,0.589543879032135,0.9631354212760925
7671,28.295466894100322,36.408561959175046,8.113095065074724,0.7372310757637024,0.9626574516296387
7672,27.00311044207571,29.429602331080687,2.4264918890049785,0.7856852412223816,0.896191418170929
7673,26.41799067580746,36.61405041243747,10.196059736630012,0.5296099185943604,0.9510893821716309
7675,34.11123044035855,35.20137976075831,1.0901493203997603,0.9157921671867371,0.9585511088371277
7678,34.1975498864574,34.19742894232926,-0.00012094412814178668,0.9831387400627136,0.9831368327140808
7682,30.22004520822172,30.21936633942017,-0.0006788688015504363,0.989570140838623,0.9895179867744446
7685,25.06148245776281,36.78590067892203,11.724418221159222,0.459019273519516,0.9582024216651917
7686,26.605041130424773,27.332432682737423,0.7273915523126497,0.853394091129303,0.9043540954589844
7687,26.915940957312507,26.91489922115993,-0.0010417361525760782,0.9287406802177429,0.9285983443260193
7689,25.687713679548274,25.6881381494993,0.0004244699510245198,0.8719705939292908,0.8720304369926453
7691,28.474684417961473,28.63263615730338,0.15795173934190743,0.8302691578865051,0.8494040369987488
7693,17.580015899744755,17.998260653519434,0.4182447537746796,0.455851286649704,0.6022734045982361
7695,32.966783848231465,32.96682839693582,4.454870435210978e-05,0.9892261624336243,0.9892259240150452
7698,31.40267728847146,41.839779445415374,10.437102156943915,0.6944594383239746,0.986659049987793
7702,36.92397714294157,36.924094795090525,0.00011765214895831377,0.9735424518585205,0.9735429883003235
7703,40.55170591164634,40.55202632642747,0.0003204147811359803,0.9983981251716614,0.9983987808227539
7707,25.4421115828045,25.483054173410512,0.040942590606011464,0.7327303290367126,0.7360405921936035
7709,40.78700780768977,40.78730515209847,0.00029734440870043954,0.9980461001396179,0.9980461001396179
7710,31.64446673835105,33.51431742738676,1.869850689035708,0.8356593251228333,0.9134154319763184
7712,26.111705337307743,29.23389348670011,3.122188149392368,0.7165946364402771,0.9587941765785217
7713,30.102003070950193,36.048364005324025,5.946360934373832,0.8937382102012634,0.9764450192451477
7715,26.882354333342,26.882541276011686,0.00018694266968566353,0.8521568179130554,0.8521831631660461
7716,28.529673470691503,33.53716583710515,5.007492366413647,0.6555058360099792,0.926361083984375
7718,31.20540410777223,40.01497035191512,8.809566244142886,0.7555201649665833,0.9756720066070557
7719,21.907514777420563,23.5905846003321,1.6830698229115377,0.6191450953483582,0.9440410137176514
7721,25.808144999215816,25.85426636296297,0.046121363747154476,0.8153011202812195,0.8221763968467712
7722,30.76954954137683,30.78955691832311,0.020007376946281852,0.9414665102958679,0.9415944218635559
7725,33.47743173780091,33.477476214950585,4.4477149671706684e-05,0.92097407579422,0.9209728837013245
7727,23.13263853930637,23.164762607259103,0.032124067952732815,0.770756721496582,0.7789291739463806
7730,33.35622172572472,42.07578349247793,8.719561766753209,0.790056049823761,0.9787635803222656
7731,23.195225521442012,27.952804390117073,4.757578868675061,0.30529341101646423,0.9500737190246582
7732,30.065835094965326,30.065854600710033,1.950574470654942e-05,0.9023961424827576,0.9023961424827576
7733,26.79582749001453,26.802429542469618,0.006602052455086493,0.8903475403785706,0.8904851078987122
7734,32.40292052411112,32.40220579525663,-0.0007147288544899766,0.9982777237892151,0.9982664585113525
7735,32.85787342832663,32.85737847413262,-0.0004949541940106883,0.9981740117073059,0.9981737732887268
7736,22.007382321343208,22.007899908622814,0.0005175872796066017,0.8707036972045898,0.871014416217804
7737,33.94026401256555,33.94034104964737,7.703708182305036e-05,0.9626685976982117,0.9626687169075012
7738,36.094229907105685,39.14035631142484,3.0461264043191534,0.9038891792297363,0.9767630100250244
7739,28.173611623720426,35.3037982881111,7.130186664390678,0.7653988003730774,0.9620540738105774
7742,37.430503268547795,37.43060644532756,0.00010317677976701134,0.9731873869895935,0.9731862545013428
7745,25.04755972047596,31.93260146301327,6.885041742537311,0.6691229939460754,0.9061947464942932
7747,20.704776143038863,20.704974527672526,0.00019838463366284032,0.9118618369102478,0.9118766784667969
7749,25.80788618073599,35.56678914978032,9.758902969044328,0.47451522946357727,0.9436697363853455
7750,25.182393165369202,34.33441533650409,9.152022171134885,0.6627824902534485,0.956406831741333
7751,30.425609864332557,38.98885360937343,8.563243745040872,0.7371706962585449,0.9692933559417725
7752,23.106724496640567,23.11086775131219,0.004143254671621577,0.7649751305580139,0.7659737467765808
7753,27.383344462507925,33.78770309620152,6.404358633693594,0.5502312779426575,0.9383945465087891
7754,32.78284183264851,35.48808076751682,2.705238934868312,0.9617798328399658,0.9804763197898865
7756,24.792507033285265,27.02755369055105,2.2350466572657837,0.8541390299797058,0.9483966827392578
7757,24.622662083665944,24.62285527415082,0.00019319048487531632,0.9781747460365295,0.9781765341758728
7760,27.05724427665222,33.11838235869078,6.0611380820385605,0.8843808174133301,0.9726337790489197
7761,27.019508577965432,32.81687854336105,5.797369965395617,0.6254652738571167,0.8817259669303894
7762,24.847806957466506,34.03966122049377,9.191854263027263,0.6322863698005676,0.9390959143638611
7763,28.34836627187116,37.509661713170345,9.161295441299185,0.6475911140441895,0.9568729400634766
7764,33.999563856896415,34.91527922508184,0.915715368185424,0.9174177050590515,0.954760730266571
7767,25.586122949081272,31.815859327685608,6.229736378604336,0.679371178150177,0.9316179752349854
7769,28.560810740635304,41.93775790650096,13.376947165865658,0.4780350923538208,0.964834451675415
7773,24.65903920432764,36.62661200658438,11.96757280225674,0.45973339676856995,0.9563288688659668
7774,28.85883926247277,39.242827944336966,10.383988681864196,0.6311514973640442,0.9713225960731506
7775,26.114857170684974,26.11463107816794,-0.00022609251703542554,0.9796743988990784,0.9796741604804993
7777,25.320118472862426,25.337886928849642,0.017768455987216214,0.8171895146369934,0.8180928230285645
7778,25.825021478090008,36.15359594975252,10.328574471662513,0.5448654890060425,0.9286658763885498
7779,43.66087547094624,43.65915321988126,-0.0017222510649759215,0.9993497729301453,0.9993494153022766
7781,36.987381399479915,36.98748593787492,0.00010453839500712547,0.9812409281730652,0.9812402725219727
7783,38.97603972980617,38.97621995879815,0.00018022899197944753,0.990682065486908,0.9906813502311707
7784,26.734320452652938,38.13242612636569,11.398105673712749,0.5098530054092407,0.9564492702484131
7786,26.38061618113796,26.380818321950386,0.00020214081242642123,0.9854373335838318,0.9854221343994141
7787,25.8266546403477,29.10263390007163,3.275979259723929,0.5794946551322937,0.8581529259681702
7789,25.053896773362098,33.989347595594104,8.935450822232006,0.6422618627548218,0.9461605548858643
7795,25.583569646572787,25.583747769277892,0.00017812270510475514,0.9818778038024902,0.9818844795227051
7796,28.89490823335269,37.76298324953277,8.868075016180082,0.6962205767631531,0.9668225646018982
7797,23.437651183983967,23.619071572278276,0.18142038829430973,0.8956489562988281,0.9240822196006775
7798,28.924425509641758,28.924504839564115,7.932992235737402e-05,0.9645617008209229,0.9645673632621765
7799,29.891180240393336,34.625497994701924,4.734317754308588,0.91476970911026,0.9730828404426575
7800,25.931783534951116,37.3111860187224,11.379402483771287,0.5026605725288391,0.9598421454429626
7802,39.39034299888901,39.39052149594317,0.00017849705415784456,0.9894096255302429,0.9894086718559265
7805,32.982895697694815,32.98308762067888,0.00019192298406522923,0.9491465091705322,0.9491546154022217
7808,12.85485929947992,15.350662470892003,2.495803171412083,0.5185127854347229,0.7009906768798828
7812,30.759946022571825,37.859009557557336,7.099063534985511,0.8261125683784485,0.9766600728034973
7813,28.38860274024025,28.388624718655613,2.1978415364998227e-05,0.972945511341095,0.9729453921318054
7815,32.25837137789426,39.24773674217269,6.989365364278434,0.8650684356689453,0.9818263649940491
7816,33.04928495629537,39.621713342652015,6.572428386356648,0.8133907318115234,0.9655444622039795
7817,28.931427117504363,31.06309160341008,2.1316644859057163,0.9371242523193359,0.9822632670402527
7818,26.470009730959696,26.489457685641447,0.019447954681751867,0.8566682934761047,0.8610811233520508
7823,28.814084460708568,28.814104084099586,1.9623391018797065e-05,0.9381416440010071,0.9381416440010071
7824,33.68296192928713,33.6829870164088,2.5087121670708257e-05,0.9507086873054504,0.9507073760032654
7825,23.399966431723712,23.44566058912835,0.04569415740463967,0.8126811385154724,0.8204993605613708
7826,26.471376275047447,31.45325760648257,4.9818813314351225,0.6182917952537537,0.8330367207527161
7827,28.12800584908262,37.63212099963838,9.504115150555762,0.4274955689907074,0.8354089856147766
7829,22.769990574389446,24.546581769630475,1.7765911952410285,0.7520654201507568,0.8345353007316589
7830,27.950438057789455,39.425649320632,11.475211262842542,0.567742109298706,0.9726297855377197
7831,39.41035172035639,39.410590081414284,0.00023836105789598605,0.9648787379264832,0.9648790955543518
7832,33.42302567429559,33.42307182171562,4.614742002928551e-05,0.9552450776100159,0.9552441239356995
7833,29.233084061542655,29.233107367487552,2.33059448966344e-05,0.8693876266479492,0.869387149810791
7834,25.31428235678075,32.4738468639208,7.159564507140047,0.7897974848747253,0.9520940780639648
7838,28.170887975967783,37.62635966878626,9.455471692818474,0.6718848347663879,0.9681477546691895
7839,33.330188388176154,33.330712514280776,0.0005241261046222689,0.9955365061759949,0.9955361485481262
7841,14.025585207133117,24.305795318295985,10.280210111162868,0.24256308376789093,0.8201422095298767
7842,21.082485907771584,21.08722373235842,0.004737824586836581,0.7845346331596375,0.7863681316375732
7843,27.91671986446886,35.39808994082377,7.481370076354914,0.7189518809318542,0.9398826956748962
7846,27.94234625037799,37.82109352035118,9.878747269973186,0.6584765911102295,0.9645218253135681
7847,40.608830029561894,40.60906924837384,0.00023921881194866046,0.9895057678222656,0.9895049929618835
7848,28.806787246789515,30.118642379408115,1.3118551326186,0.8905553221702576,0.9292766451835632
7850,29.5673224808486,29.567357719492712,3.523864411292266e-05,0.9832785725593567,0.9832767844200134
7851,21.757994317578365,23.182552182574206,1.4245578649958404,0.5141775012016296,0.940683126449585
7854,20.426539050987312,21.772381550113785,1.3458424991264728,0.8051695823669434,0.8700483441352844
7855,25.300774106925697,25.31029899879394,0.009524891868242236,0.8265499472618103,0.8267073035240173
7856,25.97018997172709,25.979495297619874,0.009305325892782434,0.8281669616699219,0.8285691142082214
7857,25.779159812650615,33.91796296323225,8.138803150581634,0.7497605681419373,0.9550955891609192
7858,13.770936087459589,13.775005146001487,0.004069058541897874,0.6505966782569885,0.6507668495178223
7862,45.36478409698046,45.36678618727639,0.00200209029593168,0.9998409152030945,0.9998423457145691
7867,29.870372134055376,35.955034318859795,6.084662184804419,0.9254134297370911,0.9820330739021301
7868,19.392880905691243,19.403543111496163,0.010662205804919722,0.7484807372093201,0.7518321871757507
7869,23.155945471664275,23.155733835964803,-0.00021163569947191263,0.894559383392334,0.8945361971855164
7871,25.042952821729084,25.042864983363884,-8.783836520009913e-05,0.9345958232879639,0.9345918297767639
7873,31.76301461106361,33.198398851191754,1.435384240128144,0.8491197228431702,0.94269198179245
7875,25.009796385150864,33.781073469976384,8.77127708482552,0.4879489839076996,0.9200610518455505
7876,26.77649962364143,26.776510213681973,1.0590040542268753e-05,0.7459281086921692,0.7459282279014587
7877,30.748512292408122,36.74189629677281,5.993384004364685,0.8909409046173096,0.9770047068595886
7878,30.840243249975458,36.330873453870495,5.490630203895037,0.8591750264167786,0.9744524955749512
7879,25.534174685831616,34.696172821932294,9.161998136100678,0.6068972945213318,0.9375049471855164
7880,24.544110631817638,29.04851991982614,4.504409288008503,0.5684409737586975,0.9393563866615295
7881,22.753752958713974,30.405638738025182,7.651885779311208,0.3963720500469208,0.8787968158721924
7882,27.900234952416003,28.063982734380616,0.16374778196461293,0.8357846140861511,0.8509194254875183
7883,34.159935622583916,34.160036750592965,0.00010112800904948926,0.9954339861869812,0.9954330921173096
7884,23.522606882318073,23.522438950456035,-0.0001679318620375625,0.9873015284538269,0.9873026013374329
7885,26.539595257817915,26.539603462408063,8.204590148608304e-06,0.8471944332122803,0.8471940159797668
7888,28.586695176734708,28.58640708780458,-0.00028808893012666204,0.9957305788993835,0.9957303404808044
7889,28.677263775198945,28.67729099249974,2.7217300793580534e-05,0.9718366265296936,0.9718371033668518
7890,33.0346099727661,38.76415413260384,5.729544159837744,0.908845841884613,0.978853166103363
7891,32.1395564833073,32.13913739205327,-0.0004190912540309455,0.9938868880271912,0.9938869476318359
7892,24.826746178678963,24.837041585132734,0.01029540645377125,0.8234900832176208,0.8241538405418396
7894,49.826601942895095,49.828642009470826,0.002040066575730748,0.9953687787055969,0.9953649640083313
7895,19.547192645622225,20.128016026245632,0.5808233806234071,0.8349428772926331,0.9023346900939941
7896,20.569491614762953,21.02711227603138,0.4576206612684288,0.5676713585853577,0.9418343901634216
7897,21.202169939355507,24.662999311485557,3.46082937213005,0.6223374009132385,0.9093063473701477
7898,42.78858147951577,42.79006233155266,0.0014808520368916334,0.9996120929718018,0.9996120929718018
7899,25.247090028535748,25.242148320258053,-0.004941708277694801,0.981422483921051,0.9812342524528503
7900,33.30152249724745,37.68921488345387,4.3876923862064245,0.9429481625556946,0.9835724234580994
7901,26.033205338425738,33.1496551255167,7.116449787090964,0.4623301923274994,0.9536210894584656
7902,26.328773097126632,26.356141556326726,0.02736845920009401,0.8263700604438782,0.8278141617774963
7903,24.658057573556782,24.93169027415839,0.2736327006016097,0.7421386241912842,0.7716455459594727
7904,21.960880640488348,21.95521341721812,-0.0056672232702297265,0.8039865493774414,0.8053807616233826
7905,31.955864979508984,32.44002509966202,0.4841601201530388,0.8959468007087708,0.9305038452148438
7906,21.98482296392453,22.18654771614338,0.20172475221885122,0.83783358335495,0.8929712176322937
7907,24.36224650484195,30.469244104066966,6.106997599225018,0.7216313481330872,0.9033140540122986
7909,32.929613746869585,37.11016915694942,4.180555410079833,0.9131424427032471,0.9801967740058899
7910,24.839821417133567,32.885438100990356,8.045616683856789,0.6996335983276367,0.9451438784599304
7911,21.861099470294043,21.86096878101742,-0.00013068927662374108,0.9162384867668152,0.9162361025810242
7912,28.45330059064505,32.96703012319305,4.513729532547998,0.7147539258003235,0.9135010838508606
7913,26.75253899518416,26.752560537477752,2.1542293591636508e-05,0.8763250708580017,0.8763251304626465
7914,33.65552152048194,41.33342274742085,7.677901226938907,0.8482782244682312,0.9817710518836975
7915,22.90600710509972,22.915080839464295,0.009073734364573482,0.8207226395606995,0.8239944577217102
7916,23.922923212690726,28.691059812717018,4.768136600026292,0.5064505338668823,0.9151864647865295
7917,28.868486481523608,28.86956236020495,0.0010758786813411803,0.7877474427223206,0.7877526879310608
7918,38.58837909008437,38.5856133902953,-0.0027656997890730395,0.98293137550354,0.982914924621582
7919,30.547945944386935,30.54796716665686,2.122226992540277e-05,0.929432213306427,0.9294320940971375
7920,24.117502464749663,24.117513425102494,1.096035283154606e-05,0.7083354592323303,0.7083380818367004
7922,32.55571868858469,38.47094830108714,5.915229612502451,0.9203473925590515,0.9856112599372864
7924,29.103031964256783,29.103311617941607,0.0002796536848244102,0.9929395318031311,0.9929396510124207
7926,24.596953394370118,29.44155351781712,4.844600123447002,0.6302592158317566,0.9447802901268005
7928,31.327376961390904,37.732781349604856,6.405404388213952,0.8660182952880859,0.976500928401947
7930,28.960655603998646,34.325510953826424,5.364855349827778,0.8770468235015869,0.9663691520690918
7935,44.22181710556988,44.223499360951436,0.0016822553815529773,0.9995582699775696,0.9995570182800293
7937,30.14355935651696,34.41734122101245,4.27378186449549,0.69081711769104,0.9370985627174377
7938,26.741972704605793,34.69165998643929,7.949687281833498,0.7649437785148621,0.9616683125495911
7942,28.918818070528122,28.94271481245901,0.02389674193088709,0.8964929580688477,0.8975206017494202
7943,30.091312260101056,30.091312260101056,0.0,0.9306051135063171,0.9306035041809082
7944,19.84598132610789,19.86055896391648,0.014577637808589117,0.7463051676750183,0.7502939701080322
7949,28.71168756946284,36.8238667339767,8.112179164513861,0.7860435843467712,0.9674081206321716
7950,35.08991621334762,35.08993865681202,2.2443464402499558e-05,0.9583199620246887,0.9583190083503723
7951,26.42631619716388,26.528432240627883,0.10211604346400094,0.8106223940849304,0.8120997548103333
7952,35.080934271168516,35.08081699371861,-0.00011727744990963629,0.9957098364830017,0.9957079887390137
7953,28.562277040162506,35.177426806185856,6.61514976602335,0.7602653503417969,0.9639706611633301
7954,29.157838784553192,36.013079068603524,6.855240284050332,0.8071504235267639,0.9706850051879883
7955,33.68466670747737,40.10000423402899,6.4153375265516175,0.8892365097999573,0.98072749376297
7958,35.65321481249227,36.1838860875939,0.5306712751016249,0.9332168698310852,0.9571113586425781
7959,16.294275041489463,19.78261824406498,3.4883432025755177,0.4109273850917816,0.7216861248016357
7961,23.008953383203803,25.980542744323483,2.9715893611196798,0.5752156376838684,0.9319548010826111
7962,29.727031538742843,34.24506646527648,4.5180349265336375,0.885761559009552,0.9649274349212646
7963,26.29950963024903,34.461612261798905,8.162102631549875,0.6330347657203674,0.9285398125648499
7965,30.023635390790616,30.023987687707763,0.00035229691714633304,0.9950291514396667,0.9950291514396667
7966,28.40093824074414,36.83545853176026,8.43452029101612,0.7595512866973877,0.9649581909179688
7967,26.97265012662053,37.92298858383801,10.950338457217484,0.5531681180000305,0.9666020274162292
7969,28.980661846029825,39.744638822350204,10.763976976320379,0.5111078023910522,0.9265541434288025
7970,24.970597121806655,32.98536019137529,8.014763069568637,0.7252318859100342,0.9470849633216858
7972,30.963713410371017,33.12278283956596,2.1590694291949397,0.8198738098144531,0.9292855858802795
7973,29.38296804105245,37.41464392514936,8.031675884096913,0.7758880257606506,0.9744313359260559
7974,31.684839881943567,31.85749911552266,0.1726592335790933,0.9235766530036926,0.936019241809845
7975,25.570070789234553,25.59708124119879,0.027010451964237348,0.8149245381355286,0.8161874413490295
7976,25.494252438358114,35.003728127440105,9.509475689081992,0.6110687851905823,0.9397466778755188
7977,26.857208802707845,36.27793698508094,9.420728182373097,0.6628833413124084,0.9643387198448181
7979,27.98066174123492,27.98738959905322,0.00672785781830143,0.8691468238830566,0.8701925873756409
7984,34.52715639752184,34.61492891970079,0.08777252217894471,0.9322549700737,0.9357903599739075
7985,26.542109778502944,37.47414048747454,10.932030708971599,0.40720656514167786,0.9700227379798889
7986,27.42645361059743,37.17903065468118,9.752577044083747,0.6226056218147278,0.9601961970329285
7987,29.838841472057915,37.08166156991517,7.242820097857255,0.8572905659675598,0.9793603420257568
7988,29.223200486321712,29.236861256581964,0.013660770260251809,0.8604732155799866,0.8623375296592712
7989,38.99822506420248,38.996623627483224,-0.001601436719255389,0.9993718266487122,0.9993658065795898
7992,31.69171354291563,34.50637277873054,2.814659235814908,0.8911175727844238,0.9513228535652161
7994,32.3045890892662,41.43845975943742,9.13387067017122,0.7520487308502197,0.982966959476471
7995,29.04629783422349,29.04597474598312,-0.00032308824037130535,0.9935154914855957,0.9935151934623718
7997,27.37648693423572,28.74223121686988,1.3657442826341573,0.8082966804504395,0.8982746005058289
8002,34.15184248067577,34.15241559960646,0.0005731189306885653,0.9988263249397278,0.9988275170326233
8003,25.701193701478626,25.701410912830795,0.00021721135216878906,0.9883015751838684,0.9883026480674744
8004,25.305248176941262,37.25261943205489,11.94737125511363,0.42442795634269714,0.9605109691619873
8005,30.371252365448917,32.90646014439636,2.535207778947445,0.8528731465339661,0.9851441979408264
8006,28.55120654951634,37.41230281917959,8.861096269663246,0.6902244091033936,0.9740098118782043
8007,26.289733242567742,26.29057934626401,0.0008461036962685853,0.8236342072486877,0.8236975073814392
8008,27.463341309584326,31.002462390746665,3.539121081162339,0.6681879162788391,0.9579212069511414
8010,32.26205311472926,41.36210183572514,9.10004872099588,0.7806965708732605,0.9833604693412781
8012,20.458948254703188,21.18686610995926,0.7279178552560737,0.7733871340751648,0.9500908851623535
8015,28.867824175190037,28.86838985642456,0.0005656812345229412,0.9671350121498108,0.9671345353126526
8018,31.22906391223957,33.050847809154,1.8217838969144289,0.8296433091163635,0.9187374114990234
8022,30.003685557335878,40.625358359737604,10.621672802401726,0.6736631393432617,0.9743536114692688
8024,27.599746444725987,32.679728205842146,5.079981761116159,0.766235888004303,0.9535775184631348
8026,26.770959760371092,36.65803447165018,9.88707471127909,0.6170886158943176,0.9540913701057434
8029,31.263352790217382,41.23393324496932,9.97058045475194,0.7198476195335388,0.9762538075447083
8030,31.40024358380355,35.92252272850117,4.52227914469762,0.9186052680015564,0.975306510925293
8032,32.47249449884724,33.949070743026475,1.4765762441792347,0.8598125576972961,0.9404881000518799
8033,31.01885505447903,31.293505237821215,0.2746501833421853,0.9039079546928406,0.9170672297477722
8035,25.088227899656417,33.72343531131705,8.63520741166063,0.5503098368644714,0.895698070526123
8037,21.989673865082867,22.016015338459553,0.026341473376685798,0.8716335892677307,0.8839771151542664
8038,25.384459691081656,36.4141125889064,11.029652897824743,0.5295116305351257,0.9522578120231628
8040,30.96708342268631,34.49610605891798,3.5290226362316695,0.9637138843536377,0.9846768975257874
8041,25.176845678881943,27.23696598078014,2.0601203018981984,0.5758753418922424,0.7922296524047852
8042,31.537992144604765,40.253595613405054,8.715603468800289,0.7614410519599915,0.97511225938797
8043,31.971009686102082,38.16154262317226,6.190532937070177,0.872626006603241,0.9781093597412109
8045,33.11861794408485,33.11872368953927,0.00010574545441954797,0.9157202243804932,0.9157266616821289
8047,26.251331239135194,27.839974648842,1.5886434097068047,0.7491000294685364,0.8497093319892883
8049,29.526879553255128,31.28537664210194,1.7584970888468128,0.8247172236442566,0.9561512470245361
8050,18.383654498648877,18.397399079058825,0.013744580409948526,0.7190999984741211,0.7214129567146301
8051,28.67966440043255,38.66412433446127,9.98445993402872,0.5492144823074341,0.9262497425079346
8053,22.649511626851613,23.352042510305235,0.7025308834536226,0.7655084133148193,0.9344015121459961
8054,24.813337088501267,24.818144493576924,0.004807405075656135,0.7709641456604004,0.771306574344635
8055,25.12905946977119,32.90932716522334,7.7802676954521495,0.4599470794200897,0.9224739670753479
8056,29.596130328592032,31.91978127477824,2.323650946186209,0.775376558303833,0.9307622909545898
8057,44.31251552846936,44.313264060821794,0.0007485323524321075,0.9992861747741699,0.9992852210998535
8058,31.742100542071213,31.743073975142213,0.0009734330709996186,0.9201819896697998,0.9202823638916016
8060,25.310172957134583,29.452039579817686,4.141866622683104,0.5552887916564941,0.9569041728973389
8062,26.33256976853838,30.73610249916639,4.403532730628008,0.8683087229728699,0.9588675498962402
8063,26.211331876183714,26.57122946177687,0.3598975855931563,0.8189932703971863,0.8227993845939636
8064,35.388907633132774,35.3883197132952,-0.0005879198375708938,0.9987969398498535,0.9987960457801819
8066,25.99925778336209,26.028019438714026,0.028761655351935644,0.8530400395393372,0.86029452085495
8067,20.24995350340998,24.22503395226328,3.9750804488533014,0.6612589955329895,0.8589432835578918
8070,28.27578467492144,35.513099401584604,7.237314726663165,0.6527484059333801,0.9120705723762512
8071,28.65114422990775,28.651102351975794,-4.187793195598033e-05,0.9444385170936584,0.9444401264190674
8075,25.90116137665015,34.9183542098135,9.01719283316335,0.6459597945213318,0.9502761960029602
8076,31.596946569516042,31.59737891650153,0.00043234698548744177,0.9942708015441895,0.9942734837532043
8083,32.029105785788595,35.443813278361496,3.4147074925729015,0.9430683255195618,0.9832437038421631
8084,33.271433793611756,33.94639994137393,0.6749661477621771,0.9145415425300598,0.9627165794372559
8085,24.996248956275586,35.78120383450183,10.784954878226245,0.4835381507873535,0.9455074667930603
8086,24.179718990118996,24.1799072142761,0.0001882241571031784,0.8536980748176575,0.8537018299102783
8087,25.279259924604514,30.788398266633173,5.50913834202866,0.6210616230964661,0.9529147744178772
8088,25.487404590318427,38.3883685723632,12.900963982044772,0.41052722930908203,0.953650712966919
8089,31.43704024191849,35.95877797761873,4.521737735700242,0.9126424193382263,0.9664155840873718
8091,25.3472896324481,25.585586480994902,0.23829684854680266,0.6983296871185303,0.724250078201294
8094,22.10098565513094,23.4143885675811,1.313402912450158,0.6807816028594971,0.7754277586936951
8095,25.66354921429804,32.12528507069444,6.461735856396398,0.8206998705863953,0.9525400996208191
8096,27.14710622838041,27.390073122178418,0.24296689379800895,0.8621900677680969,0.8826026916503906
8098,26.476176044456604,35.846836203209016,9.370660158752411,0.7305414080619812,0.9643542170524597
8100,25.625184546367997,30.031584524869068,4.406399978501071,0.86903315782547,0.9637631773948669
8102,30.559838912603468,38.549739909244416,7.989900996640948,0.7846501469612122,0.9731237888336182
8103,25.144061757512745,34.59654833905362,9.452486581540875,0.6351065635681152,0.9447331428527832
8107,28.65323382138177,28.93740277084011,0.28416894945833704,0.9186864495277405,0.9381496906280518
8108,27.80691607280565,27.80720168463501,0.00028561182936215346,0.9921050667762756,0.9921062588691711
8109,24.8305821083403,24.830593794366127,1.1686025825241586e-05,0.8850358128547668,0.8850398659706116
8110,29.42378803599585,40.99972835649873,11.575940320502877,0.5869653820991516,0.9710325598716736
8111,23.755163968986533,23.81401499933218,0.05885103034564665,0.7067435383796692,0.7148594856262207
8112,28.787078761966537,36.280782704430514,7.493703942463977,0.8316490054130554,0.9701225757598877
8114,24.825989168149366,35.93582033948403,11.109831171334665,0.450747013092041,0.9208757281303406
8116,33.75112250356296,40.12453460000364,6.373412096440681,0.9074816107749939,0.9840044379234314
8118,28.94943119803098,28.998605843505732,0.049174645474753476,0.8824954032897949,0.8931195735931396
8124,14.410978421437044,20.732844907883745,6.321866486446702,0.3462847173213959,0.7964736819267273
8125,24.106192043813245,30.140817215098874,6.034625171285629,0.5436460375785828,0.9527869820594788
8127,36.30320357959364,37.81968479229107,1.5164812126974283,0.9345574378967285,0.9732535481452942
8128,27.21248520509638,34.29310800463143,7.080622799535046,0.6870219707489014,0.937252938747406
8130,28.09962574450394,31.042937877816833,2.9433121333128938,0.8507582545280457,0.9691557288169861
8131,25.133540373144562,34.76919084946809,9.635650476323526,0.5778563618659973,0.9564886093139648
8132,26.48257830154231,26.487346789073555,0.004768487531244148,0.9194130301475525,0.9196279644966125
8133,29.212173595566146,41.3363528574854,12.124179261919256,0.5485597848892212,0.9666852951049805
8134,32.71164997993263,38.258622228423896,5.546972248491265,0.8977405428886414,0.9794588088989258
8136,26.599126830303796,26.61125866761642,0.012131837312622906,0.8802115321159363,0.8825908303260803
8137,25.34342989847678,32.217783319419986,6.874353420943205,0.6708589196205139,0.9018270373344421
8138,29.592838574129757,37.72583855571674,8.132999981586984,0.762070894241333,0.9714173674583435
8140,28.539573237743213,28.79992143917989,0.2603482014366776,0.8376434445381165,0.8745849132537842
8142,30.003884425609613,30.00391073965117,2.6314041559061252e-05,0.9188177585601807,0.9188148379325867
8143,27.939385030653987,36.11802566723868,8.178640636584696,0.7260122299194336,0.9712780117988586
8144,25.917531729131326,25.91626520562327,-0.0012665235080575599,0.9049347043037415,0.9317371249198914
8145,36.48828797308907,36.48838594857078,9.797548170809023e-05,0.973842442035675,0.97384113073349
8146,24.816382243478934,26.1502525274781,1.3338702839991647,0.6969151496887207,0.9489086270332336
8148,29.8879946689755,31.386415676729985,1.4984210077544837,0.848661482334137,0.9088776707649231
8149,24.526789987234192,25.466646811860393,0.9398568246262009,0.7887985110282898,0.9558582901954651
8150,25.292462571963977,25.292590494984545,0.00012792302056752192,0.9546835422515869,0.9546902179718018
8151,29.749508031053303,29.810638537514752,0.06113050646144913,0.9295657277107239,0.9306814074516296
8152,30.57889990650326,40.03650436684845,9.457604460345188,0.7044745087623596,0.9783427715301514
8153,37.1571358784927,37.15726363235662,0.0001277538639143927,0.9800825119018555,0.9800816178321838
8154,26.807852625224434,36.2291219418151,9.421269316590667,0.5460827350616455,0.9454524517059326
8157,35.504438998658024,36.12417185615373,0.6197328574957055,0.9250321388244629,0.9523694515228271
8158,27.43401888546106,38.51568405519788,11.08166516973682,0.5384788513183594,0.9663877487182617
8159,27.949285485930773,35.73172680316197,7.782441317231196,0.761690616607666,0.9677225947380066
8165,30.408916354957096,30.44065150731094,0.03173515235384272,0.949885368347168,0.9501602649688721
8167,30.377891791379525,30.60094616746631,0.22305437608678602,0.8333486914634705,0.8642683029174805
8168,27.441514330514956,36.492739078285446,9.05122474777049,0.4959203004837036,0.9687460064888
8169,26.533224061304228,38.726889078109416,12.193665016805188,0.4899158477783203,0.9563795924186707
8171,32.02089220755439,41.55226501912095,9.531372811566563,0.7338290214538574,0.9746129512786865
8172,25.113916135593893,37.22874657561729,12.1148304400234,0.4356273114681244,0.9634286761283875
8175,34.15140225306616,34.15083354111397,-0.0005687119521908812,0.9987666010856628,0.9987668395042419
8176,27.610089213294803,27.610356628490464,0.00026741519566186867,0.9924063682556152,0.9924087524414062
8178,33.02376817071562,38.922676771353714,5.898908600638094,0.8568534255027771,0.9777851700782776
8179,39.29633547477833,39.29649886263204,0.00016338785371061704,0.9847509264945984,0.9847498536109924
8180,28.347574124314676,28.10873906619962,-0.238835058115054,0.9331965446472168,0.9232798218727112
8181,29.046027915887972,29.045708094523132,-0.00031982136484032253,0.9962124228477478,0.9962131381034851
8182,21.296537071454246,21.296670096870365,0.00013302541611892593,0.958768367767334,0.958770751953125
8183,48.16546747447606,48.168222003038174,0.0027545285621144444,0.9998930096626282,0.9998934864997864
8184,27.491355536298382,30.12431972434435,2.6329641880459675,0.8398423790931702,0.962107241153717
8185,30.47965289564944,35.84480621805422,5.365153322404776,0.8841590881347656,0.969140350818634
8186,26.233606847239777,35.544833318196865,9.311226470957088,0.6052837371826172,0.943270206451416
8187,22.94552417798588,22.959501426284177,0.013977248298296274,0.7765746116638184,0.7782402634620667
8188,26.478220396406144,36.120886959748574,9.64266656334243,0.5788015723228455,0.9495931267738342
8190,30.79162155161128,37.138422655675214,6.346801104063935,0.7264809012413025,0.970930814743042
8191,24.7831684835645,34.19668972794125,9.41352124437675,0.6465371251106262,0.9487188458442688
8192,24.81683101593068,24.817020470681154,0.0001894547504726063,0.9178736805915833,0.9178782105445862
8194,30.019393804201346,32.616779999706964,2.5973861955056172,0.7907933592796326,0.9780328869819641
8195,30.402588515351226,30.569758854111907,0.16717033876068044,0.8765024542808533,0.8931090235710144
8196,29.473141705501714,38.434042222052916,8.960900516551202,0.6820962429046631,0.960034191608429
8199,25.887408053901947,36.01117672658965,10.123768672687707,0.5812376141548157,0.9617428183555603
8200,35.28974039814135,35.28784541527433,-0.0018949828670145052,0.9977865219116211,0.9977667331695557
8201,26.205473142619347,34.211449974563166,8.00597683194382,0.740943193435669,0.9495897889137268
8202,31.640053863106573,38.43857859399559,6.798524730889014,0.8603870272636414,0.9766733050346375
8204,32.975717742428216,42.178754744066666,9.20303700163845,0.7756791114807129,0.9814977645874023
8206,33.12262511169547,41.57982654862022,8.457201436924748,0.8144286274909973,0.9831580519676208
8211,32.88665511373054,38.237372343662,5.350717229931462,0.9249382019042969,0.9794001579284668
8212,20.660282734287108,20.96672331214699,0.3064405778598811,0.7321999073028564,0.9591335654258728
8213,32.09133608842217,32.09091303281712,-0.00042305560504729556,0.9649980664253235,0.964978039264679
8217,30.292259902712523,37.685846667958145,7.393586765245622,0.8364724516868591,0.9743602871894836
8219,21.279434490175166,21.27893465514323,-0.0004998350319347367,0.7288368344306946,0.7288265824317932
8221,28.027910958824812,28.028105846325317,0.00019488750050555836,0.9467441439628601,0.9467453360557556
8222,27.825026986357422,27.91492675340331,0.08989976704588898,0.8933420777320862,0.9304640889167786
8224,30.118742660952897,30.16321399343619,0.044471332483293935,0.9408261775970459,0.9410273432731628
8228,26.359095078205574,36.63420102924694,10.275105951041365,0.6186273694038391,0.9551334381103516
8231,20.236522450772576,20.239107644495007,0.002585193722431711,0.7651426196098328,0.7667296528816223
8232,27.34348175854319,27.342676916799817,-0.0008048417433741406,0.9952625632286072,0.9949316382408142
8234,29.932760419269894,39.65253089552289,9.719770476252993,0.6696018576622009,0.9707781672477722
8236,37.845650036347784,37.8457704899608,0.00012045361301460389,0.9866485595703125,0.9866476058959961
8237,26.76863546938187,37.23765270448701,10.469017235105142,0.5464648604393005,0.9633327126502991
8238,29.753847439482094,29.75385556083768,8.121355584478351e-06,0.9456015229225159,0.9456022381782532
8239,25.43561899243874,25.454166965936444,0.01854797349770365,0.835798442363739,0.84063720703125
8240,25.3024347590757,35.437015974101165,10.134581215025463,0.5724230408668518,0.9425058364868164
8241,32.373226263441445,32.37368079133556,0.00045452789411370986,0.9959980845451355,0.995999276638031
8243,25.950017378493264,26.650669731895405,0.7006523534021412,0.7835615277290344,0.9423828125
8244,22.260956307127664,24.473275139566898,2.2123188324392338,0.5592936873435974,0.9185486435890198
8245,29.67489333899139,31.560765565046992,1.8858722260556036,0.8214499950408936,0.9270837903022766
8246,33.69959368808876,40.57301124269314,6.87341755460438,0.9076977372169495,0.982117235660553
8250,49.00098537874786,48.82286823198028,-0.17811714676758328,0.9997608661651611,0.9997327923774719
8251,33.38818347480113,38.55138121057118,5.163197735770048,0.9493279457092285,0.9855396151542664
8254,24.901938673845866,33.21208542410686,8.310146750260994,0.6879557967185974,0.9477382302284241
8255,20.341063918183977,20.357391488921873,0.01632757073789648,0.7511208057403564,0.7560207843780518
8256,26.23966873260542,27.81004601172452,1.5703772791191,0.6356528401374817,0.9714279174804688
8258,27.615375539387465,36.706223765860045,9.09084822647258,0.7072150707244873,0.9596266746520996
8264,30.495248692528435,33.058571851004615,2.56332315847618,0.7937447428703308,0.9150843620300293
8266,27.08577494182038,27.55941018674489,0.4736352449245125,0.8279024958610535,0.9047470092773438
8268,27.762212763601536,36.32471852818324,8.562505764581704,0.7369735836982727,0.9618436694145203
8269,24.215476447145466,35.98127638793375,11.76579994078828,0.4343545436859131,0.9475445747375488
8270,28.044386840261595,36.33233797437667,8.287951134115076,0.724354088306427,0.9519254565238953
8271,29.414801241786787,30.2712191908115,0.8564179490247135,0.8670894503593445,0.9407320022583008
8273,22.772478425734906,22.77249910318979,2.0677454884321378e-05,0.9348732829093933,0.9348721504211426
8274,31.39735855557237,32.59667603072299,1.1993174751506182,0.8573775291442871,0.9338951110839844
8277,23.29312156427095,25.552608191232267,2.2594866269613156,0.6156880855560303,0.7754846215248108
8278,28.05429954796697,37.3670216400645,9.31272209209753,0.6351338028907776,0.9415864944458008
8279,24.99591990004575,25.04724420950574,0.05132430945999289,0.8516740798950195,0.856205940246582
8281,34.379154279166016,34.379206594554425,5.231538840888561e-05,0.9627811312675476,0.9627804160118103
8282,48.13272572555073,48.135522296060735,0.002796570510007257,0.9998922348022461,0.9998930096626282
8283,30.729169872236422,30.72942343762729,0.0002535653908672941,0.9915153384208679,0.9915153980255127
8286,31.16048294830858,32.049403001827,0.8889200535184223,0.8790557384490967,0.9317023158073425
8291,36.10467206450909,36.103962838520005,-0.0007092259890839614,0.9922993779182434,0.9922983050346375
8293,31.314763416927647,37.37584179823938,6.061078381311731,0.868974506855011,0.9742953181266785
8294,28.36522498085502,36.235235466420214,7.870010485565192,0.7949127554893494,0.9662635326385498
8295,21.19837896426042,22.18113111864627,0.9827521543858495,0.6055938601493835,0.9466975331306458
8296,21.482893922810227,23.49146828659044,2.0085743637802125,0.696413516998291,0.8658942580223083
8297,27.941070255231487,33.335422689841685,5.394352434610198,0.8361448645591736,0.9722914695739746
8300,33.268400998518565,37.705079501325784,4.436678502807219,0.9624237418174744,0.9883659482002258
8302,30.089117388152644,30.089540583812617,0.00042319565997317454,0.9954949021339417,0.995495617389679
8307,29.332551313379064,36.79766504274281,7.465113729363743,0.8007565140724182,0.9695806503295898
8308,24.610427693055033,34.35758448438607,9.747156791331033,0.5610890984535217,0.938133955001831
8310,35.473358839224126,35.473021881594434,-0.0003369576296918808,0.9899404644966125,0.9899304509162903
8312,31.505547182068142,38.6619610433305,7.156413861262358,0.827671229839325,0.974072277545929
8314,29.351862474218056,37.84711148357789,8.495249009359835,0.7468345761299133,0.9764689803123474
8315,24.743074838761018,32.36041079773176,7.617335958970742,0.6949942708015442,0.9361131191253662
8317,28.01722640955638,32.010397925631096,3.9931715160747174,0.8001226782798767,0.9686729311943054
8318,31.62561903832344,31.62469987201917,-0.0009191663042678044,0.911303699016571,0.9112691879272461
8319,31.724568573955207,32.99366351874435,1.269094944789142,0.9359920620918274,0.9641244411468506
8320,26.446957807182628,33.69525810238883,7.2483002952061995,0.7652866840362549,0.9531694054603577
8323,32.6807019200507,42.07890863294938,9.398206712898677,0.7640888094902039,0.9817929863929749
8324,30.988004396301786,30.988029468547957,2.507224617076531e-05,0.9139105677604675,0.9139102101325989
8325,27.012461678129483,27.027154370043,0.014692691913516853,0.8111594319343567,0.8151049017906189
8326,31.54631824149328,37.73449749635665,6.188179254863371,0.8923891186714172,0.981651782989502
8327,29.01047630902605,38.62900654163457,9.618530232608517,0.6689400672912598,0.9594547152519226
8329,31.769724063092156,34.412213685774454,2.642489622682298,0.7922174334526062,0.9234165549278259
8331,25.02982006157381,27.955354190758456,2.9255341291846477,0.52815842628479,0.9458447098731995
8332,31.592693314240947,31.59309021554921,0.00039690130826386394,0.9974050521850586,0.997405469417572
8333,25.13953366877532,37.02858607616835,11.88905240739303,0.4337897300720215,0.9580378532409668
8337,27.782165562888068,27.781930436725002,-0.0002351261630657575,0.9119674563407898,0.9119644165039062
8338,27.81501202170238,27.86825714757225,0.0532451258698714,0.8796342015266418,0.8861029744148254
8340,31.67841236393798,35.86485524427344,4.186442880335463,0.9480881690979004,0.9819797873497009
8341,28.807460286877173,39.067539859756025,10.260079572878851,0.5830480456352234,0.9554523825645447
8343,23.962607519422324,23.96273846628356,0.00013094686123693577,0.7765977382659912,0.776616096496582
8345,23.225155591487994,23.225316237458642,0.00016064597064868735,0.9744614958763123,0.9744619727134705
8348,32.36677849094062,33.55042996991297,1.183651478972351,0.9141547679901123,0.9722749590873718
8349,24.386536975978395,30.675464657482042,6.2889276815036474,0.8657200932502747,0.9646496176719666
8351,31.937311341670025,33.88829107500014,1.950979733330115,0.853531539440155,0.9377043843269348
8353,34.6600713973712,34.660134970447636,6.357307643867216e-05,0.9542545676231384,0.9542533755302429
8354,36.73635166303381,36.73644228171725,9.06186834441769e-05,0.977489709854126,0.9774878621101379
8355,23.585794238105375,23.585972488330356,0.00017825022498030307,0.9575362205505371,0.9575403332710266
8356,22.321398360882743,23.90603768155546,1.5846393206727178,0.7132415771484375,0.9154820442199707
8357,24.834606727792874,31.519630791910078,6.685024064117204,0.7439556121826172,0.9463145136833191
8359,25.93769967288312,32.01024130065164,6.072541627768523,0.9020779132843018,0.976043164730072
8360,26.22221802072797,31.9143042524364,5.69208623170843,0.6992642283439636,0.8927120566368103
8361,26.552320044649584,26.559880070906413,0.0075600262568293886,0.9132751822471619,0.9145529866218567
8364,31.359791450820875,32.07858643049348,0.7187949796726052,0.9302971959114075,0.9559624791145325
8366,29.57494755163516,37.624196018849965,8.049248467214806,0.7814147472381592,0.9690544009208679
8368,24.23592987832894,25.643964388262383,1.4080345099334437,0.6081789135932922,0.9286807179450989
8370,25.35444724527413,37.90893321691667,12.554485971642542,0.4148368537425995,0.9578275680541992
8372,27.471007321644162,35.538461622921375,8.067454301277213,0.7297285199165344,0.9549169540405273
8376,25.735534159680004,26.93284240849886,1.1973082488188567,0.6382601857185364,0.9009925723075867
8377,38.70085337286286,38.70102206729169,0.0001686944288294967,0.9896913170814514,0.9896913170814514
8378,26.709656394830894,35.06665948789341,8.357003093062517,0.5200192332267761,0.9310927391052246
8379,24.06147577406282,24.24361020991999,0.1821344358571686,0.711601197719574,0.7500551342964172
8380,32.46623139892405,36.81600877224214,4.349777373318091,0.8902372717857361,0.9655382037162781
8381,35.43879102315559,36.92803206586108,1.489241042705494,0.9183468818664551,0.9574149250984192
8383,27.37268064280761,32.69417026164803,5.321489618840424,0.7930237650871277,0.9522235989570618
8385,36.934344000092295,36.93512497802984,0.0007809779375449466,0.997330904006958,0.9973311424255371
8386,19.96765217669909,20.209534303279682,0.24188212658059172,0.8332251906394958,0.9295182824134827
8388,26.524341498252934,31.65047892845793,5.126137430204995,0.5255416035652161,0.6628583073616028
8389,33.00544884168292,37.685285861656894,4.679837019973974,0.9158880710601807,0.9730125069618225
8392,32.09025398283967,36.8144709942582,4.724217011418531,0.9616441130638123,0.9882550239562988
8394,35.403630677853435,35.40369515682317,6.44789697332726e-05,0.9751306176185608,0.9751289486885071
8397,38.58848685062645,38.58943489333613,0.0009480427096804078,0.9995854496955872,0.9995859265327454
8398,25.513396386760824,31.812750287545338,6.299353900784514,0.8043653964996338,0.9470588564872742
8400,24.663931156386838,24.750938040636143,0.08700688424930547,0.8060289025306702,0.8237305283546448
8401,35.17057588394802,35.1706245224673,4.863851928149643e-05,0.9692273139953613,0.9692266583442688
8402,28.549577804422075,28.643901649179305,0.09432384475723055,0.8515761494636536,0.8664372563362122
8403,31.12818888067226,40.335799837632635,9.207610956960377,0.7512031197547913,0.9679317474365234
8404,28.80368577254506,33.73334599866319,4.929660226118131,0.920619547367096,0.9762163758277893
8405,26.391825899998373,31.03480324275285,4.642977342754477,0.8905062675476074,0.9651965498924255
8406,23.341367718336432,25.37233156751445,2.0309638491780184,0.7891523241996765,0.9385859966278076
8408,29.640323462650105,29.64034580192925,2.2339279144745205e-05,0.9079354405403137,0.9079355597496033
8409,42.224176532001685,42.22561140213771,0.0014348701360233918,0.9997937083244324,0.9997916221618652
8415,27.534439748767223,34.500284363077924,6.965844614310701,0.8721046447753906,0.9742457866668701
8416,26.43071387473475,33.30524241459206,6.874528539857309,0.7244989275932312,0.9470949172973633
8417,24.876734035456103,24.876935446337495,0.00020141088139169483,0.9848644137382507,0.9848653674125671
8418,25.276440454576697,34.52088415851212,9.24444370393542,0.6224091649055481,0.9374735951423645
8419,29.104934375942634,36.54246478970503,7.437530413762396,0.6933021545410156,0.9430907368659973
8421,30.073582684918925,30.073227884541232,-0.0003548003776927544,0.9941437840461731,0.9941425323486328
8423,30.440554701624695,35.69889194758287,5.258337245958177,0.9266948103904724,0.9806894659996033
8426,25.85869072459039,33.79691870950046,7.938227984910071,0.7087110877037048,0.9374522566795349
8433,31.306909188102622,32.78255876743563,1.4756495793330089,0.8769996166229248,0.9607027173042297
8435,30.788889337141782,30.789417148283764,0.0005278111419819709,0.9837653636932373,0.9837713241577148
8438,33.325888371367476,33.43822018837623,0.1123318170087515,0.9312750697135925,0.941044270992279
8439,24.324302250864093,24.32480449613452,0.0005022452704253055,0.9494295716285706,0.9494437575340271
8440,22.743396367330426,23.39135542345334,0.6479590561229145,0.7614745497703552,0.9543523788452148
8442,24.361086809811724,24.425180063452444,0.0640932536407206,0.7644901275634766,0.7715347409248352
8443,23.983429241531653,23.983433796025366,4.554493713726515e-06,0.8332710266113281,0.8332710266113281
8444,25.60183503139234,25.652307684949317,0.05047265355697661,0.8237056732177734,0.8246349692344666
8445,26.670959310542123,27.656309926076563,0.9853506155344398,0.7431668639183044,0.9294089674949646
8447,32.45282187740046,38.18989158214651,5.737069704746048,0.9144667983055115,0.9780669808387756
8448,25.901074414851596,36.59864321052276,10.697568795671163,0.5219921469688416,0.953613817691803
8450,26.73566451301207,27.893579962555304,1.1579154495432356,0.8742009997367859,0.96778804063797
8451,26.109008179886857,37.428105710888914,11.319097531002058,0.5203956365585327,0.9586024284362793
8453,23.43014122309974,27.574674417143882,4.144533194044143,0.6021402478218079,0.896648108959198
8454,19.086072676028895,19.096978834057523,0.01090615802862871,0.8255589008331299,0.8281354308128357
8456,33.628411661466245,42.71174408323454,9.083332421768297,0.7989048957824707,0.9858404994010925
8458,32.15857932435382,32.99983461968232,0.8412552953284944,0.9101633429527283,0.9418106079101562
8459,26.746213058294362,32.99474398729275,6.248530928998388,0.8357009887695312,0.9576901793479919
8462,26.72319775169184,31.526642874859803,4.803445123167965,0.8793453574180603,0.9612897038459778
8463,18.639475254096894,18.662891614197413,0.023416360100519285,0.7265937924385071,0.7295337319374084
8466,28.358279287391504,31.883228057955947,3.5249487705644427,0.6978570818901062,0.93800950050354
8471,31.373919364622832,31.373964803748148,4.543912531573824e-05,0.9164609909057617,0.9164595603942871
8472,31.02475434805246,38.39645838275408,7.371704034701622,0.8227493166923523,0.9737150073051453
8473,29.304811587000465,38.22899523711615,8.924183650115687,0.7809507250785828,0.9747650027275085
8477,16.79042827863264,16.806249804455227,0.015821525822588,0.9159752726554871,0.9305626749992371
8480,25.786119067923128,34.01432897526048,8.228209907337355,0.6264501214027405,0.935705840587616
8481,25.890979800680594,33.84966628839771,7.958686487717113,0.6788297295570374,0.9513134956359863
8483,33.46367022214239,33.46417815400439,0.0005079318619962692,0.9973782896995544,0.9973786473274231
8484,35.18867579823537,35.18874384273887,6.804450350017532e-05,0.9677178859710693,0.9677172303199768
8485,19.57648719811852,19.62749978154527,0.051012583426750524,0.7140145897865295,0.716468334197998
8490,25.210022262724703,26.219103335708276,1.009081072983573,0.8314449191093445,0.9673681855201721
8491,31.356927287843824,41.1246777207254,9.767750432881577,0.7274758815765381,0.9751390814781189
8492,24.626186596300983,35.9990797878017,11.372893191500715,0.4989560544490814,0.9539212584495544
8493,24.847100906572315,31.107492379605894,6.260391473033579,0.8169172406196594,0.9466602802276611
8494,26.547179263525127,26.546939094988385,-0.0002401685367416917,0.9949700832366943,0.994970977306366
8495,29.208348702216117,38.61322735114219,9.404878648926076,0.6903372406959534,0.9677961468696594
8497,24.70017836505977,27.68344283235745,2.98326446729768,0.8870671391487122,0.9628226161003113
8498,26.088953513693724,33.31838157700958,7.229428063315858,0.8329141736030579,0.9673168659210205
8499,29.937830167655722,36.931126716628604,6.993296548972882,0.6668069958686829,0.9695144295692444
8502,30.339456738627838,35.199149238155556,4.859692499527718,0.9262545704841614,0.9834200739860535
8503,25.452042747928832,35.27644556621376,9.824402818284927,0.3989756405353546,0.873862087726593
8506,33.07367495034917,35.22139640479275,2.1477214544435768,0.9829328656196594,0.9912626147270203
8508,28.640268062821193,36.02309700505211,7.3828289422309155,0.7971531748771667,0.9620780944824219
8509,26.05421692349378,26.080957669748962,0.0267407462551823,0.8045870661735535,0.8049445748329163
8510,26.885456945841547,28.519170625664188,1.633713679822641,0.9256777763366699,0.9739564061164856
8512,23.949754674642154,29.602579688083857,5.652825013441703,0.5893731713294983,0.9380087852478027
8516,28.854604652299916,29.95739898365509,1.1027943313551738,0.8582773208618164,0.9205620884895325
8518,31.45733680868546,36.78660776573238,5.329270957046916,0.7795252799987793,0.9524857997894287
8519,23.486974180959987,26.314992255559716,2.828018074599729,0.5243120193481445,0.9340338706970215
8520,27.05029434802948,27.12627711447157,0.07598276644208823,0.8604716658592224,0.8655588030815125
8523,28.09803154788167,34.5966958593228,6.498664311441129,0.8600819706916809,0.96902996301651
8528,37.72918961291292,37.72898993011489,-0.00019968279802640154,0.9968702793121338,0.9968705177307129
8530,26.640914956420513,33.8947100078023,7.25379505138179,0.7641301155090332,0.957344114780426
8533,25.435625355398443,25.450133790402823,0.01450843500438026,0.8652788996696472,0.8659061789512634
8534,27.31765875121293,37.40474430235245,10.087085551139516,0.6326656937599182,0.9585989117622375
8537,42.17911953611355,41.85502967541501,-0.3240898606985354,0.968066394329071,0.9652299880981445
8538,26.432402507558386,37.26675640527795,10.834353897719566,0.5283765196800232,0.9669219851493835
8539,24.15678187432675,24.156987541014885,0.0002056666881351532,0.9880552291870117,0.9880490303039551
8540,31.836945346063477,31.836791766161387,-0.00015357990208997307,0.9552443623542786,0.9552275538444519
8541,32.31077512332837,41.01308498073608,8.702309857407712,0.7900342345237732,0.9742088913917542
8545,28.189389637790747,34.05957775568516,5.870188117894415,0.899696409702301,0.9748932719230652
8546,34.018250091564795,34.499813417409236,0.4815633258444407,0.9283642768859863,0.9569607377052307
8549,27.939266120535528,35.461635081889256,7.5223689613537275,0.7571578025817871,0.9593439698219299
8554,29.153741870702703,30.40810567459172,1.2543638038890172,0.855837881565094,0.9213435649871826
8555,25.624217169214955,25.63479876036012,0.010581591145164992,0.8648442625999451,0.8650019764900208
8556,46.34869282120914,46.345957499280466,-0.002735321928675205,0.9998281002044678,0.9998276829719543
8558,25.20881794821851,25.208615975534215,-0.00020197268429456017,0.9745567440986633,0.9745566844940186
8560,26.974852946952844,27.34193034349262,0.3670773965397771,0.8012575507164001,0.8969486355781555
8561,24.080296668579052,31.916434258242106,7.836137589663053,0.5038310885429382,0.9175979495048523
8563,24.609791638587645,24.609988057231348,0.00019641864370356643,0.9901788830757141,0.9901791214942932
8564,26.48925853462361,30.65219761629219,4.162939081668583,0.6811203956604004,0.9380577206611633
8567,23.570986257467588,27.11059879793634,3.5396125404687524,0.7460859417915344,0.8930703997612
8570,28.729533611703037,28.729501536815857,-3.20748871800447e-05,0.9544346928596497,0.9544296264648438
8572,30.532202391731296,30.601275098940775,0.06907270720947878,0.9122043251991272,0.9146563410758972
8573,26.676100172002958,33.26759008943739,6.5914899174344335,0.49826011061668396,0.9167384505271912
8576,28.97754479654106,36.05743212791492,7.079887331373861,0.6269563436508179,0.9738581776618958
8577,29.076089285875003,36.28767074865601,7.211581462781009,0.6848086714744568,0.9313327670097351
8578,29.52225551267123,37.129170591567394,7.606915078896165,0.7674902081489563,0.9632315039634705
8580,27.378507170290355,33.35091418956408,5.972407019273724,0.7623183131217957,0.9629378318786621
8581,26.704087472113148,26.787444236745273,0.08335676463212494,0.886549711227417,0.8950633406639099
8582,36.10412879526815,36.10267353969838,-0.0014552555697733283,0.994295597076416,0.9942925572395325
8584,27.463763085005212,27.487490363985152,0.023727278979940536,0.846568763256073,0.8468301296234131
8586,33.66974230552178,33.669036175578,-0.0007061299437793878,0.998552143573761,0.9985514283180237
8587,25.18427704280814,36.02597943165613,10.841702388847992,0.5059306025505066,0.9421980977058411
8589,24.04863717875576,24.04845584285157,-0.00018133590419111556,0.9906330704689026,0.9906327128410339
8590,32.40039708098459,32.400421244942166,2.4163957576206485e-05,0.9685308337211609,0.9685308337211609
8592,36.21659482014125,36.216509135166056,-8.5684975196898e-05,0.9650174975395203,0.9650176167488098
8593,32.609511542160824,34.22387976548254,1.6143682233217191,0.9255878329277039,0.9505046010017395
8594,37.04660462011456,37.0473125480787,0.0007079279641430958,0.9989336133003235,0.998933732509613
8596,24.752563376849658,29.9895336543057,5.236970277456042,0.6408217549324036,0.953014075756073
8599,27.212438371953755,37.12130076355275,9.908862391598998,0.693619430065155,0.9655842185020447
8603,36.69155600651178,36.69165071084172,9.470432993907707e-05,0.9841980338096619,0.9841963648796082
8604,25.520223014981074,29.517188048278832,3.9969650332977587,0.8212817311286926,0.9546413421630859
8608,33.52749704673954,40.774357538832604,7.246860492093063,0.8534536957740784,0.9819049835205078
8610,27.04147071390636,27.127767191871296,0.086296477964936,0.9177963137626648,0.9203920364379883
8611,24.254665749726758,24.277828717106694,0.023162967379935395,0.7801359295845032,0.7822479605674744
8612,28.862174913144564,28.855343410593733,-0.006831502550831203,0.9979004859924316,0.9974387288093567
8615,36.79439755757993,38.01919491855447,1.2247973609745415,0.9288875460624695,0.9670622944831848
8616,29.270148118562723,29.274978861301513,0.004830742738789695,0.9947933554649353,0.9944974780082703
8617,25.975058272677522,26.263774094496796,0.2887158218192738,0.8372672200202942,0.8478384017944336
8618,30.779744233764813,39.441885409380376,8.662141175615563,0.7740135192871094,0.9718168377876282
8619,26.211948956007852,26.33164418685756,0.11969523084970746,0.874223530292511,0.8757852911949158
8620,26.96661258400138,34.15628308747836,7.189670503476979,0.8100991249084473,0.9625163674354553
8621,32.0246744957796,37.13319936924552,5.108524873465917,0.8761085867881775,0.9741858839988708
8622,25.672593599939447,36.44631377908199,10.773720179142543,0.5410065054893494,0.9520229697227478
8624,25.794456125245606,35.438706564782834,9.644250439537227,0.598409116268158,0.9307548403739929
8625,27.40862391109228,28.32663916016059,0.9180152490683078,0.8612119555473328,0.9096792340278625
8626,28.714057670181056,33.17236131838356,4.458303648202502,0.7625599503517151,0.9541459679603577
8627,26.917432924037982,26.920653759557823,0.003220835519840648,0.8727512359619141,0.8732052445411682
8630,31.565048908059783,40.06438190674622,8.499332998686437,0.7698678970336914,0.9743563532829285
8631,33.90929644642272,40.199006855578816,6.289710409156093,0.9226990342140198,0.9854974150657654
8634,23.276852526088177,23.35888992584811,0.0820373997599333,0.8020656704902649,0.8199892044067383
8635,29.867971225706288,37.59038668318632,7.722415457480029,0.8081768155097961,0.9703595042228699
8636,30.70099096901556,36.43380603291519,5.732815063899633,0.9264199137687683,0.9824309349060059
8638,27.305209623399275,27.30494975090472,-0.00025987249455639017,0.9956204295158386,0.9956206679344177
8640,24.921243353449682,30.62590527920431,5.704661925754628,0.8421339988708496,0.9553219676017761
8641,29.353187008938285,32.76821522958529,3.4150282206470024,0.8509494662284851,0.943627655506134
8645,28.250686480992297,38.301589933985,10.050903452992703,0.6533036828041077,0.9697890281677246
8646,15.421814748005767,22.02562398826889,6.603809240263123,0.23889772593975067,0.8574216365814209
8647,32.13246097048873,36.34808237723669,4.215621406747964,0.9479167461395264,0.9826290011405945
8648,26.684343130020043,26.68461646827877,0.0002733382587258859,0.9912962913513184,0.9912977814674377
8649,31.043758512924118,40.57392787882712,9.530169365903003,0.7025566697120667,0.9807124137878418
8651,26.24016987560795,26.289502163553614,0.04933228794566347,0.7850857377052307,0.786552906036377
8652,21.085774757901508,21.73353415531009,0.6477593974085813,0.8777220845222473,0.9505537152290344
8653,22.322804340384383,25.920421195618097,3.5976168552337136,0.4087142050266266,0.9427511692047119
8654,30.060148288260592,30.874165763178457,0.8140174749178648,0.884220540523529,0.9251628518104553
8655,25.661728593353853,29.218993326445165,3.557264733091312,0.7575412392616272,0.9073677659034729
8656,34.095031526329514,34.095514434654184,0.0004829083246704613,0.9980805516242981,0.9980811476707458
8657,27.614515785161828,31.104618985343052,3.490103200181224,0.8192874789237976,0.9709040522575378
8658,27.589177790688524,38.74276336127904,11.153585570590515,0.5458613038063049,0.9671564102172852
8659,12.407059384257892,23.013618770110774,10.606559385852883,0.018558336421847343,0.8147005438804626
8660,22.934890212248096,24.238227131999565,1.3033369197514695,0.8435994982719421,0.8901582360267639
8661,24.987448422461846,37.42832663502376,12.440878212561913,0.42194125056266785,0.9657411575317383
8664,25.459287103697058,34.433855111345046,8.974568007647989,0.6056692600250244,0.9462907314300537
8666,24.867150470763953,37.40584971567654,12.538699244912586,0.40988650918006897,0.9672990441322327
8670,32.98116776798575,36.603476918757444,3.6223091507716916,0.9569007754325867,0.9846979975700378
8671,25.74826514721609,36.685585838502256,10.937320691286164,0.48227664828300476,0.951768696308136
8673,32.35754605155559,39.88832301293718,7.530776961381591,0.7140082716941833,0.9526252150535583
8674,25.13470024189538,27.23855476303827,2.103854521142889,0.6180548667907715,0.9575364589691162
8675,25.10157409798119,32.55189323656963,7.450319138588444,0.7870025634765625,0.9594785571098328
8677,26.661737850702906,26.673297704430276,0.011559853727369784,0.8750142455101013,0.8756838440895081
8678,32.669626745541144,41.79814690503285,9.128520159491707,0.766623318195343,0.9845037460327148
8685,26.32115068642886,29.372066604844992,3.0509159184161305,0.8702661991119385,0.9688069224357605
8686,27.332670678308375,30.73470233421915,3.4020316559107755,0.810492217540741,0.9667899012565613
8689,32.186905153541886,38.34537124843956,6.158466094897676,0.8889814019203186,0.9797496199607849
8694,31.161335678475627,40.09481301917292,8.93347734069729,0.7500728964805603,0.9714601039886475
8696,23.971246381146507,26.86054329189946,2.889296910752954,0.5397144556045532,0.9536555409431458
8699,27.58801710617666,27.583666430374496,-0.004350675802164972,0.9893439412117004,0.9888526797294617
8702,28.464277706124236,28.465535635538217,0.0012579294139811736,0.9955593943595886,0.9953119158744812
8705,19.362686094269947,19.367501962048145,0.004815867778198424,0.6631681323051453,0.663404643535614
8706,28.6463627494819,28.646627076865634,0.0002643273837357185,0.9914824366569519,0.991492748260498
8708,24.569581339889808,35.25326448919946,10.683683149309651,0.5141161680221558,0.9416305422782898
8709,23.792004167533364,26.894715283933092,3.1027111163997283,0.4613000452518463,0.754109799861908
8710,26.915243622495325,36.790424705091226,9.875181082595901,0.6015958189964294,0.9552366137504578
8711,23.73809628805716,24.194911942549204,0.4568156544920434,0.6501138806343079,0.7461130023002625
8712,30.145827410765044,30.165616555060936,0.01978914429589196,0.8553063869476318,0.8591403961181641
8713,28.15833502965363,28.157810006286784,-0.0005250233668476767,0.914576530456543,0.9145376086235046
8714,32.234390063331915,32.784776765545914,0.5503867022139985,0.8841242790222168,0.926995575428009
8715,22.747272436721225,22.981335005548956,0.23406256882773135,0.8439323902130127,0.9290834069252014
8718,29.334875818972264,29.870962016714408,0.5360861977421436,0.9140796065330505,0.9693043231964111
8722,24.924603973383515,30.981594777816927,6.056990804433411,0.8009455800056458,0.9455708861351013
8723,29.04119211821833,33.28784639926353,4.246654281045199,0.9224434494972229,0.9792065620422363
8724,33.18910001535711,42.444842388016355,9.255742372659242,0.7730919718742371,0.9829604029655457
8726,31.378633692273414,36.82497033882125,5.446336646547838,0.9287703037261963,0.9818031191825867
8727,34.67675647465837,34.67642033364807,-0.0003361410103011053,0.9917585253715515,0.9917559623718262
8728,28.7799511974517,32.0120231427493,3.232071945297598,0.6916276812553406,0.9404152035713196
8731,25.006511402031624,37.500129383153215,12.493617981121591,0.3882880210876465,0.9425840377807617
8732,29.72204156037521,29.72235125044228,0.00030969006706982327,0.9924924969673157,0.9924934506416321
8734,27.516456617736523,27.51667580347625,0.00021918573972712352,0.973219096660614,0.973222553730011
8736,21.296674458428406,21.296544158771198,-0.0001302996572078996,0.9582843780517578,0.9582836031913757
8737,30.956813900395876,30.956427922318568,-0.0003859780773076693,0.9924384951591492,0.992436945438385
8738,22.051453640460252,28.512913182790736,6.461459542330484,0.6057631969451904,0.8422557711601257
8739,29.279880946289385,29.528337481941836,0.2484565356524513,0.8924275040626526,0.9119985699653625
8740,29.31349398570045,37.957752504958975,8.644258519258525,0.752479612827301,0.9682512879371643
8741,26.525069206834736,34.399082082200934,7.874012875366198,0.6795995831489563,0.9514166712760925
8742,33.97607850745683,35.44130961012129,1.465231102664454,0.9040548801422119,0.9640981554985046
8744,24.91042336570751,43.18070958851817,18.27028622281066,0.2340281754732132,0.9764459133148193
8745,36.3863509089055,36.380126523035166,-0.006224385870332583,0.9953077435493469,0.9952816367149353
8746,37.474831910618406,37.47495593325966,0.00012402264125199736,0.9711815714836121,0.971180260181427
8747,31.008587204418617,31.008607612593803,2.0408175185337996e-05,0.9003087878227234,0.9003080725669861
8750,30.800172868977636,38.239297868813225,7.439124999835588,0.8636181950569153,0.981931746006012
8751,31.32638155571586,36.04607183208809,4.71969027637223,0.8326539993286133,0.964958131313324
8753,23.131271283931984,23.130411302432012,-0.0008599814999712407,0.9795535206794739,0.9794533848762512
8755,29.724197992827726,34.217879408632584,4.493681415804858,0.8408148884773254,0.9419342875480652
8757,28.812405257769736,31.264216830207957,2.4518115724382206,0.8465437293052673,0.9088242650032043
8764,30.938374171710677,37.76771797221123,6.829343800500553,0.7289271354675293,0.951363742351532
8766,21.130432856801434,21.359552001219445,0.22911914441801073,0.8807618021965027,0.8924464583396912
8767,30.059144662526855,31.199860873818004,1.1407162112911493,0.836373507976532,0.9071627259254456
8768,22.800439856885752,33.93189640590244,11.13145654901669,0.3900563418865204,0.877414882183075
8770,20.154014223300464,20.496000086425617,0.3419858631251529,0.7539274096488953,0.8993575572967529
8771,24.661521908246065,35.72017327135127,11.058651363105206,0.47733330726623535,0.9398915767669678
8773,28.451777524502436,28.451794515320668,1.699081823147708e-05,0.8882253170013428,0.888225257396698
8774,26.792001212055535,26.8821220226626,0.09012081060706478,0.8505036234855652,0.8984476923942566
8775,30.327723441748073,37.854187034778164,7.5264635930300905,0.8223432898521423,0.9825318455696106
8778,18.043693027191065,31.257433246273052,13.213740219081988,0.24903519451618195,0.918900191783905
8779,42.485692287445396,42.48779194399633,0.0020996565509321385,0.9982929229736328,0.9982924461364746
8781,29.193938062003433,29.193613879664202,-0.0003241823392308163,0.9937441945075989,0.9937435984611511
8784,29.348189777193596,29.34819412843972,4.351246122524799e-06,0.9702393412590027,0.9702394604682922
8785,21.599904697519957,22.39797389925368,0.7980692017337248,0.7544987201690674,0.9035421013832092
8786,24.976938558067168,28.96075191595316,3.9838133578859924,0.5446552634239197,0.9587528109550476
8788,14.604809318084671,32.513350771835114,17.908541453750445,0.07799030095338821,0.8437635898590088
8789,28.967593935340368,29.435316985454698,0.4677230501143299,0.8278760313987732,0.8708431720733643
8791,22.27561757702027,22.283559711466886,0.007942134446615512,0.698525607585907,0.7012403011322021
8792,30.218565820093147,30.398186478357857,0.1796206582647102,0.8838950991630554,0.9107685685157776
8793,28.42538341708289,34.193465898908435,5.7680824818255445,0.8594765663146973,0.96319979429245
8794,29.51869522177503,39.398184010357,9.87948878858197,0.6686926484107971,0.9654603004455566
8795,31.65739649490428,41.04671446994477,9.389317975040488,0.7242652773857117,0.98239666223526
8798,32.60085860707089,37.97181686811753,5.370958261046638,0.9408466815948486,0.9843408465385437
8800,24.914822123665054,26.103126657301114,1.1883045336360603,0.9328745007514954,0.9506780505180359
8804,20.156931925617492,20.242490671869167,0.08555874625167448,0.8994522094726562,0.9332869052886963
8805,33.11975536116602,36.5874575410257,3.4677021798596783,0.8992645144462585,0.9655413627624512
8813,26.00976004845354,34.17940245572113,8.169642407267592,0.7581984400749207,0.9577517509460449
8815,22.99649809208311,25.966801384713463,2.9703032926303514,0.4790709912776947,0.8464929461479187
8818,27.37192917035418,30.78920613739701,3.417276967042831,0.6331948637962341,0.9689638614654541
8819,24.552615626597788,24.552617645820177,2.019222389293418e-06,0.9089272618293762,0.9089295268058777
8820,32.09964065422866,39.810187036025134,7.710546381796476,0.8299147486686707,0.9800615906715393
8823,26.667639037718832,26.66787940222264,0.00024036450380648944,0.9905986785888672,0.9905992150306702
8825,30.197320594768023,35.60563400189713,5.408313407129107,0.8381140828132629,0.9758925437927246
8826,30.694468279053613,36.1325686452004,5.438100366146788,0.8855430483818054,0.9728155732154846
8827,26.33697963570409,36.03853948401503,9.701559848310943,0.584206759929657,0.9458253979682922
8828,24.890658958762284,36.010324223003735,11.119665264241451,0.5235337615013123,0.9468565583229065
8832,34.05273100179062,36.34880862237375,2.2960776205831337,0.8869397640228271,0.9694459438323975
8833,22.406154097676104,25.430868464154912,3.0247143664788076,0.5004682540893555,0.9243881106376648
8834,24.49200665492313,24.492190137150793,0.00018348222766206845,0.959067165851593,0.9590692520141602
8835,22.764292149618957,22.764437003492546,0.00014485387358931234,0.9656586647033691,0.9656618237495422
8837,29.055214970281824,36.53285205559413,7.477637085312303,0.7797049880027771,0.9675375819206238
8839,26.669460411996457,37.57620919133193,10.90674877933547,0.5321979522705078,0.9684395790100098
8840,34.154691065597895,34.15525765056271,0.0005665849648153198,0.9952728152275085,0.9952741265296936
8841,23.542573729054407,23.542533037920634,-4.069113377269673e-05,0.9528741240501404,0.9528744220733643
8842,12.477025645876637,17.837702481757564,5.360676835880927,0.39055386185646057,0.734827995300293
8843,21.202355587221593,22.56578563252118,1.3634300452995873,0.5129422545433044,0.932084858417511
8846,27.256898841877973,39.32147557022838,12.064576728350406,0.5053779482841492,0.9708237051963806
8847,23.119926414232026,24.74166033439577,1.621733920163745,0.7926527857780457,0.9363727569580078
8849,25.26273803768577,33.24011448284829,7.97737644516252,0.6631502509117126,0.925865888595581
8850,35.0849835065858,35.085004294170375,2.0787584574577522e-05,0.9628699421882629,0.962866485118866
8851,30.18481408891585,30.43315852830286,0.24834443938701156,0.8561699986457825,0.8841751217842102
8853,28.3485473939627,28.34854877660314,1.3826404376970913e-06,0.9208423495292664,0.9208419322967529
8855,28.525639078738436,28.525343490778667,-0.0002955879597692501,0.9935579895973206,0.9935576915740967
8857,22.368025154240627,22.37326547060119,0.005240316360563213,0.7461361885070801,0.7463164925575256
8858,30.612929472828977,41.24580361761387,10.632874144784896,0.643435001373291,0.9718239903450012
8860,24.431729978939593,24.451235455799747,0.019505476860153692,0.7881123423576355,0.7954575419425964
8862,36.09021357119468,36.08953238586765,-0.0006811853270320967,0.9991055130958557,0.9990761876106262
8863,26.526456824379974,38.64728176363266,12.120824939252689,0.47817671298980713,0.9630427956581116
8866,29.98119940388051,29.981223063809438,2.3659928928054796e-05,0.9295926094055176,0.929591953754425
8871,35.51827863462052,35.51716458042657,-0.0011140541939553827,0.9801321029663086,0.9801246523857117
8872,25.87295215398771,32.31771909659629,6.444766942608581,0.8554219603538513,0.9650413393974304
8874,24.53256438165578,34.96045846309291,10.427894081437131,0.495346337556839,0.9240684509277344
8875,25.70744681703306,33.20757081758067,7.500124000547608,0.7523209452629089,0.9502550959587097
8876,29.754150806310985,36.9264737328959,7.172322926584915,0.7871857285499573,0.9590265154838562
8878,32.27177546889059,33.7357123380391,1.4639368691485117,0.8451115489006042,0.9307649731636047
8880,32.25937158266845,32.259798185643675,0.0004266029752244549,0.9973844885826111,0.9973840713500977
8882,24.324073180619486,26.896543391824448,2.572470211204962,0.6380437016487122,0.9459128379821777
8883,25.196425109810043,36.63327874746852,11.43685363765848,0.49403682351112366,0.9530835747718811
8884,22.627680870581447,22.63657636078808,0.008895490206633383,0.7718491554260254,0.7753419280052185
8885,22.60683276146182,24.598181030135112,1.991348268673292,0.7667283415794373,0.9489321112632751
8887,26.19210354204283,34.51071524704656,8.318611705003732,0.755471408367157,0.9563148021697998
8888,26.641627465836024,26.64185846156249,0.00023099572646501088,0.9877669811248779,0.9877679944038391
8889,32.61308542207398,41.44594120613427,8.832855784060293,0.7785918116569519,0.9739725589752197
8890,31.069706162965602,39.05136282597007,7.981656663004465,0.7353512644767761,0.9686799645423889
8894,28.13163055702582,36.77041227929602,8.638781722270199,0.6270405650138855,0.9612134099006653
8895,28.063890470232842,28.773524838011937,0.7096343677790955,0.9222156405448914,0.9809800982475281
8896,26.81388401386284,26.813644170442924,-0.00023984341991578617,0.9900922775268555,0.9900920391082764
8897,26.81048132160584,34.92571721405625,8.115235892450407,0.7533003687858582,0.9609624743461609
8900,31.07671107575992,42.23021879590611,11.153507720146191,0.667431116104126,0.9818983674049377
8902,27.22472675608708,27.245607446613427,0.020880690526347223,0.9157968163490295,0.9176647067070007
8903,30.089398653842906,31.694468222244282,1.605069568401376,0.902782142162323,0.9652190804481506
8904,30.069594135279786,30.069232468646312,-0.0003616666334735896,0.9947091937065125,0.9947094917297363
8905,28.183321910705867,39.37050039006572,11.187178479359854,0.5809980034828186,0.967703640460968
8906,32.151367227425716,37.381983766619925,5.230616539194209,0.8937351107597351,0.9717897772789001
8908,26.078474230086893,26.284756790544087,0.2062825604571934,0.7774389386177063,0.7829292416572571
8909,38.60268391383943,39.104528835285514,0.5018449214460858,0.8871435523033142,0.8937426209449768
8910,27.102949855926546,36.89173327326276,9.788783417336212,0.6147357821464539,0.9392016530036926
8911,25.95686668423437,34.84752237767097,8.8906556934366,0.6636545658111572,0.9583549499511719
8912,13.544313105654822,15.014091497349039,1.4697783916942164,0.5141692757606506,0.595163881778717
8913,28.037468171845944,28.037185348011914,-0.00028282383403066547,0.9944576621055603,0.9944590926170349
8915,27.865405069744376,27.943273108429967,0.07786803868559034,0.807380735874176,0.8158461451530457
8917,27.359740474346236,27.890526748025152,0.5307862736789168,0.7585361003875732,0.835395872592926
8919,30.871797637369255,30.871831008401955,3.337103269984709e-05,0.9253992438316345,0.9253990650177002
8920,21.671881928784487,21.67270880615668,0.0008268773721944456,0.8810843825340271,0.8813069462776184
8922,30.643873845163622,31.22679563143063,0.5829217862670077,0.8456109166145325,0.894244372844696
8924,23.944636807561892,23.944627779590377,-9.02797151525192e-06,0.8215155601501465,0.8215131759643555
8925,24.664359416383853,34.90241474375162,10.238055327367768,0.5318222045898438,0.9224669337272644
8926,24.384431050828287,25.957538336688394,1.5731072858601074,0.626885175704956,0.71360844373703
8928,30.145396603650696,30.145429540064548,3.29364138522692e-05,0.9444718360900879,0.9444718956947327
8929,30.0690043875629,30.068573429206836,-0.00043095835606266064,0.9925279021263123,0.9925270080566406
8930,20.062355542921814,21.856883387704436,1.7945278447826212,0.4640965759754181,0.922907829284668
8932,27.196091235807295,35.21703944410267,8.020948208295373,0.7299861311912537,0.956045925617218
8936,33.411138211117176,35.66056642845231,2.2494282173351365,0.8745031356811523,0.9483793377876282
8941,25.553527419508054,35.95703279394912,10.403505374441064,0.48008906841278076,0.9564707279205322
8943,19.649315552515393,21.22847135504187,1.5791558025264756,0.4265231192111969,0.9426255822181702
8945,27.85416937489744,29.125316680499292,1.2711473056018505,0.8337109088897705,0.9797549247741699
8948,32.40740498810974,39.846127816991775,7.438722828882035,0.8399045467376709,0.9786342978477478
8949,41.29106982552617,41.29136122354558,0.0002913980194065857,0.991184651851654,0.9911840558052063
8950,23.786774689710974,23.786852558188613,7.786847763924243e-05,0.9030637741088867,0.9030765891075134
8951,25.293020809163266,36.53111248854687,11.2380916793836,0.47159090638160706,0.9415236115455627
8953,28.17969305298769,28.40377089196142,0.22407783897372724,0.8952834010124207,0.9177753329277039
8954,29.059218314389064,38.69230773882992,9.633089424440854,0.6801819801330566,0.9739370942115784
8956,25.18336969103974,33.97203091020833,8.788661219168592,0.5442632436752319,0.8896398544311523
8957,24.99817779099555,35.836081294217195,10.837903503221646,0.49165186285972595,0.9623692035675049
8958,29.847930322771315,29.89063493431354,0.0427046115422236,0.8971787095069885,0.8981053233146667
8961,27.993529340436638,36.56658295936447,8.57305361892783,0.7241852283477783,0.9609505534172058
8966,30.665400476135723,31.222420054075762,0.5570195779400393,0.9393489360809326,0.9490790367126465
8967,31.381015359361925,31.381050102395164,3.474303323969252e-05,0.9466728568077087,0.9466740489006042
8970,26.923708173466665,36.51977163513547,9.596063461668805,0.6183910965919495,0.962663471698761
8971,25.407684450207032,37.26659810923776,11.85891365903073,0.4694647789001465,0.9495169520378113
8972,21.717253228625793,22.362251794842756,0.6449985662169624,0.7674922943115234,0.9533002972602844
8974,32.930503666154436,37.781688876811536,4.8511852106571,0.9341493248939514,0.9817207455635071
8977,37.73923241609672,37.740299010689604,0.0010665945928849396,0.9975757002830505,0.9975741505622864
8978,25.75210253047071,25.780362861105658,0.028260330634946484,0.7469234466552734,0.7498691082000732
8979,48.23919021738993,48.20927888670447,-0.029911330685465032,0.9997175335884094,0.9997055530548096
8980,25.540629177832965,27.000915549190108,1.4602863713571423,0.7765557169914246,0.9702909588813782
8982,32.08446142942274,32.104402757697244,0.019941328274505565,0.95928955078125,0.9594388008117676
8983,21.901108950259992,21.901819267533938,0.0007103172739455488,0.7510772347450256,0.7512319087982178
8984,22.785815900000767,22.79137804962466,0.005562149623894896,0.8211228251457214,0.822195827960968
8985,40.71039392882821,40.71063694725034,0.00024301842213247937,0.9396138191223145,0.9396140575408936
8986,29.461194947357047,29.46089931146657,-0.00029563589047754135,0.9844605326652527,0.9844613075256348
8987,26.58651040159747,34.85180423627933,8.26529383468186,0.5383976101875305,0.9320440292358398
8988,22.473623451158232,22.473485834616646,-0.0001376165415862829,0.8794546127319336,0.8794533610343933
8989,25.266102731410296,34.187837243654535,8.921734512244239,0.6036553978919983,0.9246568083763123
8992,37.31443102022521,37.312986417702085,-0.0014446025231222848,0.9990217685699463,0.9990186095237732
8996,21.905119520658832,22.773918807580095,0.8687992869212628,0.7551579475402832,0.9308264851570129
8997,28.721189678165736,28.948034153068882,0.22684447490314597,0.762921154499054,0.7868397235870361
8998,22.093197940955996,22.994674063524077,0.9014761225680807,0.5912864804267883,0.9171426296234131
8999,26.074526283647334,36.30161696840506,10.227090684757723,0.5629569888114929,0.9494900107383728
